customer_id,signup_date,churn_date,segment,state,age,income_band
1,2023-05-11,,Standard,MA,68,Low
2,2024-01-01,,Gold,FL,66,Medium
3,2023-11-11,,Standard,CA,52,Medium
4,2021-05-02,,Platinum,NY,25,Medium
5,2022-04-12,,Standard,AZ,66,Low
6,2021-11-27,2023-11-28,Standard,FL,37,Medium
7,2021-03-29,,Gold,NC,32,Medium
8,2023-05-22,,Standard,NC,72,Medium
9,2021-05-11,,Gold,TX,32,Medium
10,2023-02-09,,Gold,AZ,55,Low
11,2021-12-10,,Standard,MA,41,Medium
12,2023-03-17,,Gold,NC,41,Medium
13,2022-01-21,2022-12-03,Standard,GA,22,Medium
14,2023-08-14,,Standard,TX,73,Low
15,2021-10-04,,Standard,IL,41,Medium
16,2022-04-05,,Gold,WA,35,High
17,2021-01-22,2023-01-15,Standard,TX,31,High
18,2021-09-10,,Gold,TX,30,Medium
19,2023-01-18,,Standard,NC,38,Medium
20,2023-05-07,2025-02-10,Gold,FL,43,Medium
21,2022-04-20,,Standard,AZ,51,Low
22,2023-12-19,2025-06-11,Gold,IL,74,Medium
23,2022-05-26,,Standard,GA,46,Low
24,2022-12-01,,Standard,FL,73,Low
25,2023-09-03,,Standard,NY,22,High
26,2021-07-09,2022-04-20,Gold,NC,59,High
27,2023-08-16,,Standard,AZ,27,High
28,2022-11-18,2023-09-07,Gold,CA,44,Low
29,2023-08-16,2025-02-13,Standard,GA,59,High
30,2022-07-17,2023-06-28,Gold,FL,52,Low
31,2023-04-12,2024-12-20,Standard,GA,46,Medium
32,2022-10-09,,Standard,AZ,43,Medium
33,2021-01-21,2022-01-17,Standard,NY,34,Medium
34,2023-04-21,,Standard,NY,49,High
35,2021-06-16,,Standard,GA,45,Medium
36,2022-01-23,,Platinum,NY,51,Medium
37,2022-08-24,,Platinum,FL,22,Low
38,2021-11-12,,Gold,GA,22,High
39,2021-01-14,,Standard,FL,43,Medium
40,2021-08-30,2021-12-06,Standard,NY,67,Medium
41,2023-02-16,,Gold,MA,31,Medium
42,2022-07-19,2024-11-15,Standard,WA,49,Medium
43,2023-06-17,2024-04-02,Platinum,CA,62,Medium
44,2021-04-02,2021-08-28,Standard,NC,55,Low
45,2023-08-14,,Platinum,AZ,69,Medium
46,2022-05-24,2023-09-18,Standard,CA,29,High
47,2023-02-15,,Gold,FL,52,High
48,2021-02-04,2023-02-15,Standard,WA,50,Low
49,2021-07-25,,Gold,WA,35,Low
50,2023-10-23,2024-05-18,Standard,MA,34,Medium
51,2023-10-19,2025-07-22,Gold,IL,71,Medium
52,2022-07-20,,Gold,IL,37,Medium
53,2022-12-04,2024-04-05,Standard,FL,42,Medium
54,2022-02-06,,Standard,WA,72,High
55,2022-12-31,,Standard,MA,50,Medium
56,2021-06-11,2022-08-05,Standard,NC,37,Low
57,2021-07-21,,Standard,NC,36,High
58,2023-09-23,2024-09-13,Standard,CA,72,Medium
59,2021-09-27,,Standard,GA,28,Medium
60,2023-03-27,2024-11-25,Gold,AZ,59,Medium
61,2022-04-01,,Gold,MA,51,Medium
62,2023-10-14,2025-12-06,Standard,GA,32,Medium
63,2021-10-23,,Gold,NY,53,Medium
64,2022-12-21,,Gold,NC,32,Medium
65,2021-12-04,,Standard,FL,45,Medium
66,2023-05-29,,Standard,MA,58,Low
67,2023-12-13,,Standard,WA,68,Low
68,2023-03-03,,Gold,TX,38,Medium
69,2021-08-05,2023-02-25,Gold,TX,39,High
70,2023-02-03,2023-09-14,Standard,NC,23,Low
71,2021-07-07,2023-08-28,Gold,MA,55,Low
72,2022-01-15,,Standard,GA,25,Medium
73,2022-05-08,,Standard,GA,55,Medium
74,2023-12-01,,Gold,MA,71,Medium
75,2021-01-15,2022-04-04,Gold,AZ,47,Low
76,2021-03-06,,Standard,NC,57,Low
77,2022-06-05,2024-04-08,Standard,NY,66,Medium
78,2022-10-10,,Platinum,CA,41,Medium
79,2023-12-23,,Standard,MA,36,High
80,2022-08-16,,Gold,AZ,48,Medium
81,2022-01-27,,Standard,TX,45,Medium
82,2022-02-23,,Standard,GA,53,High
83,2021-10-16,2023-05-26,Standard,FL,37,Low
84,2022-01-14,,Standard,NC,63,Medium
85,2021-08-19,2023-08-03,Gold,GA,50,Low
86,2023-10-15,,Standard,NY,61,Medium
87,2021-02-10,,Standard,AZ,73,Low
88,2023-11-18,2024-06-01,Standard,TX,24,Low
89,2021-05-15,2022-05-29,Standard,NY,22,High
90,2021-07-20,,Platinum,CA,29,Medium
91,2023-02-19,,Gold,IL,74,High
92,2023-07-19,,Standard,FL,51,Medium
93,2023-11-23,2025-11-10,Gold,CA,45,Medium
94,2023-12-08,2025-11-28,Gold,NC,57,Low
95,2022-05-18,,Gold,GA,56,Medium
96,2022-02-11,,Standard,WA,25,Medium
97,2023-03-16,2023-11-07,Standard,WA,44,Low
98,2021-04-09,,Standard,TX,44,Medium
99,2022-11-15,2024-01-05,Gold,MA,49,Low
100,2022-12-27,,Gold,GA,70,Medium
101,2023-08-19,,Standard,WA,65,Medium
102,2022-09-05,,Standard,AZ,51,High
103,2022-10-05,,Standard,IL,57,Low
104,2023-10-26,,Standard,TX,39,Medium
105,2022-05-18,2023-10-04,Platinum,FL,43,Medium
106,2023-02-06,2023-12-02,Standard,CA,55,Low
107,2022-02-02,,Standard,CA,74,Medium
108,2023-05-21,,Platinum,WA,70,Low
109,2023-03-06,,Standard,TX,26,Low
110,2022-01-28,,Gold,WA,26,Low
111,2021-07-26,,Standard,CA,57,High
112,2023-11-05,2024-11-24,Standard,NC,50,Low
113,2023-06-11,,Standard,NY,21,Medium
114,2023-05-14,,Gold,GA,28,Low
115,2023-01-13,,Standard,TX,48,Low
116,2022-07-18,,Standard,AZ,45,Low
117,2023-10-18,2025-02-16,Gold,WA,53,Medium
118,2021-04-06,,Standard,WA,73,Low
119,2022-04-30,,Standard,MA,58,Low
120,2021-08-19,,Standard,IL,72,High
121,2023-01-19,2023-07-30,Standard,FL,34,Medium
122,2022-06-25,2024-06-19,Gold,WA,31,Low
123,2023-11-26,2026-03-21,Gold,AZ,22,Medium
124,2022-06-09,2024-01-27,Platinum,FL,73,Low
125,2022-08-01,,Gold,IL,50,Medium
126,2022-11-13,,Standard,MA,50,Medium
127,2022-07-11,,Gold,WA,24,Low
128,2023-10-10,,Standard,FL,33,Low
129,2022-10-08,,Standard,FL,27,Medium
130,2023-03-07,2023-12-30,Standard,NC,58,High
131,2023-11-18,,Standard,FL,23,Low
132,2021-07-09,,Gold,CA,29,Low
133,2022-09-25,2024-02-24,Standard,IL,34,Medium
134,2022-09-20,2024-01-15,Standard,AZ,72,Medium
135,2023-08-31,,Standard,MA,31,Low
136,2022-12-11,,Standard,IL,57,Low
137,2022-10-11,,Standard,NY,34,Low
138,2021-11-14,2022-05-31,Gold,CA,39,Low
139,2022-11-15,,Standard,MA,28,Medium
140,2022-10-26,,Gold,NY,27,Low
141,2022-03-18,2023-05-29,Standard,FL,27,Medium
142,2022-07-18,,Standard,IL,23,High
143,2023-08-10,2023-12-27,Gold,AZ,23,Medium
144,2022-11-30,,Gold,MA,38,Medium
145,2021-04-23,2021-11-03,Standard,GA,65,Medium
146,2021-01-02,2022-05-26,Gold,NY,53,Medium
147,2022-10-04,2024-01-09,Platinum,NC,57,High
148,2021-08-08,2021-12-02,Platinum,CA,48,Medium
149,2023-05-05,,Gold,CA,56,Medium
150,2022-01-20,2024-06-27,Gold,NC,36,Low
151,2023-12-13,,Standard,CA,35,Medium
152,2022-12-31,2025-05-07,Gold,TX,49,Medium
153,2021-09-04,,Standard,TX,38,Low
154,2023-04-16,,Platinum,MA,69,Medium
155,2021-07-22,2022-07-19,Standard,GA,66,Medium
156,2021-05-03,,Standard,AZ,66,Medium
157,2022-02-05,2024-02-13,Standard,FL,39,High
158,2023-02-06,,Standard,TX,49,Low
159,2021-10-21,,Standard,NY,26,Low
160,2021-10-07,,Standard,NC,65,High
161,2023-06-03,,Gold,IL,70,High
162,2021-07-17,,Gold,GA,67,Medium
163,2023-09-09,2024-11-11,Standard,AZ,47,Low
164,2023-01-22,2024-02-16,Gold,NY,27,Medium
165,2021-05-24,,Standard,GA,47,Low
166,2022-09-01,,Standard,NC,39,High
167,2021-07-06,,Gold,NY,37,Medium
168,2022-04-09,,Gold,NC,61,Low
169,2022-10-22,,Standard,AZ,31,High
170,2023-02-03,,Standard,CA,25,Medium
171,2023-08-13,,Standard,FL,22,High
172,2022-02-07,,Standard,FL,67,High
173,2021-05-27,,Standard,WA,32,Low
174,2023-05-14,2024-12-03,Platinum,TX,62,Low
175,2022-05-04,2024-01-27,Gold,MA,62,Medium
176,2023-07-18,,Gold,IL,72,High
177,2022-07-05,2024-04-11,Standard,NC,31,High
178,2021-12-04,,Gold,WA,30,Medium
179,2023-05-22,,Standard,WA,48,Low
180,2022-10-03,,Standard,WA,27,Low
181,2022-04-18,,Standard,NC,34,Medium
182,2021-05-31,,Gold,AZ,33,Medium
183,2021-09-20,,Platinum,NC,25,Medium
184,2021-05-24,,Standard,FL,71,Medium
185,2021-12-12,,Standard,NC,62,Medium
186,2022-09-16,,Standard,AZ,28,High
187,2023-10-14,,Gold,GA,70,Medium
188,2023-05-31,,Standard,FL,21,Low
189,2021-01-02,,Standard,CA,25,Medium
190,2023-06-16,,Gold,NY,31,High
191,2021-09-11,,Standard,CA,72,Medium
192,2022-03-29,,Standard,MA,63,Low
193,2023-11-27,,Standard,CA,68,Low
194,2023-10-12,,Gold,FL,30,Low
195,2021-01-09,,Standard,CA,35,Low
196,2023-03-27,,Platinum,TX,59,Medium
197,2021-07-27,,Gold,CA,67,Low
198,2022-02-08,,Standard,IL,49,Medium
199,2021-06-01,,Standard,MA,45,Low
200,2021-02-23,,Standard,NY,68,Low
201,2022-09-20,2023-09-09,Standard,AZ,26,Medium
202,2022-08-10,,Platinum,IL,31,Medium
203,2021-04-14,,Gold,IL,37,Low
204,2021-09-11,,Standard,IL,35,High
205,2022-05-25,,Standard,AZ,36,Low
206,2021-04-09,,Standard,TX,22,Medium
207,2021-06-02,,Standard,TX,56,Medium
208,2023-07-03,2025-03-25,Standard,AZ,39,High
209,2023-05-28,,Standard,GA,58,Medium
210,2021-12-04,,Platinum,NC,70,Medium
211,2023-04-02,2025-02-15,Standard,NC,41,Medium
212,2023-08-15,2024-04-26,Standard,TX,31,Medium
213,2021-06-10,,Gold,FL,61,Medium
214,2023-03-12,,Standard,AZ,23,Low
215,2022-02-02,2023-03-14,Standard,TX,54,High
216,2023-03-27,,Standard,FL,38,Low
217,2022-02-05,,Standard,NC,35,High
218,2022-10-02,,Platinum,CA,45,Medium
219,2023-11-23,,Platinum,TX,74,High
220,2022-11-19,,Platinum,MA,70,Medium
221,2022-04-05,,Gold,CA,71,Low
222,2023-08-13,,Standard,CA,35,Low
223,2022-04-15,,Platinum,TX,50,High
224,2023-11-12,2024-02-10,Platinum,FL,37,Medium
225,2023-01-20,,Standard,MA,38,Medium
226,2021-02-07,2023-06-07,Standard,FL,51,Low
227,2021-08-18,2022-08-03,Standard,IL,70,High
228,2022-07-17,2022-12-16,Standard,FL,63,Low
229,2022-03-14,2023-10-07,Standard,FL,38,Low
230,2021-01-27,,Platinum,GA,55,High
231,2021-08-14,2023-09-18,Platinum,WA,33,High
232,2023-03-09,,Standard,NY,34,Low
233,2021-10-11,,Standard,WA,56,High
234,2023-05-29,,Gold,MA,38,Low
235,2023-08-18,2024-10-01,Gold,MA,25,Low
236,2022-03-29,,Standard,AZ,34,High
237,2023-10-17,,Gold,FL,45,Medium
238,2023-03-27,,Gold,CA,64,Low
239,2022-10-21,,Platinum,WA,59,Low
240,2022-07-01,,Standard,AZ,32,Low
241,2023-12-09,,Standard,IL,60,Medium
242,2021-01-17,,Platinum,NY,73,High
243,2021-06-07,,Standard,FL,73,Low
244,2022-04-22,2023-02-06,Gold,AZ,48,High
245,2023-12-06,,Standard,WA,55,Low
246,2022-06-02,2023-04-09,Standard,IL,74,Medium
247,2021-04-09,,Standard,GA,21,Low
248,2023-11-27,,Standard,NC,23,Medium
249,2021-10-07,,Platinum,NY,63,Low
250,2022-05-12,,Standard,MA,70,High
251,2021-10-29,,Gold,GA,27,Low
252,2021-06-30,,Gold,FL,29,Medium
253,2022-08-30,,Standard,NC,56,High
254,2022-12-01,,Gold,NC,43,Medium
255,2023-09-20,2024-05-18,Standard,NY,44,Low
256,2021-07-10,,Gold,CA,30,Medium
257,2021-09-10,,Standard,GA,70,High
258,2023-09-08,2025-09-10,Standard,CA,68,Medium
259,2023-07-17,,Standard,TX,32,Low
260,2021-05-08,2023-04-23,Gold,GA,39,Medium
261,2021-01-18,,Platinum,IL,52,High
262,2022-07-20,,Standard,FL,44,Low
263,2022-07-24,,Standard,GA,42,Medium
264,2022-11-17,2024-05-21,Standard,GA,23,Medium
265,2022-09-18,2023-07-21,Gold,TX,60,Low
266,2023-05-04,2024-02-13,Standard,NY,47,Medium
267,2023-08-20,,Gold,NY,39,High
268,2021-06-04,,Standard,IL,29,Low
269,2022-05-05,,Standard,NY,71,Medium
270,2023-02-24,,Gold,NC,69,High
271,2021-09-03,,Gold,WA,33,Low
272,2023-11-29,,Gold,TX,22,Low
273,2023-01-29,,Standard,WA,56,High
274,2022-06-22,,Gold,WA,49,Medium
275,2023-07-10,,Standard,TX,31,Low
276,2022-02-12,2024-07-13,Platinum,WA,54,Low
277,2022-06-09,2023-03-27,Standard,WA,24,Medium
278,2023-04-08,,Standard,WA,24,Medium
279,2023-06-22,2025-06-27,Standard,IL,72,Medium
280,2021-02-05,,Standard,MA,21,High
281,2022-11-16,,Standard,IL,45,Medium
282,2021-01-20,,Gold,CA,46,High
283,2021-11-17,,Gold,GA,31,Medium
284,2022-05-27,2023-04-15,Platinum,NY,43,Low
285,2022-02-04,,Standard,TX,22,Medium
286,2022-10-16,,Standard,NC,39,Medium
287,2023-08-30,,Gold,WA,49,Low
288,2022-04-16,,Standard,AZ,60,Low
289,2023-04-14,,Standard,TX,72,Medium
290,2022-12-28,,Gold,FL,24,Medium
291,2023-05-04,,Standard,TX,36,High
292,2021-02-20,2021-10-08,Standard,GA,67,High
293,2022-07-29,,Gold,NC,57,Low
294,2021-05-30,,Standard,TX,47,Medium
295,2021-11-10,,Gold,NC,25,Low
296,2022-07-24,,Standard,TX,35,Low
297,2021-11-01,,Gold,IL,43,Low
298,2022-11-13,,Standard,IL,69,Medium
299,2023-04-18,,Gold,MA,23,Low
300,2023-12-14,2026-02-18,Standard,CA,38,Medium
301,2023-09-30,,Gold,TX,63,Low
302,2022-03-20,2023-10-28,Standard,WA,46,Medium
303,2022-09-05,2024-06-10,Standard,TX,26,High
304,2023-09-20,,Gold,FL,64,High
305,2021-09-21,,Standard,NC,74,Medium
306,2023-12-13,,Standard,WA,37,Medium
307,2023-10-01,2024-02-24,Standard,MA,66,Medium
308,2021-01-05,,Standard,NC,58,Medium
309,2023-02-13,,Standard,IL,62,Medium
310,2023-05-27,,Standard,AZ,68,Low
311,2023-09-19,,Standard,WA,70,Medium
312,2023-06-03,,Gold,IL,47,Medium
313,2021-02-16,,Standard,FL,40,Medium
314,2023-05-17,,Standard,WA,26,Medium
315,2023-04-03,2024-11-16,Platinum,WA,71,Medium
316,2023-07-25,,Gold,WA,55,Medium
317,2022-10-18,,Standard,CA,32,Low
318,2021-09-26,,Standard,WA,68,Low
319,2022-01-05,2022-08-24,Platinum,CA,23,Medium
320,2022-09-28,,Standard,IL,68,Low
321,2022-10-19,,Standard,MA,24,Low
322,2021-04-30,,Standard,CA,72,High
323,2023-04-11,2025-06-30,Gold,CA,65,Medium
324,2023-12-18,,Standard,WA,24,High
325,2023-01-11,,Gold,MA,24,High
326,2021-04-27,,Gold,WA,59,High
327,2023-03-02,2025-01-03,Standard,IL,41,Low
328,2023-10-10,,Gold,WA,64,Low
329,2023-12-18,,Standard,NY,22,Low
330,2022-09-26,2024-12-29,Standard,GA,36,Low
331,2022-05-28,2024-02-15,Standard,IL,27,Medium
332,2023-03-13,,Standard,TX,39,Medium
333,2022-07-14,2024-07-12,Standard,NC,63,High
334,2022-05-03,2022-11-14,Standard,NC,53,High
335,2023-06-16,,Standard,MA,29,Medium
336,2022-12-05,,Standard,NY,57,Medium
337,2022-08-04,2023-04-15,Standard,CA,37,Low
338,2023-03-01,,Gold,NY,47,Medium
339,2023-05-11,2024-03-10,Standard,GA,53,High
340,2021-09-04,2022-02-11,Gold,IL,69,Low
341,2021-06-03,2023-08-17,Standard,MA,32,Medium
342,2023-09-24,,Standard,NY,65,High
343,2022-11-28,2024-12-21,Standard,FL,31,Low
344,2023-12-29,2025-10-27,Standard,CA,33,High
345,2023-12-07,,Standard,NY,51,Low
346,2023-10-06,,Standard,MA,33,High
347,2021-04-04,2021-09-30,Platinum,FL,58,Medium
348,2023-08-16,,Platinum,TX,46,Low
349,2023-10-09,2026-02-16,Standard,IL,51,Low
350,2022-03-29,,Gold,IL,42,Medium
351,2023-07-01,,Standard,TX,26,High
352,2021-08-06,,Standard,WA,40,Medium
353,2022-04-19,,Gold,NC,41,High
354,2022-03-08,,Standard,FL,30,High
355,2021-12-07,2022-10-20,Standard,CA,39,Low
356,2022-07-05,,Standard,NY,55,Medium
357,2021-12-23,2022-06-09,Standard,GA,46,Medium
358,2021-01-23,,Standard,NC,27,Medium
359,2022-06-06,,Standard,MA,57,Low
360,2023-03-13,,Standard,WA,28,Low
361,2023-02-01,,Standard,CA,25,Medium
362,2022-03-18,,Gold,GA,64,Low
363,2023-02-08,,Standard,GA,56,Medium
364,2023-10-13,2025-09-09,Gold,CA,71,High
365,2022-05-31,,Gold,WA,48,Low
366,2023-11-06,,Gold,MA,70,Medium
367,2023-03-03,,Gold,TX,23,Medium
368,2021-12-02,,Standard,NC,59,Low
369,2021-09-15,2022-11-27,Standard,AZ,28,Medium
370,2022-05-12,,Standard,AZ,35,Low
371,2023-06-15,,Platinum,WA,73,Low
372,2021-06-09,2022-05-10,Standard,GA,47,Low
373,2023-05-02,,Standard,NY,69,Medium
374,2022-11-21,,Standard,TX,71,Medium
375,2022-01-15,,Platinum,TX,56,Medium
376,2023-08-15,,Standard,WA,36,Low
377,2022-11-22,2023-11-18,Standard,MA,46,High
378,2023-12-03,,Standard,WA,65,High
379,2021-10-12,,Platinum,NY,64,Medium
380,2022-02-01,,Standard,IL,24,Low
381,2021-01-12,,Standard,AZ,32,Low
382,2022-05-14,2023-09-18,Gold,WA,37,High
383,2023-01-24,2025-02-20,Standard,TX,61,Low
384,2021-02-04,,Gold,MA,64,Low
385,2022-12-28,,Standard,AZ,46,Medium
386,2023-04-29,,Standard,FL,51,Medium
387,2021-03-31,2021-10-22,Gold,CA,35,Medium
388,2023-02-15,,Platinum,TX,72,Low
389,2022-08-28,,Standard,FL,54,Medium
390,2023-08-28,,Standard,MA,49,Medium
391,2023-10-19,2025-03-26,Gold,TX,29,Medium
392,2022-02-22,,Standard,WA,34,Low
393,2021-04-25,,Platinum,TX,56,Medium
394,2022-09-09,,Platinum,MA,24,Medium
395,2023-04-06,,Standard,TX,58,Medium
396,2022-02-17,,Platinum,NY,57,Medium
397,2022-12-30,,Standard,GA,44,Low
398,2023-10-18,,Gold,FL,37,Low
399,2023-01-31,2024-10-11,Standard,IL,33,Low
400,2022-11-07,,Gold,GA,40,Medium
401,2022-04-02,2023-09-15,Gold,MA,37,Medium
402,2023-07-09,,Gold,AZ,71,Medium
403,2021-07-11,,Platinum,NY,47,Low
404,2023-01-09,,Standard,FL,53,High
405,2023-09-05,,Standard,MA,41,Low
406,2023-10-06,2024-06-23,Gold,FL,37,Medium
407,2021-04-06,,Gold,TX,42,Low
408,2022-10-25,,Platinum,NC,45,Medium
409,2021-02-06,2021-05-22,Platinum,WA,23,Medium
410,2021-10-06,,Standard,GA,47,High
411,2021-08-05,2023-11-24,Standard,TX,47,Medium
412,2023-05-17,,Standard,CA,66,Low
413,2023-05-23,,Gold,AZ,32,Medium
414,2021-03-03,2021-07-26,Standard,CA,35,Medium
415,2022-08-19,,Gold,CA,58,High
416,2022-12-30,2024-11-09,Standard,NY,40,Low
417,2022-02-01,2022-08-12,Standard,IL,42,Medium
418,2022-11-30,2023-12-08,Standard,GA,22,Low
419,2023-11-09,,Standard,NC,24,Medium
420,2021-06-26,,Gold,TX,65,Low
421,2022-01-31,,Standard,CA,33,Medium
422,2022-03-21,2024-05-23,Standard,CA,52,Medium
423,2021-03-17,2022-11-13,Standard,AZ,42,Low
424,2021-09-22,,Gold,NC,45,Medium
425,2022-03-31,,Gold,NC,47,Medium
426,2022-12-19,,Standard,NC,37,Low
427,2023-01-05,2024-12-12,Gold,TX,26,Low
428,2023-05-01,,Standard,GA,63,Medium
429,2021-05-24,,Standard,GA,71,Medium
430,2023-06-04,,Gold,TX,36,Medium
431,2023-12-29,,Standard,NY,28,Medium
432,2022-01-31,2023-02-02,Gold,TX,53,High
433,2023-11-15,,Standard,WA,30,Low
434,2023-08-06,,Platinum,MA,54,Medium
435,2023-06-10,,Standard,WA,39,Medium
436,2022-07-23,,Standard,NY,34,High
437,2023-11-29,,Platinum,NY,23,Medium
438,2021-04-19,,Standard,TX,61,Medium
439,2023-12-02,2025-11-02,Standard,TX,43,Low
440,2023-07-24,,Standard,IL,60,High
441,2022-02-02,,Standard,AZ,31,Medium
442,2022-09-26,,Standard,WA,67,Medium
443,2023-01-03,,Standard,GA,26,Low
444,2021-08-23,2023-12-10,Gold,IL,54,High
445,2022-10-20,,Standard,NC,21,Medium
446,2023-01-21,,Gold,FL,55,Low
447,2022-08-11,2023-08-04,Standard,GA,45,Low
448,2023-10-30,,Standard,NC,49,Medium
449,2023-08-12,2024-12-13,Standard,IL,43,Low
450,2022-05-07,,Standard,CA,38,Medium
451,2023-07-02,,Standard,IL,34,High
452,2021-06-19,,Standard,IL,37,Medium
453,2023-08-04,,Standard,IL,22,High
454,2023-03-06,,Standard,TX,51,Medium
455,2022-09-26,,Standard,WA,39,Medium
456,2021-01-29,,Standard,IL,52,Medium
457,2021-12-05,,Gold,TX,74,Medium
458,2022-05-15,,Standard,NC,48,Medium
459,2022-05-26,2024-01-08,Standard,AZ,61,Medium
460,2021-08-05,,Standard,WA,28,High
461,2023-12-30,2024-06-22,Standard,NC,62,Medium
462,2022-03-21,,Standard,NY,61,High
463,2023-05-26,,Platinum,GA,60,Medium
464,2021-06-16,,Gold,FL,59,Medium
465,2021-04-01,,Gold,NY,42,Medium
466,2022-12-15,,Gold,MA,44,Medium
467,2021-02-08,,Standard,AZ,58,Low
468,2021-06-22,2022-08-05,Standard,MA,22,Medium
469,2022-10-15,2023-02-13,Gold,CA,61,High
470,2023-01-24,2024-03-24,Standard,CA,61,Low
471,2023-12-18,,Standard,IL,39,High
472,2022-04-21,2022-09-08,Gold,AZ,61,Low
473,2022-04-01,,Gold,NC,22,Medium
474,2023-04-09,,Standard,NY,48,Medium
475,2023-06-14,2023-11-29,Standard,AZ,52,Low
476,2023-10-22,,Gold,NY,39,Low
477,2022-01-22,,Gold,FL,36,Medium
478,2021-12-14,2024-02-09,Gold,NC,50,Low
479,2021-07-09,,Platinum,MA,42,Low
480,2022-05-20,,Standard,NY,34,Low
481,2023-04-04,,Standard,FL,72,Low
482,2023-07-18,,Standard,AZ,21,Low
483,2023-07-23,,Standard,FL,65,Medium
484,2021-05-14,,Platinum,GA,74,High
485,2021-02-27,2021-11-17,Platinum,FL,22,Low
486,2022-11-16,,Standard,FL,42,Low
487,2022-11-03,,Standard,IL,66,Medium
488,2021-06-22,2023-05-30,Standard,CA,53,Low
489,2023-03-26,,Gold,MA,35,Medium
490,2021-03-21,,Standard,GA,70,Low
491,2023-06-05,,Standard,GA,61,Low
492,2021-07-22,,Standard,CA,42,Low
493,2023-02-03,,Standard,WA,60,Low
494,2021-02-16,,Platinum,NY,59,Medium
495,2022-10-18,,Standard,FL,61,Low
496,2022-04-16,,Standard,AZ,61,High
497,2023-08-29,,Standard,FL,31,Medium
498,2023-11-02,,Standard,AZ,24,High
499,2023-01-06,,Gold,FL,27,Low
500,2023-02-23,,Standard,GA,41,Low
501,2023-08-26,,Standard,WA,27,Medium
502,2021-12-24,,Gold,CA,24,Low
503,2023-08-30,2025-04-11,Standard,NC,32,High
504,2022-10-30,,Gold,TX,47,Medium
505,2022-01-08,,Standard,MA,37,Medium
506,2023-10-29,2025-08-23,Standard,NC,40,Low
507,2022-11-07,,Gold,MA,51,Medium
508,2021-03-31,,Gold,NY,46,Medium
509,2022-11-29,,Standard,CA,51,Medium
510,2022-06-24,2022-12-06,Standard,AZ,55,Low
511,2023-01-02,,Standard,NC,29,High
512,2023-05-19,,Standard,NC,25,High
513,2021-02-10,2022-03-22,Standard,MA,72,High
514,2023-01-10,,Gold,NC,68,Medium
515,2022-05-17,,Standard,AZ,28,Medium
516,2023-08-17,2024-11-21,Standard,CA,41,Low
517,2023-07-18,,Standard,NY,36,High
518,2022-04-06,,Standard,TX,71,High
519,2023-01-02,,Gold,CA,36,Low
520,2023-01-22,2023-07-11,Standard,IL,38,Medium
521,2023-07-14,2025-07-12,Standard,NY,67,High
522,2023-06-28,2025-08-20,Platinum,NC,48,Low
523,2022-01-25,,Standard,AZ,38,Low
524,2023-06-02,,Standard,WA,34,High
525,2021-09-13,2024-01-05,Standard,NC,68,High
526,2022-12-10,2025-02-03,Platinum,GA,57,High
527,2022-03-26,,Platinum,GA,60,Low
528,2021-01-10,,Standard,WA,36,Low
529,2023-04-04,,Standard,TX,41,Medium
530,2023-03-09,,Platinum,GA,21,Medium
531,2023-05-27,,Standard,TX,31,Low
532,2023-10-26,2026-01-24,Standard,NY,31,High
533,2023-10-13,,Gold,WA,22,High
534,2022-01-09,,Standard,TX,52,Low
535,2023-12-25,,Standard,IL,74,Low
536,2021-05-26,,Gold,TX,39,Low
537,2021-08-12,2022-01-19,Standard,FL,25,Medium
538,2021-06-26,2023-07-21,Standard,NY,23,Low
539,2023-05-03,,Standard,IL,48,Medium
540,2021-03-04,2023-06-28,Standard,WA,46,Medium
541,2023-04-07,2025-04-17,Standard,MA,43,High
542,2023-03-06,2023-08-13,Standard,NC,50,Low
543,2022-11-20,2023-04-04,Gold,AZ,28,Medium
544,2021-04-15,,Gold,GA,56,Medium
545,2022-05-26,2022-10-09,Standard,FL,49,Medium
546,2022-01-20,,Gold,FL,33,High
547,2022-02-09,,Gold,MA,45,Medium
548,2023-04-03,,Gold,NC,42,High
549,2022-06-02,2024-04-12,Standard,NC,66,Low
550,2022-04-21,,Gold,GA,53,Medium
551,2022-12-10,2024-05-04,Standard,TX,57,Medium
552,2023-02-10,,Standard,WA,73,High
553,2023-11-13,,Standard,NC,27,Low
554,2023-09-24,,Gold,NC,43,Low
555,2022-11-08,,Standard,AZ,26,Medium
556,2022-12-15,,Standard,IL,35,Low
557,2021-03-24,,Gold,IL,35,Medium
558,2022-04-02,,Gold,AZ,60,High
559,2021-01-01,,Gold,CA,54,High
560,2021-02-20,,Standard,WA,34,Low
561,2022-11-16,,Standard,NC,49,Low
562,2022-12-18,,Gold,GA,36,Medium
563,2022-03-25,,Standard,WA,49,Medium
564,2023-05-31,,Gold,MA,43,Medium
565,2022-05-03,,Standard,FL,30,Medium
566,2021-02-03,2021-09-29,Platinum,NC,67,Medium
567,2021-04-05,,Standard,CA,24,Low
568,2024-01-01,2024-08-07,Standard,GA,32,Medium
569,2021-06-03,,Gold,WA,62,Low
570,2021-09-07,2023-03-06,Standard,NY,54,Low
571,2022-11-05,2024-11-02,Standard,FL,24,Medium
572,2022-03-14,,Gold,NC,40,Medium
573,2021-04-28,,Standard,WA,48,Medium
574,2023-02-10,2025-01-30,Standard,WA,48,Medium
575,2021-09-25,,Standard,GA,26,Low
576,2023-12-14,2025-07-30,Standard,FL,34,Medium
577,2021-08-24,2024-01-04,Standard,IL,55,Medium
578,2022-01-24,,Gold,IL,67,Low
579,2023-09-17,,Gold,NY,21,Medium
580,2023-02-02,2024-01-01,Standard,TX,39,Medium
581,2022-02-05,,Standard,AZ,21,Medium
582,2022-09-16,2024-04-01,Platinum,NC,33,High
583,2023-02-06,,Platinum,GA,28,High
584,2023-07-08,,Standard,NC,38,High
585,2023-05-03,,Gold,GA,74,Medium
586,2022-08-01,,Gold,IL,55,Medium
587,2021-03-16,,Standard,GA,43,Medium
588,2022-03-11,,Standard,FL,70,Medium
589,2021-04-13,2022-07-28,Standard,TX,72,Low
590,2023-02-03,,Gold,NY,46,Medium
591,2023-01-08,,Gold,CA,61,Medium
592,2023-03-17,2023-09-25,Gold,IL,58,Low
593,2021-04-08,2022-11-07,Standard,CA,40,Medium
594,2023-03-09,,Gold,CA,22,Low
595,2023-05-09,,Gold,MA,46,Low
596,2022-03-11,2022-07-15,Gold,TX,56,High
597,2022-03-23,2024-04-04,Standard,AZ,45,Medium
598,2021-09-06,,Gold,WA,50,Medium
599,2021-06-15,,Standard,FL,38,Low
600,2023-09-11,,Gold,GA,27,Medium
601,2023-10-17,,Gold,NC,47,Low
602,2022-06-26,2024-03-25,Standard,AZ,31,Medium
603,2023-01-29,,Gold,NC,57,High
604,2021-03-22,,Standard,NY,28,High
605,2021-05-13,,Gold,NY,31,Low
606,2023-03-08,2024-11-06,Standard,FL,44,Medium
607,2023-06-19,,Gold,GA,50,High
608,2021-05-18,,Platinum,GA,50,Low
609,2021-07-03,,Standard,IL,72,Low
610,2023-02-24,,Standard,GA,72,High
611,2023-09-11,2025-12-21,Standard,WA,35,Medium
612,2021-03-10,,Standard,AZ,55,Medium
613,2022-06-30,,Standard,AZ,59,Low
614,2021-02-22,,Gold,NC,44,Medium
615,2021-07-24,,Platinum,MA,28,Medium
616,2021-05-06,,Gold,FL,63,Medium
617,2021-02-12,,Standard,FL,62,Medium
618,2021-04-21,,Gold,WA,40,Medium
619,2023-01-31,2024-03-28,Gold,GA,61,Medium
620,2023-04-28,,Standard,MA,67,Medium
621,2021-04-05,,Standard,IL,46,Medium
622,2023-06-19,,Standard,IL,72,Low
623,2021-12-26,,Gold,AZ,44,Medium
624,2023-06-19,,Standard,WA,42,Low
625,2021-10-08,,Gold,CA,25,Medium
626,2022-10-29,,Standard,CA,35,High
627,2021-04-03,,Platinum,GA,56,Medium
628,2022-11-03,,Standard,AZ,57,Low
629,2021-03-02,2022-07-01,Gold,WA,49,Low
630,2022-09-26,2023-10-16,Standard,CA,35,Low
631,2023-12-11,,Standard,TX,47,Low
632,2023-10-26,2024-05-09,Gold,NC,69,Medium
633,2022-08-27,2024-05-07,Platinum,NY,28,Medium
634,2022-11-13,,Standard,NC,49,Low
635,2022-06-18,,Standard,NY,39,Low
636,2023-04-18,,Standard,TX,51,Medium
637,2022-10-07,,Standard,TX,29,Medium
638,2021-08-21,,Standard,WA,30,High
639,2022-06-08,,Gold,MA,57,Low
640,2021-12-12,2022-06-02,Platinum,FL,30,High
641,2023-12-06,,Standard,CA,74,Medium
642,2022-06-30,,Standard,WA,53,Low
643,2023-03-05,,Standard,MA,45,Low
644,2021-09-06,,Standard,FL,74,Medium
645,2021-02-16,,Standard,WA,24,Medium
646,2021-08-02,2022-08-14,Standard,GA,73,Low
647,2021-08-27,,Standard,FL,25,High
648,2023-12-16,,Standard,NC,43,Low
649,2021-12-16,,Standard,FL,59,Medium
650,2021-04-17,2023-06-21,Standard,NC,25,Medium
651,2023-04-11,,Standard,IL,72,Medium
652,2021-02-17,,Gold,NY,28,High
653,2021-12-03,2023-06-06,Gold,NC,37,High
654,2023-11-16,,Gold,TX,21,Low
655,2023-03-15,,Standard,GA,74,Medium
656,2021-01-08,,Standard,CA,70,High
657,2022-09-17,,Standard,IL,32,Medium
658,2022-12-20,,Standard,IL,55,Medium
659,2021-10-30,,Gold,AZ,72,High
660,2022-10-01,,Standard,WA,34,Medium
661,2021-02-25,2021-12-26,Standard,WA,68,Low
662,2022-12-27,,Standard,WA,38,High
663,2022-06-10,2023-06-15,Standard,FL,30,High
664,2022-04-19,2024-07-18,Platinum,CA,35,Medium
665,2021-01-28,,Standard,NY,62,Medium
666,2021-03-19,,Gold,NC,53,High
667,2021-12-31,,Standard,WA,39,High
668,2022-10-28,,Platinum,IL,54,High
669,2022-06-10,,Standard,NC,65,Medium
670,2022-11-30,2024-05-31,Gold,CA,45,Medium
671,2023-06-02,,Standard,IL,36,Medium
672,2023-10-28,,Gold,TX,28,Low
673,2023-10-24,,Standard,CA,55,Medium
674,2023-07-08,,Standard,FL,41,Medium
675,2023-01-20,,Gold,WA,39,High
676,2021-12-29,,Platinum,MA,66,High
677,2023-03-17,2025-08-23,Standard,GA,31,Low
678,2023-01-09,,Gold,IL,64,Medium
679,2023-11-05,,Standard,AZ,31,Medium
680,2022-04-30,,Gold,AZ,31,High
681,2021-01-28,2022-04-06,Gold,GA,42,Low
682,2022-12-15,,Standard,NY,41,Medium
683,2023-11-29,2024-09-07,Gold,NY,47,Medium
684,2021-03-27,,Gold,GA,38,High
685,2021-05-06,,Standard,MA,62,Medium
686,2023-03-23,2023-11-25,Gold,FL,68,Medium
687,2022-06-21,,Standard,CA,60,High
688,2021-05-25,2022-11-30,Gold,MA,58,Medium
689,2021-01-25,,Gold,NC,50,Low
690,2021-03-08,,Standard,WA,71,Low
691,2021-08-21,2022-03-02,Gold,NY,65,High
692,2021-04-19,2021-08-20,Standard,IL,67,Medium
693,2021-04-21,,Standard,NY,65,Medium
694,2021-08-16,2022-02-23,Standard,AZ,53,Medium
695,2021-04-21,2023-04-19,Standard,IL,41,High
696,2021-02-03,,Gold,NC,22,Medium
697,2022-09-15,,Standard,NC,33,Medium
698,2023-01-18,,Standard,WA,22,Low
699,2022-08-18,2024-11-10,Gold,TX,63,Medium
700,2022-03-01,2023-04-19,Standard,AZ,65,Low
701,2022-09-05,2025-02-18,Standard,GA,51,High
702,2022-11-23,2025-01-11,Standard,NY,30,High
703,2021-11-11,,Gold,WA,43,Low
704,2023-05-27,,Standard,WA,42,Medium
705,2022-10-24,2024-09-04,Standard,TX,67,Medium
706,2021-10-04,,Standard,NC,49,Medium
707,2022-09-16,,Gold,AZ,53,Medium
708,2022-05-31,,Standard,IL,51,High
709,2023-04-23,,Platinum,AZ,34,High
710,2021-12-16,,Gold,AZ,30,Medium
711,2023-04-03,2023-11-19,Gold,NY,38,Medium
712,2023-01-29,2024-08-14,Standard,IL,31,Medium
713,2023-06-18,,Standard,MA,59,High
714,2021-08-31,2021-12-29,Platinum,IL,67,Medium
715,2022-06-27,,Standard,WA,23,Medium
716,2023-11-30,,Standard,TX,22,Low
717,2021-08-17,,Standard,AZ,74,High
718,2022-07-02,,Platinum,IL,28,Medium
719,2023-07-09,,Gold,WA,51,Medium
720,2021-01-06,,Standard,CA,28,Medium
721,2022-04-13,,Gold,NC,63,Low
722,2021-03-16,2021-08-15,Standard,TX,68,High
723,2021-01-04,,Gold,FL,22,Medium
724,2022-10-08,2024-07-18,Standard,GA,42,Medium
725,2021-04-28,,Gold,WA,25,Low
726,2023-05-31,,Standard,AZ,27,Low
727,2022-05-19,,Standard,TX,40,Medium
728,2023-08-05,,Standard,NC,48,Low
729,2022-07-28,,Standard,IL,33,Medium
730,2021-07-13,,Gold,CA,22,Low
731,2023-04-27,2023-10-20,Standard,FL,52,Medium
732,2022-12-16,,Standard,NC,46,Medium
733,2023-11-16,,Standard,CA,23,High
734,2021-06-22,,Standard,GA,61,Medium
735,2021-11-22,,Standard,TX,62,Medium
736,2023-04-16,2024-05-13,Standard,MA,33,Low
737,2022-12-25,,Standard,NY,41,Medium
738,2021-08-13,,Standard,TX,65,High
739,2022-06-16,,Standard,FL,57,Low
740,2021-04-23,2021-09-20,Platinum,MA,43,Low
741,2021-05-20,,Gold,MA,27,Low
742,2022-07-13,,Standard,GA,37,Medium
743,2021-01-01,2022-05-01,Gold,NY,48,Medium
744,2021-03-31,,Gold,MA,67,Low
745,2022-10-16,,Standard,WA,50,Low
746,2021-11-16,,Gold,NC,25,High
747,2021-05-19,,Standard,MA,44,Medium
748,2023-04-25,,Gold,MA,27,Medium
749,2021-09-16,,Standard,NC,54,High
750,2023-06-21,,Standard,IL,70,Medium
751,2022-11-21,2024-01-18,Standard,GA,62,High
752,2021-01-10,2023-06-04,Platinum,MA,53,High
753,2021-09-18,,Gold,MA,47,Low
754,2021-06-21,,Standard,NY,34,Medium
755,2023-06-17,2024-10-29,Standard,CA,39,Medium
756,2021-01-13,,Standard,IL,68,High
757,2021-11-17,,Standard,AZ,71,Medium
758,2021-11-25,2022-12-03,Standard,IL,58,Medium
759,2023-02-24,,Standard,NC,32,High
760,2023-02-16,2024-08-24,Gold,NY,23,High
761,2023-06-30,,Gold,GA,27,High
762,2021-11-14,,Standard,TX,55,Medium
763,2021-08-24,,Standard,NY,45,High
764,2021-11-30,2022-05-18,Platinum,FL,69,Low
765,2022-01-11,,Gold,NC,35,Medium
766,2022-08-11,,Gold,CA,39,Medium
767,2022-05-28,,Platinum,FL,39,Medium
768,2023-07-07,2025-08-26,Gold,FL,43,Low
769,2023-05-23,,Standard,GA,31,Medium
770,2021-09-27,,Standard,AZ,41,Low
771,2023-03-09,,Platinum,TX,72,Medium
772,2022-12-26,,Standard,MA,54,Medium
773,2021-01-05,,Standard,WA,59,High
774,2023-05-01,,Standard,MA,71,Low
775,2021-03-19,2023-08-09,Gold,FL,27,High
776,2022-07-28,,Platinum,IL,62,Low
777,2021-05-12,2021-10-25,Standard,WA,64,Medium
778,2022-08-24,,Standard,GA,47,Medium
779,2023-12-02,2026-03-03,Gold,TX,70,Medium
780,2021-03-30,,Standard,GA,43,High
781,2022-02-06,2024-07-08,Standard,NC,58,Medium
782,2021-10-23,,Platinum,CA,40,Medium
783,2022-09-08,,Standard,FL,47,Medium
784,2023-03-11,2024-11-29,Standard,IL,73,Medium
785,2022-02-26,2023-05-22,Gold,GA,28,Medium
786,2023-11-13,2024-04-27,Standard,WA,57,Low
787,2022-07-29,,Platinum,FL,23,High
788,2021-05-23,,Standard,TX,22,High
789,2023-09-20,,Standard,IL,42,Medium
790,2022-10-27,2024-06-16,Standard,AZ,26,High
791,2021-05-25,,Standard,AZ,59,Medium
792,2023-10-04,,Gold,WA,60,Medium
793,2022-05-18,,Gold,CA,56,Medium
794,2023-04-01,,Platinum,AZ,64,High
795,2021-04-14,2021-12-23,Standard,FL,44,Medium
796,2023-11-29,2024-03-06,Gold,TX,32,Medium
797,2021-07-17,2022-04-07,Standard,CA,37,Medium
798,2022-08-02,2024-02-04,Gold,MA,42,Medium
799,2022-01-26,2023-02-26,Gold,TX,74,Medium
800,2022-07-08,2024-05-15,Standard,FL,39,Medium
801,2023-11-05,,Standard,FL,29,Medium
802,2022-04-23,,Standard,NC,32,Medium
803,2023-07-12,,Standard,CA,52,High
804,2022-02-24,,Platinum,TX,73,High
805,2021-06-06,,Standard,CA,51,Medium
806,2022-07-04,2023-06-03,Standard,WA,37,High
807,2023-10-18,,Standard,NY,43,High
808,2023-09-24,2024-04-22,Gold,CA,30,Low
809,2023-08-09,,Standard,AZ,50,High
810,2021-10-16,,Standard,FL,39,Low
811,2021-07-15,,Standard,NC,46,Medium
812,2022-08-21,2023-05-22,Gold,MA,46,Medium
813,2022-06-01,2022-09-30,Standard,NC,31,Medium
814,2023-05-15,,Gold,TX,40,Medium
815,2023-03-17,2025-07-15,Standard,WA,74,Medium
816,2023-03-26,,Standard,WA,65,Low
817,2021-08-16,,Standard,MA,24,High
818,2021-08-04,,Standard,CA,67,Medium
819,2023-08-06,,Standard,CA,32,High
820,2021-01-15,,Standard,TX,45,Medium
821,2021-02-16,2022-12-06,Gold,TX,30,Medium
822,2021-11-20,,Standard,IL,42,Medium
823,2023-04-24,,Standard,CA,27,Medium
824,2021-05-10,,Gold,TX,44,Low
825,2021-04-05,2022-05-09,Standard,WA,22,Medium
826,2022-09-19,,Gold,NY,52,Low
827,2023-01-25,,Gold,FL,41,Medium
828,2023-03-05,,Standard,CA,27,High
829,2021-03-10,,Gold,IL,28,Low
830,2021-01-11,2022-04-17,Standard,FL,73,Medium
831,2023-05-22,,Standard,AZ,71,Medium
832,2022-07-04,,Standard,NY,58,Low
833,2022-12-13,,Standard,NC,41,Low
834,2021-01-23,,Standard,CA,28,Low
835,2023-03-26,2025-04-09,Standard,NC,45,Low
836,2021-12-12,,Standard,IL,48,Low
837,2021-10-29,,Standard,CA,48,Medium
838,2021-12-29,,Standard,IL,74,Medium
839,2022-01-31,,Standard,GA,51,High
840,2021-08-06,,Standard,IL,72,High
841,2021-05-21,,Standard,TX,56,Medium
842,2023-08-16,2025-07-01,Standard,TX,45,Medium
843,2023-09-12,,Standard,NC,72,Medium
844,2023-09-20,,Gold,GA,61,Medium
845,2023-04-08,,Gold,IL,57,Medium
846,2022-11-14,,Standard,AZ,58,Medium
847,2023-10-01,,Gold,NC,71,High
848,2021-12-22,,Standard,FL,32,Low
849,2023-10-05,,Standard,TX,57,Medium
850,2023-06-07,2023-10-30,Platinum,FL,57,Medium
851,2021-05-07,,Standard,FL,51,High
852,2023-10-06,2026-03-04,Platinum,GA,38,Low
853,2022-08-27,,Standard,NC,46,Low
854,2023-10-11,2024-10-07,Standard,WA,26,High
855,2021-02-20,,Standard,NC,29,Low
856,2023-11-19,,Standard,WA,31,Medium
857,2023-02-18,,Standard,IL,51,High
858,2023-03-25,,Standard,WA,66,High
859,2022-02-24,,Gold,CA,22,Low
860,2023-09-10,2025-03-16,Standard,IL,49,Medium
861,2023-04-05,,Standard,WA,66,Low
862,2023-10-22,,Standard,AZ,71,Medium
863,2022-07-21,2024-08-26,Gold,FL,62,Medium
864,2022-01-06,,Standard,IL,25,High
865,2023-07-25,,Standard,FL,43,Medium
866,2022-10-23,,Platinum,MA,56,Medium
867,2023-08-27,2025-02-22,Standard,NC,27,Medium
868,2021-07-21,,Standard,WA,33,Low
869,2021-11-09,2023-12-08,Gold,FL,62,Medium
870,2021-04-27,2022-03-31,Gold,WA,30,Low
871,2023-07-26,,Standard,FL,56,High
872,2022-07-29,,Standard,AZ,36,Medium
873,2021-09-01,,Gold,NY,35,Low
874,2022-06-21,2024-08-16,Standard,AZ,73,Medium
875,2021-03-16,,Platinum,TX,63,Low
876,2022-01-21,,Standard,WA,39,Low
877,2022-04-20,,Standard,AZ,41,High
878,2022-02-22,,Standard,CA,55,High
879,2021-12-13,2022-05-29,Gold,WA,35,Low
880,2022-10-02,,Gold,GA,68,Medium
881,2023-07-28,,Gold,NC,34,Medium
882,2023-08-13,2025-04-27,Platinum,NC,49,Medium
883,2023-05-26,2023-12-09,Standard,TX,25,Medium
884,2023-02-02,2024-01-30,Standard,CA,69,Low
885,2022-10-26,2025-02-25,Gold,TX,38,Low
886,2021-01-25,,Gold,IL,71,Low
887,2022-12-11,,Gold,WA,21,Low
888,2021-06-26,2021-10-08,Gold,CA,47,Low
889,2021-10-12,2023-01-14,Standard,MA,47,Medium
890,2021-03-04,,Standard,FL,45,Medium
891,2023-09-30,,Platinum,GA,61,Medium
892,2022-10-24,,Standard,WA,41,Medium
893,2022-10-28,,Standard,GA,34,Low
894,2021-06-05,,Gold,CA,72,Low
895,2023-12-09,2025-01-05,Standard,FL,73,High
896,2023-08-25,2025-09-24,Gold,TX,40,Low
897,2023-04-29,,Standard,WA,48,High
898,2022-11-20,,Gold,FL,41,Medium
899,2021-05-28,,Gold,GA,43,High
900,2021-12-08,,Standard,NY,31,Medium
901,2022-04-21,,Standard,CA,22,Low
902,2023-12-23,2024-10-12,Standard,CA,40,Medium
903,2022-07-15,,Standard,GA,44,Medium
904,2021-11-23,2022-06-13,Standard,GA,45,Medium
905,2023-09-17,2025-10-25,Standard,IL,57,Medium
906,2021-08-03,,Standard,TX,42,Low
907,2022-03-11,,Standard,GA,44,Medium
908,2023-08-10,,Standard,AZ,35,High
909,2022-12-24,,Gold,NC,32,High
910,2021-02-01,2022-01-09,Standard,NC,66,Medium
911,2022-11-01,2024-04-14,Gold,WA,51,Low
912,2021-10-12,,Gold,MA,63,Low
913,2022-03-05,,Gold,WA,51,High
914,2021-10-13,,Gold,IL,73,High
915,2023-11-09,,Standard,FL,50,High
916,2021-01-18,,Gold,MA,61,Medium
917,2023-02-08,,Standard,FL,40,High
918,2022-08-13,2023-05-15,Gold,NC,28,High
919,2023-10-07,,Gold,NC,64,Medium
920,2021-07-13,,Standard,NC,50,Medium
921,2022-05-17,2023-03-29,Standard,GA,55,Low
922,2023-09-15,,Standard,IL,41,Medium
923,2021-04-24,,Gold,AZ,67,High
924,2023-08-05,,Standard,WA,60,Low
925,2023-04-11,2024-12-18,Standard,FL,48,Medium
926,2023-07-14,,Standard,NY,59,Medium
927,2021-02-24,2023-03-23,Standard,WA,37,High
928,2023-03-11,,Platinum,CA,32,Medium
929,2023-02-17,2024-05-05,Gold,TX,72,High
930,2021-06-11,2023-05-24,Standard,MA,70,Medium
931,2021-03-28,,Standard,FL,38,Medium
932,2021-02-24,,Standard,IL,67,Low
933,2023-10-29,2024-01-27,Standard,NC,48,Medium
934,2023-04-13,2025-01-14,Gold,CA,23,Medium
935,2021-11-09,,Standard,TX,71,Medium
936,2023-01-29,,Standard,FL,35,Low
937,2022-03-19,,Gold,AZ,36,High
938,2021-11-24,2023-09-04,Platinum,NC,42,Medium
939,2023-12-14,,Standard,FL,74,High
940,2023-01-31,2024-06-23,Standard,NY,69,Medium
941,2022-08-02,2024-07-11,Standard,NY,51,Low
942,2023-12-11,,Gold,IL,51,Medium
943,2023-10-04,,Platinum,NY,21,High
944,2021-04-06,,Standard,AZ,31,Medium
945,2023-03-25,,Standard,IL,26,Medium
946,2022-05-06,,Gold,MA,43,High
947,2022-03-28,,Gold,AZ,29,Low
948,2021-06-14,,Platinum,IL,72,Medium
949,2021-07-01,2022-03-08,Standard,AZ,36,Medium
950,2022-04-14,2022-12-20,Standard,NY,58,Low
951,2023-06-29,,Standard,MA,64,Medium
952,2023-01-05,,Standard,AZ,39,Medium
953,2023-04-03,2023-11-06,Standard,MA,65,Medium
954,2023-08-02,,Standard,TX,33,Low
955,2021-01-07,2023-03-29,Standard,AZ,52,Medium
956,2021-11-26,,Gold,WA,56,Medium
957,2023-02-14,2023-10-12,Standard,NC,29,Medium
958,2021-05-31,,Gold,NY,66,High
959,2021-05-27,,Standard,FL,66,Low
960,2023-07-04,2024-12-18,Gold,MA,69,Medium
961,2022-12-01,,Standard,NY,57,Medium
962,2021-03-23,,Gold,CA,51,Medium
963,2022-05-29,,Standard,WA,51,Medium
964,2023-03-26,,Standard,NY,39,Medium
965,2022-12-10,,Gold,NC,22,Medium
966,2023-01-16,2025-05-21,Standard,WA,65,Medium
967,2023-10-20,,Standard,NC,52,Medium
968,2022-12-08,2024-06-20,Gold,NY,63,Medium
969,2022-04-16,2023-10-20,Gold,WA,54,Medium
970,2022-01-31,2024-04-29,Standard,FL,21,High
971,2021-09-18,,Standard,FL,41,Low
972,2023-03-16,,Standard,NC,23,High
973,2023-07-23,2023-11-19,Standard,NC,47,Low
974,2023-06-24,2025-01-06,Platinum,TX,64,Medium
975,2023-12-13,,Standard,FL,27,Medium
976,2023-07-29,2025-05-05,Standard,FL,53,Low
977,2023-05-04,2023-10-20,Platinum,MA,29,High
978,2022-08-16,2022-12-22,Standard,IL,50,Medium
979,2022-12-15,,Gold,AZ,38,Low
980,2022-09-24,,Standard,MA,46,Medium
981,2021-02-28,,Standard,NC,40,Medium
982,2021-05-08,,Standard,GA,58,High
983,2023-01-06,,Standard,AZ,61,Medium
984,2022-12-22,,Standard,GA,51,Low
985,2022-06-10,,Standard,CA,28,Low
986,2022-06-05,,Standard,NC,43,Medium
987,2022-07-06,2023-05-31,Standard,NY,70,Medium
988,2021-08-25,2023-06-02,Standard,IL,45,High
989,2022-05-09,,Standard,GA,67,Medium
990,2021-01-04,,Standard,AZ,21,High
991,2022-10-28,,Gold,NC,66,High
992,2022-03-18,,Standard,MA,38,Medium
993,2021-01-29,,Standard,TX,39,Low
994,2022-09-02,2024-07-12,Gold,WA,71,Low
995,2023-03-16,,Standard,FL,62,Medium
996,2021-03-16,,Gold,IL,72,Medium
997,2023-04-18,,Gold,IL,73,Low
998,2021-05-08,,Standard,FL,26,Medium
999,2021-02-11,,Standard,FL,37,Medium
1000,2021-02-10,2022-04-12,Platinum,FL,66,Low
1001,2023-07-23,,Standard,TX,65,Medium
1002,2021-02-03,2023-07-12,Gold,CA,28,Low
1003,2023-11-07,,Standard,TX,74,Medium
1004,2023-09-25,,Standard,MA,62,Low
1005,2022-08-11,,Standard,CA,29,High
1006,2021-12-08,,Standard,WA,57,Low
1007,2021-01-27,,Standard,FL,47,High
1008,2022-10-08,,Gold,TX,56,Medium
1009,2023-01-01,,Platinum,NY,26,Medium
1010,2021-06-17,,Gold,MA,26,Medium
1011,2022-09-02,,Standard,WA,65,Medium
1012,2021-09-25,,Gold,WA,24,Low
1013,2023-04-01,2024-04-04,Gold,AZ,42,Medium
1014,2022-03-31,,Platinum,AZ,60,High
1015,2023-06-25,,Standard,WA,47,High
1016,2023-07-11,2024-02-01,Gold,CA,57,Medium
1017,2023-09-08,2024-08-31,Standard,NC,22,Medium
1018,2022-12-03,2024-01-31,Standard,MA,29,Medium
1019,2022-09-26,,Platinum,AZ,31,Medium
1020,2021-05-10,,Standard,IL,40,High
1021,2023-10-17,,Standard,FL,72,Medium
1022,2023-03-30,2024-05-04,Gold,MA,63,High
1023,2022-11-24,,Standard,WA,59,Medium
1024,2023-03-05,2023-07-25,Gold,WA,34,Medium
1025,2021-01-29,,Gold,NY,46,High
1026,2021-05-29,,Standard,NC,58,High
1027,2021-01-11,2021-06-17,Standard,FL,50,Medium
1028,2022-11-07,,Gold,IL,56,Medium
1029,2021-07-06,2023-08-28,Standard,GA,58,Low
1030,2023-03-18,,Platinum,AZ,55,Low
1031,2023-01-14,,Gold,NY,26,Medium
1032,2021-04-08,,Standard,WA,23,Medium
1033,2021-02-24,2021-06-27,Standard,NC,21,Medium
1034,2022-09-15,2025-02-16,Platinum,CA,73,Medium
1035,2022-10-26,,Standard,NY,38,Medium
1036,2023-01-28,2024-05-17,Standard,NC,43,Medium
1037,2022-02-10,,Gold,MA,52,High
1038,2021-03-10,,Gold,MA,49,Low
1039,2023-01-21,2023-12-25,Gold,TX,43,High
1040,2023-08-16,2024-03-03,Standard,NY,56,Medium
1041,2021-12-31,,Gold,MA,26,Medium
1042,2022-04-27,,Gold,WA,37,High
1043,2021-07-20,,Gold,MA,38,Medium
1044,2021-06-03,,Platinum,NC,51,Low
1045,2021-03-14,,Standard,GA,26,Low
1046,2022-12-14,2023-06-15,Gold,AZ,54,Low
1047,2021-10-23,,Platinum,WA,64,Medium
1048,2023-11-07,,Standard,FL,64,Low
1049,2021-03-02,2022-07-14,Standard,NC,47,Low
1050,2023-07-28,2024-04-21,Gold,GA,56,Medium
1051,2021-02-11,2021-06-27,Standard,MA,68,Medium
1052,2021-01-25,2023-06-27,Standard,IL,72,Medium
1053,2023-11-29,,Standard,TX,62,Medium
1054,2021-05-11,,Standard,GA,45,Medium
1055,2021-04-18,2023-03-12,Standard,MA,30,Low
1056,2021-06-21,,Standard,GA,59,Medium
1057,2021-04-12,,Platinum,GA,66,High
1058,2023-05-16,,Gold,NC,59,Medium
1059,2022-06-08,,Gold,IL,32,Medium
1060,2021-10-02,2023-01-10,Standard,MA,31,High
1061,2023-12-04,,Gold,IL,69,High
1062,2023-03-28,,Gold,NY,63,Medium
1063,2023-08-15,2025-11-05,Gold,NC,73,Medium
1064,2023-11-07,2025-09-13,Standard,AZ,23,Medium
1065,2021-11-26,2022-09-13,Standard,AZ,71,Medium
1066,2021-01-12,2022-06-30,Gold,GA,42,Medium
1067,2021-08-04,,Gold,WA,24,Low
1068,2021-12-05,,Gold,TX,28,Medium
1069,2022-10-23,,Standard,NY,34,Low
1070,2022-01-09,,Standard,NC,40,Medium
1071,2023-09-03,,Gold,WA,44,Medium
1072,2022-12-11,,Standard,CA,34,High
1073,2022-04-11,,Gold,TX,48,High
1074,2022-05-04,2023-05-25,Platinum,AZ,36,Medium
1075,2021-02-16,,Gold,AZ,52,High
1076,2023-02-17,,Standard,WA,67,High
1077,2023-11-06,2024-12-07,Standard,NY,32,High
1078,2022-12-12,,Gold,TX,36,Low
1079,2022-02-05,,Gold,WA,72,Medium
1080,2023-09-08,,Standard,CA,39,Medium
1081,2021-09-07,,Standard,NC,25,Low
1082,2022-01-26,,Standard,WA,32,High
1083,2021-12-01,,Gold,GA,49,Low
1084,2022-09-21,,Gold,MA,25,Medium
1085,2021-05-17,,Platinum,GA,62,Low
1086,2023-06-02,,Standard,TX,37,Medium
1087,2022-11-19,,Gold,IL,67,Medium
1088,2023-04-07,,Standard,GA,28,Medium
1089,2022-12-28,,Standard,MA,60,Medium
1090,2022-08-17,,Gold,GA,60,Medium
1091,2023-09-17,2025-12-07,Standard,WA,50,Medium
1092,2022-01-07,2023-08-12,Standard,MA,30,Medium
1093,2023-07-24,2024-09-23,Gold,NC,40,Medium
1094,2023-09-22,,Standard,IL,65,Low
1095,2022-02-06,2024-02-11,Standard,WA,36,Low
1096,2022-09-07,2023-02-09,Standard,CA,61,Medium
1097,2023-09-22,,Standard,CA,36,Medium
1098,2022-09-12,,Platinum,TX,62,Low
1099,2021-07-07,,Standard,FL,23,Low
1100,2021-05-11,2023-10-09,Gold,GA,43,Medium
1101,2023-03-16,,Standard,MA,42,Medium
1102,2023-07-25,,Standard,WA,48,Medium
1103,2023-09-13,,Standard,CA,66,Medium
1104,2021-07-02,,Gold,IL,65,Low
1105,2023-09-10,,Standard,FL,56,Medium
1106,2021-12-30,2023-05-25,Gold,IL,24,Medium
1107,2021-02-08,2022-10-30,Standard,GA,58,Medium
1108,2022-05-12,2024-04-29,Platinum,NY,44,High
1109,2023-09-09,,Gold,FL,39,Medium
1110,2023-07-10,,Gold,AZ,31,Medium
1111,2022-12-23,,Gold,NY,60,Low
1112,2021-01-16,2022-08-21,Gold,NY,66,Low
1113,2022-05-08,,Gold,GA,60,Low
1114,2023-06-13,,Standard,IL,66,Medium
1115,2021-11-07,,Standard,NC,59,Medium
1116,2023-01-09,,Gold,CA,73,Medium
1117,2022-06-30,2023-08-10,Standard,MA,38,Medium
1118,2022-02-18,,Standard,MA,32,High
1119,2021-09-08,,Standard,WA,34,Low
1120,2023-01-29,2025-01-13,Standard,WA,67,Low
1121,2023-11-29,2024-05-11,Gold,NY,38,Low
1122,2023-03-25,,Standard,NY,64,Medium
1123,2021-01-29,,Platinum,NC,62,Low
1124,2023-08-16,,Platinum,GA,32,Medium
1125,2022-04-22,2024-07-03,Platinum,CA,60,Medium
1126,2021-11-14,,Standard,MA,47,Low
1127,2021-09-02,,Standard,NC,26,Low
1128,2023-01-18,,Platinum,MA,44,Medium
1129,2022-11-28,,Platinum,AZ,71,Low
1130,2021-09-29,2022-02-24,Gold,WA,53,Low
1131,2022-01-12,,Standard,AZ,65,Medium
1132,2021-09-23,,Standard,CA,74,Medium
1133,2023-07-15,,Gold,CA,36,Low
1134,2023-07-10,,Standard,GA,70,Medium
1135,2021-12-06,,Gold,FL,32,Low
1136,2022-01-24,,Gold,NY,51,Medium
1137,2022-07-31,,Gold,WA,57,High
1138,2021-01-03,,Standard,NC,73,High
1139,2022-01-11,,Standard,GA,33,Medium
1140,2021-11-20,,Platinum,NC,28,Medium
1141,2021-05-26,,Gold,FL,58,Medium
1142,2021-10-20,,Gold,GA,23,Low
1143,2022-03-08,2023-06-26,Gold,IL,40,Medium
1144,2022-12-06,,Gold,MA,24,High
1145,2023-08-07,2023-11-19,Gold,NY,64,Medium
1146,2022-08-08,,Standard,NY,65,Medium
1147,2022-02-03,,Standard,NY,22,Medium
1148,2023-03-28,,Standard,AZ,71,Low
1149,2023-08-22,,Standard,WA,56,Medium
1150,2021-07-06,,Standard,GA,43,Low
1151,2021-03-02,,Standard,GA,65,Low
1152,2023-07-28,2024-06-12,Gold,AZ,39,Low
1153,2022-12-11,,Standard,CA,60,Medium
1154,2023-03-18,2025-02-21,Standard,WA,28,Low
1155,2021-01-11,,Standard,FL,36,Medium
1156,2023-12-22,,Gold,FL,63,Medium
1157,2021-08-14,,Standard,NY,38,Low
1158,2022-07-18,2024-08-22,Standard,GA,56,Low
1159,2023-02-11,2023-11-26,Standard,TX,44,Low
1160,2023-06-04,,Gold,CA,21,Medium
1161,2021-08-14,,Platinum,NC,21,Low
1162,2023-04-05,,Platinum,NY,66,Medium
1163,2021-08-06,,Standard,FL,56,Medium
1164,2023-07-26,,Gold,FL,31,Medium
1165,2023-01-23,2024-04-10,Standard,WA,38,Medium
1166,2022-05-21,,Standard,CA,36,Medium
1167,2021-09-16,,Standard,CA,37,Medium
1168,2021-02-23,2021-06-27,Standard,TX,44,High
1169,2023-12-07,,Gold,FL,54,Low
1170,2022-12-28,2023-09-05,Standard,MA,24,High
1171,2022-11-20,,Standard,WA,55,High
1172,2023-11-10,2026-03-05,Standard,GA,35,Low
1173,2022-02-23,,Standard,MA,22,High
1174,2022-11-21,2025-04-27,Gold,IL,71,Medium
1175,2023-04-30,,Gold,WA,51,High
1176,2021-03-03,,Gold,NC,29,Medium
1177,2021-08-04,,Standard,GA,30,Medium
1178,2021-01-03,,Standard,CA,73,Low
1179,2021-06-09,,Standard,GA,45,Medium
1180,2023-02-20,2024-09-02,Platinum,WA,71,Low
1181,2023-06-12,,Platinum,FL,25,Medium
1182,2021-11-25,2023-08-07,Gold,IL,34,High
1183,2022-08-03,,Standard,CA,62,Low
1184,2023-08-10,,Standard,MA,68,Medium
1185,2022-09-27,,Standard,AZ,58,Low
1186,2023-09-15,,Gold,IL,60,Low
1187,2023-07-10,2025-12-07,Gold,TX,22,Medium
1188,2023-01-08,2024-06-03,Gold,AZ,38,Low
1189,2021-06-19,2022-08-30,Gold,NC,49,High
1190,2022-06-05,,Standard,MA,73,Low
1191,2021-02-09,2023-04-03,Standard,NC,73,Low
1192,2023-08-13,2024-04-05,Standard,GA,73,Low
1193,2023-09-11,,Standard,FL,40,Medium
1194,2023-09-02,,Standard,GA,28,Low
1195,2021-02-07,,Gold,FL,57,Medium
1196,2021-11-24,,Gold,NY,69,Medium
1197,2023-07-03,2024-10-08,Standard,NY,68,Low
1198,2022-03-30,,Standard,NC,46,Low
1199,2021-02-06,,Standard,TX,57,High
1200,2023-08-31,2025-10-16,Gold,NC,69,Medium
1201,2023-03-07,2025-04-09,Standard,NY,24,Medium
1202,2023-08-31,,Standard,AZ,53,Medium
1203,2022-08-16,,Gold,AZ,42,Medium
1204,2023-11-30,2025-04-18,Standard,TX,26,Medium
1205,2021-08-12,,Standard,TX,53,High
1206,2021-11-14,,Gold,TX,48,Low
1207,2021-12-15,,Gold,NC,44,Low
1208,2021-04-25,,Gold,MA,24,Medium
1209,2022-11-29,,Standard,WA,22,High
1210,2023-11-30,,Standard,CA,33,Low
1211,2021-02-09,,Gold,TX,66,Medium
1212,2021-08-04,,Standard,CA,69,Medium
1213,2021-12-02,,Gold,MA,31,Medium
1214,2021-04-02,,Gold,WA,55,Low
1215,2021-12-19,,Platinum,TX,59,Medium
1216,2022-07-25,,Standard,TX,30,Low
1217,2023-03-27,2025-05-11,Standard,TX,63,Low
1218,2023-02-20,,Standard,AZ,30,Low
1219,2021-12-29,,Gold,MA,28,Medium
1220,2022-07-11,,Standard,CA,25,High
1221,2021-12-22,2023-07-28,Standard,FL,43,Medium
1222,2021-07-10,,Standard,FL,54,Medium
1223,2022-02-26,,Standard,MA,67,Medium
1224,2022-12-01,2024-09-09,Standard,TX,52,Low
1225,2021-01-07,,Standard,FL,36,Low
1226,2021-05-13,2022-04-23,Gold,CA,24,Medium
1227,2022-07-11,2024-08-24,Standard,FL,74,Medium
1228,2023-04-06,,Standard,CA,48,High
1229,2023-01-31,,Gold,TX,68,Medium
1230,2023-11-21,,Gold,TX,64,Medium
1231,2022-06-19,2022-12-28,Standard,NC,34,Medium
1232,2022-03-02,,Standard,NY,32,Medium
1233,2022-11-03,2023-06-01,Gold,AZ,41,Medium
1234,2021-12-29,2023-05-21,Standard,WA,68,Medium
1235,2021-03-23,2022-06-05,Standard,WA,36,Medium
1236,2021-12-22,,Standard,GA,74,Medium
1237,2022-08-12,,Standard,AZ,64,Medium
1238,2021-10-22,,Standard,TX,22,High
1239,2023-12-06,,Gold,WA,43,Medium
1240,2021-01-17,2023-02-02,Gold,CA,49,Medium
1241,2021-12-26,,Standard,GA,66,Medium
1242,2023-05-16,,Standard,FL,63,High
1243,2022-12-01,,Gold,FL,29,Medium
1244,2022-03-24,2022-08-02,Standard,GA,74,Medium
1245,2023-05-06,,Standard,NY,27,Low
1246,2021-12-31,,Gold,IL,49,High
1247,2022-11-06,,Gold,CA,64,Medium
1248,2023-10-05,,Standard,WA,37,Medium
1249,2022-04-12,2023-07-12,Gold,NY,29,High
1250,2022-02-18,,Standard,CA,26,High
1251,2022-08-09,2022-12-05,Standard,NC,64,High
1252,2023-09-21,,Standard,WA,40,Low
1253,2022-07-26,,Gold,NC,30,Medium
1254,2021-12-01,2024-04-23,Gold,TX,29,Medium
1255,2021-02-06,,Gold,AZ,32,Low
1256,2023-09-16,,Standard,TX,53,High
1257,2021-10-05,2022-01-16,Standard,FL,52,High
1258,2023-07-05,,Standard,NY,54,Medium
1259,2022-04-29,2023-11-24,Standard,GA,39,Low
1260,2023-01-01,,Standard,TX,53,Low
1261,2021-07-11,,Platinum,NY,68,Medium
1262,2023-11-07,,Gold,MA,36,Low
1263,2022-06-08,,Standard,FL,70,Medium
1264,2023-07-07,,Standard,WA,70,Medium
1265,2022-02-05,,Standard,NY,43,High
1266,2023-06-05,2024-03-09,Gold,CA,46,Low
1267,2022-12-06,,Gold,WA,65,Medium
1268,2021-01-22,,Gold,FL,74,High
1269,2022-04-19,2023-05-08,Standard,TX,64,Medium
1270,2021-07-29,,Standard,MA,61,Low
1271,2021-11-02,,Platinum,NC,57,Low
1272,2022-12-05,,Platinum,IL,29,High
1273,2022-11-18,2023-08-17,Standard,WA,50,Medium
1274,2021-10-12,2023-07-11,Standard,WA,33,High
1275,2022-12-17,2023-04-22,Standard,GA,68,Low
1276,2023-02-02,,Gold,TX,62,Medium
1277,2023-08-06,2023-11-17,Gold,WA,36,Medium
1278,2022-01-16,,Gold,GA,66,Low
1279,2022-04-05,2024-03-29,Standard,FL,22,High
1280,2023-10-28,,Standard,WA,51,Medium
1281,2021-01-29,,Standard,MA,71,High
1282,2023-06-26,,Platinum,CA,63,High
1283,2023-11-23,2025-10-07,Standard,IL,39,Medium
1284,2023-05-29,,Gold,FL,31,Medium
1285,2021-03-20,2021-11-23,Standard,NC,34,Medium
1286,2023-08-05,,Platinum,TX,67,Medium
1287,2022-04-04,,Gold,TX,45,Medium
1288,2022-07-24,2024-02-27,Standard,TX,27,Medium
1289,2023-01-08,,Gold,MA,35,Low
1290,2022-05-31,,Standard,FL,50,Medium
1291,2022-02-01,2023-03-26,Standard,WA,51,Medium
1292,2021-02-08,,Standard,MA,44,Low
1293,2023-06-06,2025-05-09,Platinum,GA,45,High
1294,2023-03-08,,Platinum,TX,28,Low
1295,2021-06-06,,Standard,NC,50,Low
1296,2023-06-03,2023-11-22,Gold,GA,56,Low
1297,2023-09-01,,Gold,IL,70,Medium
1298,2023-11-12,,Gold,WA,34,Medium
1299,2023-04-29,,Standard,WA,49,Medium
1300,2023-01-18,,Standard,NY,47,Medium
1301,2023-09-16,,Gold,NC,73,Medium
1302,2021-01-21,,Standard,MA,70,Medium
1303,2021-10-30,,Standard,MA,56,Low
1304,2023-05-19,,Gold,AZ,54,Medium
1305,2021-03-25,,Standard,IL,41,Medium
1306,2022-07-24,,Platinum,TX,58,Low
1307,2023-07-23,,Standard,NY,31,Low
1308,2023-10-06,,Platinum,GA,53,Medium
1309,2023-03-04,,Standard,WA,35,Medium
1310,2023-03-03,,Standard,AZ,32,Low
1311,2022-05-07,,Standard,AZ,44,Low
1312,2021-07-27,,Gold,IL,70,Low
1313,2023-12-20,,Gold,CA,57,High
1314,2022-03-06,2023-12-11,Standard,WA,31,Medium
1315,2023-09-12,,Standard,MA,73,Low
1316,2022-06-04,,Gold,GA,39,Low
1317,2022-08-14,,Standard,TX,74,High
1318,2023-11-17,2025-09-16,Gold,TX,21,Low
1319,2021-07-18,2023-04-28,Standard,NC,37,High
1320,2022-01-22,,Gold,CA,60,Low
1321,2021-12-15,,Gold,IL,36,Low
1322,2023-08-18,2025-06-06,Platinum,TX,46,Medium
1323,2022-11-24,,Gold,NY,63,Medium
1324,2022-01-13,,Standard,TX,71,High
1325,2023-06-18,2025-04-24,Standard,FL,63,High
1326,2023-07-05,,Gold,NY,35,Medium
1327,2022-06-11,,Standard,GA,28,Medium
1328,2023-01-04,,Gold,NC,50,High
1329,2021-07-25,,Gold,TX,34,Medium
1330,2022-03-31,,Standard,MA,53,Low
1331,2022-06-05,,Standard,NY,62,Low
1332,2023-10-14,,Standard,NC,27,Low
1333,2023-08-14,2023-12-03,Standard,AZ,38,High
1334,2022-12-27,2023-08-05,Standard,FL,32,Medium
1335,2023-10-11,,Standard,FL,22,Low
1336,2022-05-16,,Standard,GA,70,High
1337,2021-04-27,2022-11-02,Standard,NY,49,Low
1338,2022-01-21,,Standard,MA,41,Medium
1339,2022-08-07,2024-02-03,Standard,CA,27,High
1340,2022-01-30,,Standard,MA,72,Medium
1341,2023-12-24,,Gold,NC,47,Low
1342,2022-12-22,,Standard,TX,32,Medium
1343,2021-03-13,,Standard,WA,40,Medium
1344,2021-10-01,2022-10-27,Gold,GA,34,Medium
1345,2021-12-04,,Platinum,WA,30,Low
1346,2022-08-30,2023-08-21,Standard,NY,61,Low
1347,2021-06-15,,Standard,CA,43,Medium
1348,2021-01-11,2023-06-18,Standard,FL,50,Medium
1349,2022-12-30,,Standard,FL,67,Medium
1350,2023-03-12,,Platinum,AZ,51,Medium
1351,2021-04-12,,Gold,NC,72,Medium
1352,2023-02-18,,Gold,NC,30,High
1353,2021-08-02,,Standard,MA,39,Low
1354,2022-02-05,2023-06-04,Gold,NC,39,Low
1355,2022-08-11,2023-03-08,Standard,MA,64,Medium
1356,2023-06-08,,Standard,MA,43,Low
1357,2023-12-06,2024-11-05,Standard,TX,64,Medium
1358,2022-08-15,2024-06-02,Standard,GA,61,High
1359,2021-04-02,,Standard,WA,52,High
1360,2022-11-04,,Gold,TX,40,Medium
1361,2022-12-15,,Standard,CA,24,High
1362,2023-07-25,,Standard,CA,53,Low
1363,2021-08-30,,Standard,CA,68,Medium
1364,2021-01-02,2021-05-09,Standard,FL,21,Medium
1365,2021-08-13,,Gold,FL,33,Medium
1366,2023-03-12,,Gold,GA,23,Low
1367,2022-08-12,,Gold,CA,32,High
1368,2021-04-26,2022-03-26,Standard,NY,49,Medium
1369,2023-07-07,,Gold,NY,51,Medium
1370,2021-07-13,2021-10-31,Gold,AZ,61,Low
1371,2023-05-21,2023-12-06,Standard,TX,56,Medium
1372,2021-03-31,2023-02-24,Standard,WA,22,High
1373,2021-05-02,,Gold,FL,42,Medium
1374,2021-05-23,,Standard,NC,42,Medium
1375,2023-09-21,,Standard,WA,61,High
1376,2021-04-16,,Standard,IL,51,Medium
1377,2023-06-06,,Standard,GA,72,Medium
1378,2022-03-04,2023-06-30,Standard,GA,65,Medium
1379,2021-11-13,2023-03-27,Standard,CA,34,Medium
1380,2022-09-27,,Gold,NY,49,Medium
1381,2021-01-09,,Standard,CA,55,Medium
1382,2023-02-13,,Gold,WA,70,Medium
1383,2021-08-11,2023-08-18,Standard,NY,29,Low
1384,2022-07-07,2024-10-16,Platinum,CA,67,Low
1385,2022-12-17,2023-03-24,Platinum,WA,74,Medium
1386,2021-04-21,,Gold,IL,52,Low
1387,2021-09-08,,Platinum,AZ,47,High
1388,2022-01-18,,Gold,TX,30,Medium
1389,2021-01-07,,Gold,AZ,45,Medium
1390,2022-04-04,,Standard,IL,69,Low
1391,2021-07-27,,Standard,AZ,65,Low
1392,2023-06-19,2024-12-03,Gold,NC,53,Medium
1393,2021-01-22,,Standard,FL,31,High
1394,2022-02-14,,Gold,FL,57,Medium
1395,2023-06-14,2024-08-04,Gold,NC,29,High
1396,2022-05-30,,Standard,FL,27,Low
1397,2023-03-20,,Gold,WA,27,Low
1398,2023-05-24,,Standard,FL,54,Medium
1399,2021-01-14,,Standard,GA,39,Medium
1400,2023-08-29,,Standard,GA,40,Medium
1401,2023-09-05,,Standard,NY,70,Low
1402,2023-10-11,2024-10-24,Standard,MA,62,Low
1403,2023-11-02,2026-03-03,Standard,IL,45,Medium
1404,2021-03-28,2022-11-18,Standard,GA,25,High
1405,2023-06-28,2024-09-20,Gold,TX,68,Low
1406,2021-05-02,,Gold,NY,49,High
1407,2023-01-20,,Standard,NC,47,Low
1408,2022-11-16,2024-10-04,Standard,IL,45,Medium
1409,2021-11-05,,Gold,IL,57,Low
1410,2022-11-26,2025-02-08,Gold,NC,35,Medium
1411,2021-10-15,,Standard,MA,74,Low
1412,2021-11-03,2022-09-07,Standard,AZ,68,Low
1413,2023-07-03,,Gold,AZ,24,High
1414,2022-10-24,2024-03-02,Gold,CA,34,Medium
1415,2022-07-03,,Standard,CA,69,Medium
1416,2021-11-08,,Standard,NY,37,Low
1417,2023-05-23,,Standard,CA,41,High
1418,2023-12-19,2026-04-09,Gold,CA,36,Medium
1419,2023-07-13,2025-11-18,Standard,NC,46,High
1420,2023-01-25,2025-01-04,Standard,AZ,29,Low
1421,2021-02-04,,Standard,CA,22,Low
1422,2022-03-21,2024-07-25,Platinum,GA,63,High
1423,2021-04-03,,Gold,TX,35,Medium
1424,2021-12-19,,Gold,GA,55,High
1425,2023-06-22,,Gold,MA,44,Medium
1426,2023-05-12,,Standard,GA,68,Medium
1427,2021-06-08,2023-11-08,Platinum,NY,73,High
1428,2023-08-15,2024-06-19,Standard,CA,71,Medium
1429,2021-01-24,,Gold,CA,74,Medium
1430,2022-02-08,,Standard,NC,58,Low
1431,2023-03-16,2025-01-28,Standard,WA,34,Low
1432,2022-05-31,2022-12-13,Standard,MA,57,Low
1433,2023-01-02,,Gold,GA,57,Medium
1434,2022-06-16,2024-04-16,Gold,WA,26,High
1435,2023-08-14,,Standard,IL,38,Medium
1436,2021-06-01,,Standard,TX,42,Medium
1437,2023-08-05,2025-07-03,Platinum,TX,38,High
1438,2022-08-31,2024-11-21,Standard,AZ,71,Low
1439,2022-02-24,2023-03-06,Gold,CA,22,High
1440,2023-05-16,,Gold,AZ,52,High
1441,2022-08-01,,Standard,NC,37,Low
1442,2021-12-01,,Standard,MA,21,Low
1443,2023-07-21,,Standard,MA,29,Low
1444,2021-10-22,,Standard,IL,33,Medium
1445,2023-01-25,2025-05-12,Standard,NY,56,Low
1446,2021-07-05,2021-10-10,Standard,MA,57,Medium
1447,2022-09-29,,Standard,MA,50,Medium
1448,2022-06-14,2024-11-25,Gold,MA,51,High
1449,2021-01-21,2021-10-26,Gold,TX,43,High
1450,2023-06-30,,Standard,NY,70,High
1451,2023-05-17,,Standard,NY,48,Low
1452,2023-03-05,,Standard,FL,30,Low
1453,2021-04-10,,Standard,GA,45,Low
1454,2023-01-22,2023-07-11,Gold,NC,56,Medium
1455,2022-04-23,,Standard,CA,46,Medium
1456,2023-07-29,2024-02-11,Gold,MA,46,High
1457,2022-06-10,,Standard,MA,65,High
1458,2021-11-30,,Gold,FL,33,Low
1459,2021-01-02,2022-02-16,Standard,CA,37,Medium
1460,2022-01-10,,Gold,NY,60,Low
1461,2021-10-20,2023-08-19,Platinum,IL,24,Low
1462,2023-04-17,,Gold,TX,43,High
1463,2023-10-02,,Gold,MA,55,High
1464,2022-07-07,,Standard,NC,31,Low
1465,2021-11-14,,Platinum,NC,32,High
1466,2022-01-16,2024-03-01,Standard,MA,29,High
1467,2021-01-14,,Standard,NC,35,Low
1468,2022-05-19,,Standard,IL,65,Low
1469,2021-08-19,2022-10-28,Platinum,NC,57,Medium
1470,2021-05-10,,Gold,WA,25,High
1471,2023-04-18,,Platinum,CA,39,Medium
1472,2023-06-10,2024-07-31,Gold,FL,31,Low
1473,2021-01-28,,Standard,FL,29,Medium
1474,2021-03-07,2022-12-11,Platinum,AZ,55,Medium
1475,2021-09-18,,Platinum,TX,70,Medium
1476,2022-04-05,2024-06-01,Standard,CA,47,Low
1477,2021-10-28,,Standard,MA,33,High
1478,2023-07-08,,Gold,WA,32,Medium
1479,2021-10-14,,Platinum,IL,29,High
1480,2023-10-31,,Gold,AZ,62,High
1481,2022-09-22,,Gold,TX,48,High
1482,2021-09-27,,Platinum,TX,33,High
1483,2022-08-15,2023-09-10,Gold,GA,40,High
1484,2023-04-24,,Gold,CA,72,Medium
1485,2023-05-12,,Gold,WA,33,Medium
1486,2021-05-13,,Standard,NY,47,Medium
1487,2023-08-30,,Gold,IL,46,Medium
1488,2022-05-28,,Standard,AZ,49,Low
1489,2021-11-09,,Gold,MA,49,Medium
1490,2022-07-30,,Standard,FL,42,Low
1491,2023-06-05,2024-03-20,Standard,AZ,29,Medium
1492,2022-11-18,,Standard,NC,44,Low
1493,2021-06-14,,Gold,TX,62,High
1494,2021-11-01,,Standard,MA,39,Medium
1495,2021-06-05,,Standard,IL,58,Low
1496,2022-09-12,2024-02-02,Standard,WA,51,Medium
1497,2023-08-15,,Standard,NY,59,Low
1498,2021-11-30,,Standard,NC,35,High
1499,2023-08-27,2024-01-02,Standard,MA,74,Medium
1500,2022-05-26,,Standard,MA,52,Medium
1501,2023-11-10,2026-02-08,Standard,TX,71,High
1502,2021-10-09,,Standard,CA,66,Medium
1503,2023-03-08,2024-04-07,Standard,NC,68,High
1504,2023-10-22,,Gold,TX,66,Medium
1505,2021-04-29,,Standard,AZ,49,Medium
1506,2023-11-25,,Standard,NC,72,Medium
1507,2021-07-17,,Standard,NY,54,Low
1508,2022-04-30,,Standard,FL,29,Low
1509,2023-12-19,2024-03-21,Standard,AZ,55,Low
1510,2023-04-17,2025-04-08,Standard,NY,26,High
1511,2023-10-06,,Gold,WA,57,Medium
1512,2022-11-22,2023-05-07,Gold,TX,34,Low
1513,2023-11-02,,Standard,NY,67,Low
1514,2022-05-05,,Gold,CA,70,High
1515,2021-10-03,,Standard,GA,69,Low
1516,2022-11-24,,Platinum,FL,29,Medium
1517,2021-08-30,2023-03-10,Standard,WA,39,Medium
1518,2021-05-06,,Gold,MA,43,Medium
1519,2021-08-05,,Standard,TX,61,Low
1520,2023-11-29,,Gold,AZ,48,High
1521,2022-05-10,,Standard,GA,36,Medium
1522,2022-03-03,2022-11-26,Standard,NC,46,Low
1523,2023-07-08,,Gold,TX,58,Medium
1524,2021-05-31,,Standard,IL,60,Medium
1525,2022-01-19,,Gold,TX,45,Low
1526,2021-11-04,2023-11-08,Gold,IL,55,High
1527,2023-01-16,,Standard,MA,74,Low
1528,2023-06-11,,Standard,WA,25,High
1529,2022-01-10,2024-04-19,Standard,FL,27,Medium
1530,2023-10-29,,Gold,TX,43,Low
1531,2021-05-09,,Standard,MA,45,Low
1532,2023-10-12,,Standard,NC,21,Medium
1533,2022-10-31,,Platinum,GA,42,Medium
1534,2022-06-01,2023-06-01,Standard,CA,73,High
1535,2021-03-27,,Platinum,NY,24,Medium
1536,2021-11-07,,Gold,MA,48,Medium
1537,2022-03-03,,Standard,GA,68,Low
1538,2021-04-24,,Standard,IL,34,High
1539,2021-10-30,,Gold,MA,53,High
1540,2023-01-14,2023-09-12,Standard,NC,24,Medium
1541,2022-08-11,,Standard,MA,62,Low
1542,2023-09-14,,Standard,FL,31,Medium
1543,2021-12-11,,Gold,IL,59,Medium
1544,2023-03-25,,Gold,TX,52,Medium
1545,2023-03-12,,Standard,AZ,24,Medium
1546,2023-10-22,,Standard,CA,21,High
1547,2023-12-13,2024-08-22,Gold,TX,46,Low
1548,2023-12-29,,Platinum,NY,53,Medium
1549,2021-12-27,,Standard,MA,37,Low
1550,2023-10-07,,Standard,WA,47,Low
1551,2022-12-05,,Gold,MA,62,High
1552,2022-07-29,,Gold,IL,25,Medium
1553,2022-11-19,,Gold,FL,27,High
1554,2023-02-20,,Platinum,MA,45,Medium
1555,2022-08-08,,Gold,NY,28,High
1556,2022-08-12,,Standard,NC,54,Medium
1557,2022-05-04,,Gold,MA,61,Low
1558,2023-08-29,,Gold,TX,24,High
1559,2022-05-09,,Platinum,AZ,32,Low
1560,2021-01-19,,Standard,WA,51,Medium
1561,2022-02-01,,Standard,NY,31,Medium
1562,2023-09-28,,Gold,NY,57,Low
1563,2023-05-01,2024-05-14,Standard,IL,64,Low
1564,2023-04-02,2024-07-12,Standard,NY,73,Medium
1565,2022-03-31,,Gold,WA,56,Medium
1566,2022-12-26,,Standard,TX,65,Medium
1567,2023-12-25,,Gold,AZ,42,Medium
1568,2022-12-12,,Gold,GA,21,Medium
1569,2021-05-23,2023-05-03,Standard,MA,70,Medium
1570,2023-07-06,,Platinum,NY,24,High
1571,2023-04-08,,Gold,NC,56,Low
1572,2022-08-28,,Standard,FL,28,Medium
1573,2021-11-01,,Standard,NC,45,Medium
1574,2023-01-06,2025-01-02,Platinum,TX,48,Medium
1575,2021-10-18,2024-02-06,Standard,GA,72,Medium
1576,2021-04-12,,Standard,IL,58,Medium
1577,2023-05-17,,Standard,TX,56,Low
1578,2023-08-26,,Standard,NC,56,Medium
1579,2023-09-01,2024-10-04,Standard,WA,63,Low
1580,2023-04-22,2024-08-12,Platinum,MA,61,Low
1581,2023-08-20,,Gold,TX,66,High
1582,2023-07-31,,Standard,CA,24,Medium
1583,2023-10-24,,Standard,MA,33,Medium
1584,2021-03-26,2023-04-12,Gold,CA,58,Low
1585,2021-11-24,,Standard,NY,65,High
1586,2023-03-27,2025-07-27,Gold,FL,45,Low
1587,2022-03-30,2022-12-27,Gold,TX,23,Medium
1588,2022-09-21,,Gold,MA,52,Medium
1589,2022-10-27,2023-11-26,Standard,IL,59,High
1590,2021-01-12,2021-06-22,Standard,CA,21,High
1591,2021-10-31,,Standard,AZ,31,Low
1592,2023-09-02,,Standard,NC,22,High
1593,2023-02-22,,Standard,MA,25,Medium
1594,2021-02-12,,Platinum,FL,42,High
1595,2023-08-02,2024-06-05,Gold,TX,66,High
1596,2021-12-09,2024-02-25,Platinum,MA,33,Medium
1597,2022-05-13,,Gold,TX,68,Medium
1598,2021-12-30,,Standard,WA,43,Medium
1599,2023-06-10,,Gold,CA,67,Medium
1600,2022-03-03,2022-11-20,Standard,MA,51,Low
1601,2023-10-02,,Standard,MA,55,Low
1602,2021-01-21,2023-02-02,Standard,FL,58,Low
1603,2022-02-11,,Gold,FL,61,High
1604,2022-09-11,,Gold,NC,55,Low
1605,2023-10-12,,Standard,IL,65,Low
1606,2021-12-02,,Standard,TX,33,Medium
1607,2022-02-03,,Standard,GA,74,Medium
1608,2023-03-04,,Standard,NC,27,High
1609,2022-12-16,,Standard,FL,25,Medium
1610,2021-02-20,2022-02-16,Gold,GA,49,Low
1611,2021-11-20,,Gold,NY,28,High
1612,2023-02-28,2025-05-23,Standard,GA,28,Low
1613,2021-05-21,,Gold,CA,74,High
1614,2022-04-15,,Standard,MA,27,Low
1615,2023-02-26,,Platinum,FL,39,Medium
1616,2023-08-22,,Standard,MA,59,Low
1617,2023-10-05,2025-04-14,Gold,NC,43,High
1618,2022-01-08,,Platinum,WA,56,Low
1619,2022-05-09,,Gold,FL,62,Low
1620,2023-01-21,,Standard,FL,52,High
1621,2021-10-18,,Gold,AZ,65,Low
1622,2021-04-16,,Standard,MA,24,Medium
1623,2022-11-01,,Standard,FL,50,Medium
1624,2021-01-02,2021-12-26,Standard,WA,71,Medium
1625,2022-08-12,2022-11-29,Platinum,WA,62,Medium
1626,2022-10-06,,Platinum,CA,59,High
1627,2021-03-31,,Standard,TX,25,High
1628,2021-12-16,,Standard,FL,23,Medium
1629,2023-11-29,,Platinum,WA,42,Low
1630,2023-06-28,,Standard,WA,48,Low
1631,2021-06-08,,Standard,CA,42,Low
1632,2023-08-17,2025-06-14,Standard,AZ,42,Medium
1633,2021-11-08,2023-06-23,Gold,TX,54,High
1634,2022-03-21,,Standard,IL,49,Medium
1635,2021-10-25,,Gold,FL,63,Medium
1636,2023-08-10,,Standard,IL,62,Medium
1637,2021-02-05,,Standard,IL,33,Medium
1638,2022-07-13,2023-03-06,Standard,NC,27,Medium
1639,2023-06-10,,Standard,AZ,30,Medium
1640,2021-05-21,2022-10-21,Standard,NC,48,Medium
1641,2023-06-06,,Standard,MA,24,Low
1642,2022-12-27,,Gold,GA,52,Medium
1643,2023-11-16,,Standard,CA,42,Medium
1644,2022-06-05,,Gold,WA,40,Low
1645,2021-01-10,2021-09-21,Platinum,WA,68,Medium
1646,2023-09-11,,Gold,TX,40,Low
1647,2022-01-13,,Platinum,AZ,26,High
1648,2022-11-13,,Standard,WA,29,Low
1649,2022-08-07,,Standard,NC,48,Medium
1650,2021-06-01,,Platinum,GA,33,High
1651,2022-12-21,,Gold,NC,51,Medium
1652,2023-12-09,2025-01-11,Gold,IL,59,High
1653,2023-05-09,,Gold,MA,70,Medium
1654,2021-02-19,2022-10-19,Gold,WA,34,High
1655,2022-10-26,,Standard,IL,42,Medium
1656,2022-06-15,,Gold,WA,57,Low
1657,2023-12-20,,Standard,FL,74,Medium
1658,2023-05-07,,Standard,NY,65,Medium
1659,2021-05-26,,Standard,CA,44,Medium
1660,2023-07-04,2023-10-15,Standard,CA,28,Low
1661,2023-09-20,,Standard,WA,35,Low
1662,2021-08-30,,Gold,GA,71,Medium
1663,2022-08-04,,Gold,AZ,61,Medium
1664,2022-11-18,2023-06-27,Gold,TX,26,Low
1665,2022-04-28,,Standard,GA,43,Medium
1666,2022-11-04,,Platinum,AZ,45,Low
1667,2022-09-23,,Standard,GA,51,Medium
1668,2022-10-23,,Gold,FL,66,High
1669,2022-10-24,,Standard,GA,49,Medium
1670,2023-03-16,,Standard,TX,43,Low
1671,2022-02-23,,Standard,CA,30,Low
1672,2023-09-15,2026-01-06,Gold,GA,29,Medium
1673,2022-10-12,2024-03-23,Standard,NC,69,Medium
1674,2023-08-27,,Standard,AZ,33,Medium
1675,2022-08-13,2024-11-22,Standard,MA,52,High
1676,2022-05-24,,Standard,AZ,69,High
1677,2022-03-17,,Gold,CA,71,Low
1678,2023-07-10,2025-10-16,Standard,GA,65,Low
1679,2023-02-09,,Standard,NC,61,Medium
1680,2021-09-20,,Standard,GA,21,Medium
1681,2022-09-29,,Standard,GA,21,Medium
1682,2022-04-04,,Standard,WA,57,Medium
1683,2023-09-26,,Gold,FL,60,Low
1684,2022-12-01,,Standard,TX,38,High
1685,2021-10-29,,Standard,FL,56,Medium
1686,2022-07-08,,Standard,MA,51,High
1687,2021-10-15,2023-11-17,Standard,CA,74,Medium
1688,2022-09-13,2025-02-13,Standard,GA,21,Medium
1689,2023-10-03,,Standard,NY,67,Low
1690,2021-02-05,2022-01-23,Standard,FL,72,Medium
1691,2023-01-14,2025-01-15,Standard,IL,56,Low
1692,2021-12-19,,Gold,NY,29,Medium
1693,2021-03-14,2022-01-22,Gold,FL,42,Low
1694,2022-10-10,,Gold,IL,48,Low
1695,2023-12-30,,Standard,CA,46,Low
1696,2022-03-01,,Gold,GA,72,Low
1697,2023-09-26,,Platinum,NC,30,Medium
1698,2022-12-09,2023-11-21,Gold,NC,67,High
1699,2022-07-15,,Standard,FL,23,Medium
1700,2023-04-08,,Standard,GA,22,Medium
1701,2023-08-14,,Standard,FL,74,Low
1702,2022-06-01,,Standard,CA,57,Medium
1703,2022-03-04,,Standard,IL,51,Low
1704,2021-06-09,,Gold,GA,53,Low
1705,2021-05-29,2022-04-17,Gold,NY,52,Low
1706,2023-02-15,,Standard,IL,63,Medium
1707,2021-03-08,,Standard,NY,32,Low
1708,2023-10-11,2024-12-09,Standard,NY,23,High
1709,2022-01-16,,Standard,CA,68,Medium
1710,2021-02-27,2022-07-10,Standard,TX,46,High
1711,2021-12-08,,Standard,TX,34,High
1712,2022-12-28,,Standard,GA,32,Medium
1713,2023-02-09,2023-06-02,Platinum,MA,72,High
1714,2022-09-06,,Standard,AZ,46,Low
1715,2021-12-20,2022-12-15,Standard,TX,36,High
1716,2021-04-26,,Standard,GA,73,Low
1717,2022-10-24,2023-04-26,Standard,NY,28,Medium
1718,2022-03-29,,Standard,NC,69,Medium
1719,2021-10-14,,Gold,TX,69,High
1720,2023-10-14,,Standard,CA,48,High
1721,2021-11-07,,Standard,GA,27,Low
1722,2021-07-27,,Gold,AZ,35,Medium
1723,2022-09-10,,Standard,FL,61,Medium
1724,2022-03-22,,Standard,MA,56,Medium
1725,2022-11-01,,Standard,NY,28,Low
1726,2022-09-25,,Gold,NY,30,Medium
1727,2021-02-24,2021-10-13,Standard,FL,35,High
1728,2023-07-01,,Standard,TX,38,Medium
1729,2023-11-02,2025-12-24,Gold,NC,66,Medium
1730,2022-10-19,,Standard,FL,57,Medium
1731,2023-09-07,,Standard,NC,61,Medium
1732,2022-05-30,,Standard,NY,65,High
1733,2021-08-25,2023-11-10,Gold,AZ,71,Medium
1734,2021-12-14,2022-06-02,Gold,TX,63,Medium
1735,2022-09-19,,Platinum,GA,64,High
1736,2022-09-22,,Platinum,NY,55,Low
1737,2021-12-30,,Gold,FL,22,High
1738,2021-11-17,,Gold,NC,42,Medium
1739,2021-10-13,,Gold,NC,35,High
1740,2021-05-29,,Standard,NY,57,Low
1741,2022-02-10,2023-02-08,Standard,NY,59,Medium
1742,2023-09-05,,Standard,AZ,56,High
1743,2022-04-01,2023-04-01,Standard,AZ,25,Medium
1744,2023-03-11,,Gold,WA,68,Low
1745,2023-10-10,2025-04-16,Standard,FL,35,Low
1746,2023-02-23,,Standard,CA,47,Medium
1747,2022-04-05,2023-01-27,Standard,FL,36,Medium
1748,2023-01-08,2024-01-28,Gold,AZ,56,Medium
1749,2022-05-24,,Gold,WA,58,Medium
1750,2022-04-26,2022-09-01,Standard,TX,38,High
1751,2021-04-24,2022-05-06,Standard,NY,55,Medium
1752,2023-01-19,,Standard,MA,45,Low
1753,2021-12-27,2022-07-28,Standard,FL,42,Low
1754,2021-12-07,2022-12-14,Standard,FL,51,Medium
1755,2023-02-09,,Gold,IL,57,Medium
1756,2023-01-31,,Standard,AZ,54,Medium
1757,2023-08-27,,Standard,MA,43,Medium
1758,2022-03-25,,Standard,GA,36,Medium
1759,2023-04-15,,Standard,IL,26,High
1760,2021-11-07,2022-08-03,Standard,CA,35,High
1761,2021-09-19,,Standard,FL,38,Low
1762,2022-02-10,,Standard,WA,58,High
1763,2021-05-23,,Gold,WA,33,Medium
1764,2021-12-08,,Standard,GA,44,Medium
1765,2021-09-01,2022-03-06,Standard,NC,33,Medium
1766,2022-05-05,,Standard,IL,21,High
1767,2021-01-12,,Gold,IL,68,High
1768,2022-07-15,,Standard,WA,56,Medium
1769,2021-02-11,2021-11-18,Gold,WA,69,Low
1770,2022-11-09,2023-04-21,Platinum,NY,38,Medium
1771,2022-08-17,2024-02-04,Standard,WA,68,Low
1772,2021-05-14,,Gold,AZ,53,Medium
1773,2023-12-27,2026-05-19,Gold,WA,58,High
1774,2023-10-28,2025-06-05,Standard,IL,63,Medium
1775,2023-08-06,,Gold,NY,26,Low
1776,2021-03-14,2022-12-24,Standard,CA,37,Medium
1777,2022-02-03,,Standard,IL,24,Medium
1778,2022-08-01,,Gold,WA,34,Low
1779,2023-05-09,,Gold,WA,50,Medium
1780,2021-05-10,,Platinum,WA,66,High
1781,2023-07-20,,Standard,NY,40,Medium
1782,2021-09-23,,Standard,FL,28,Medium
1783,2023-03-04,2024-09-27,Standard,NY,74,Medium
1784,2021-09-10,2023-11-30,Standard,TX,22,Low
1785,2023-04-02,2023-10-24,Standard,AZ,57,High
1786,2021-06-13,,Standard,MA,24,Medium
1787,2021-04-05,,Standard,AZ,30,High
1788,2023-04-13,,Standard,WA,40,High
1789,2021-12-02,,Standard,MA,73,Medium
1790,2023-04-02,2024-12-16,Platinum,CA,55,High
1791,2021-08-26,,Gold,NC,68,High
1792,2022-01-16,,Standard,IL,30,Medium
1793,2023-06-18,2023-12-22,Gold,FL,48,Medium
1794,2022-04-28,,Gold,NC,35,Medium
1795,2023-06-21,2024-08-11,Gold,NY,56,Low
1796,2023-11-15,,Standard,TX,21,Medium
1797,2022-04-27,,Standard,GA,42,Low
1798,2023-07-06,2024-11-13,Gold,AZ,47,Medium
1799,2023-09-21,,Standard,NC,49,High
1800,2023-08-22,,Platinum,TX,35,Low
1801,2022-06-21,,Gold,WA,30,Medium
1802,2023-11-02,,Platinum,NY,40,Low
1803,2021-05-08,2022-06-14,Standard,NY,42,Medium
1804,2021-04-02,,Standard,IL,70,Medium
1805,2022-06-27,,Standard,MA,68,Low
1806,2023-04-26,,Platinum,MA,73,Medium
1807,2023-09-16,2025-11-15,Standard,NC,29,High
1808,2022-03-23,,Standard,CA,71,Medium
1809,2022-01-25,,Standard,MA,52,Medium
1810,2022-11-03,2024-12-25,Standard,MA,37,Medium
1811,2021-02-12,,Standard,WA,62,Low
1812,2021-09-11,2022-05-06,Standard,WA,39,High
1813,2023-12-20,,Gold,TX,60,Medium
1814,2022-10-25,2023-12-30,Standard,NY,47,Medium
1815,2022-04-12,,Gold,NY,71,Low
1816,2021-10-14,,Gold,NY,57,Medium
1817,2023-10-08,,Gold,TX,54,Medium
1818,2023-02-17,,Gold,GA,67,Medium
1819,2021-12-11,,Standard,WA,69,Medium
1820,2022-10-04,,Standard,TX,30,Medium
1821,2022-01-17,2023-08-24,Gold,NY,50,Medium
1822,2022-11-21,2023-03-13,Standard,NC,41,Medium
1823,2023-12-16,,Standard,WA,41,High
1824,2022-04-02,2022-10-13,Standard,FL,74,High
1825,2023-09-10,,Gold,MA,54,Medium
1826,2021-03-24,,Standard,WA,29,Medium
1827,2021-05-29,2023-07-02,Standard,WA,54,Low
1828,2021-07-09,,Standard,NY,70,Low
1829,2023-06-02,,Platinum,AZ,32,Medium
1830,2021-09-20,,Standard,GA,67,Medium
1831,2022-02-04,,Gold,WA,41,Low
1832,2023-02-03,,Standard,TX,40,Medium
1833,2022-09-01,2024-06-30,Gold,CA,26,High
1834,2023-02-24,,Standard,NY,70,High
1835,2021-04-11,,Gold,NY,65,Medium
1836,2023-03-31,,Standard,AZ,56,Medium
1837,2023-03-31,2025-09-07,Standard,IL,32,Low
1838,2022-02-24,2024-08-02,Gold,CA,61,Medium
1839,2021-05-04,,Gold,FL,51,High
1840,2022-02-26,,Gold,MA,22,High
1841,2023-12-23,,Gold,IL,36,Medium
1842,2023-02-07,,Standard,NC,21,Low
1843,2022-04-28,,Platinum,WA,24,Medium
1844,2022-06-03,,Standard,NC,67,Medium
1845,2021-06-04,2023-03-13,Gold,FL,72,High
1846,2021-04-02,2023-02-13,Standard,TX,21,Low
1847,2023-09-09,2025-09-26,Standard,GA,72,Medium
1848,2022-03-31,,Standard,TX,67,Low
1849,2022-08-21,,Standard,TX,55,Medium
1850,2022-05-25,,Standard,TX,33,Medium
1851,2022-01-21,,Standard,CA,70,Medium
1852,2022-02-09,,Standard,NY,65,Medium
1853,2021-09-03,,Standard,WA,62,Medium
1854,2023-01-12,,Standard,MA,51,Low
1855,2022-10-23,2023-08-30,Standard,CA,40,Medium
1856,2022-10-12,2023-01-24,Standard,IL,27,High
1857,2023-06-20,,Standard,IL,60,Low
1858,2021-03-06,,Gold,CA,53,Low
1859,2023-11-03,,Platinum,FL,48,Medium
1860,2021-08-01,,Standard,NC,70,Medium
1861,2021-08-30,,Gold,CA,64,Medium
1862,2022-05-08,2024-04-29,Gold,CA,70,Medium
1863,2021-12-04,2022-05-20,Standard,MA,64,High
1864,2021-06-22,2022-08-07,Gold,MA,40,Medium
1865,2022-11-03,,Standard,NY,52,Low
1866,2021-06-13,2023-11-26,Standard,MA,29,Medium
1867,2022-04-10,,Standard,NY,54,High
1868,2023-09-22,,Standard,TX,34,High
1869,2022-05-12,,Gold,NC,24,Medium
1870,2022-12-01,2023-10-27,Standard,FL,49,Medium
1871,2022-01-30,,Standard,NC,35,High
1872,2022-12-04,,Standard,NY,37,Medium
1873,2021-11-04,,Gold,MA,39,Medium
1874,2021-07-02,,Gold,CA,58,Low
1875,2022-09-21,2023-01-06,Gold,WA,29,Medium
1876,2022-05-25,,Standard,TX,47,Low
1877,2022-06-30,,Standard,AZ,69,Low
1878,2022-09-16,,Standard,IL,35,Medium
1879,2022-08-17,,Standard,NY,57,Medium
1880,2023-01-14,,Standard,NC,48,Medium
1881,2022-07-08,2024-11-11,Standard,MA,70,Medium
1882,2021-01-21,,Standard,TX,24,Low
1883,2022-07-08,,Platinum,IL,41,Low
1884,2022-02-01,,Gold,AZ,54,Low
1885,2022-09-17,,Standard,CA,39,Medium
1886,2021-04-15,,Standard,CA,57,Low
1887,2021-07-11,,Standard,NY,24,Low
1888,2021-01-17,2022-07-14,Gold,NY,57,Medium
1889,2022-01-28,,Gold,MA,71,Low
1890,2022-03-01,,Platinum,WA,52,Low
1891,2021-05-09,,Standard,MA,65,High
1892,2022-07-26,,Gold,FL,68,Medium
1893,2021-01-29,,Standard,TX,32,High
1894,2023-10-31,2025-04-15,Gold,TX,61,Medium
1895,2021-08-30,,Gold,NC,36,High
1896,2021-08-20,,Gold,CA,34,Low
1897,2023-02-28,,Standard,GA,74,Medium
1898,2022-12-16,,Gold,MA,21,Medium
1899,2023-01-29,,Standard,NC,72,High
1900,2023-03-13,2024-03-13,Standard,NY,52,Medium
1901,2023-02-15,,Standard,TX,41,High
1902,2022-12-27,,Standard,NY,24,Medium
1903,2021-07-19,2022-12-14,Standard,MA,29,Medium
1904,2023-08-03,2025-02-18,Standard,IL,71,High
1905,2021-03-20,,Standard,NY,66,High
1906,2023-08-14,2023-12-08,Standard,GA,42,Medium
1907,2023-05-06,,Standard,TX,32,Medium
1908,2022-04-12,2023-12-06,Standard,MA,50,Low
1909,2022-08-04,2024-02-08,Standard,NC,50,Medium
1910,2023-07-29,,Standard,WA,52,Low
1911,2022-03-25,,Standard,WA,56,Low
1912,2021-03-28,,Gold,MA,27,Medium
1913,2021-04-11,,Standard,WA,37,High
1914,2023-10-29,,Gold,TX,21,Low
1915,2023-04-25,,Standard,IL,34,Medium
1916,2021-03-28,,Platinum,NY,67,Medium
1917,2021-02-12,,Standard,GA,64,High
1918,2022-02-12,2024-07-27,Standard,AZ,64,Low
1919,2022-10-26,2024-01-21,Standard,NC,58,Medium
1920,2023-11-07,,Standard,TX,46,High
1921,2021-05-28,,Gold,CA,47,Medium
1922,2021-10-04,2023-01-19,Standard,FL,65,Medium
1923,2021-08-20,2023-12-08,Standard,FL,36,High
1924,2022-01-01,2023-09-07,Gold,NC,66,Low
1925,2022-03-12,,Standard,TX,27,High
1926,2022-02-03,,Standard,MA,52,High
1927,2022-05-14,2023-08-28,Standard,NY,45,Low
1928,2022-06-24,,Standard,MA,51,Medium
1929,2022-07-17,,Platinum,MA,36,Medium
1930,2022-03-18,,Gold,CA,61,High
1931,2023-02-12,2023-11-12,Gold,WA,34,Low
1932,2021-12-16,,Platinum,FL,45,Medium
1933,2022-06-04,,Standard,AZ,50,Low
1934,2021-05-18,,Standard,AZ,27,High
1935,2023-09-19,2024-06-28,Standard,NY,32,Medium
1936,2022-01-03,,Gold,FL,23,Medium
1937,2021-12-26,,Gold,CA,47,Medium
1938,2023-07-10,,Standard,NC,66,High
1939,2021-11-25,2023-05-30,Standard,TX,39,Medium
1940,2023-08-20,,Platinum,MA,63,Medium
1941,2022-04-08,2022-08-31,Standard,MA,57,Low
1942,2023-08-04,,Gold,GA,65,Medium
1943,2023-08-21,,Standard,NC,62,Medium
1944,2023-04-16,,Standard,GA,27,Medium
1945,2021-06-18,,Standard,GA,69,Medium
1946,2021-08-05,,Gold,WA,36,Medium
1947,2022-01-13,,Standard,AZ,52,High
1948,2021-04-29,,Standard,GA,28,Low
1949,2021-07-09,2022-05-24,Gold,MA,69,Low
1950,2023-02-06,,Gold,FL,33,High
1951,2022-01-05,,Gold,FL,31,High
1952,2021-05-29,,Standard,WA,40,Medium
1953,2022-10-14,,Gold,FL,38,High
1954,2023-02-09,,Standard,MA,57,Medium
1955,2022-01-09,,Standard,AZ,26,High
1956,2023-02-20,,Standard,AZ,40,Medium
1957,2021-06-09,,Standard,AZ,52,Low
1958,2021-12-17,,Gold,TX,66,Medium
1959,2023-06-11,,Standard,NC,64,High
1960,2022-06-07,2024-01-06,Standard,TX,49,Medium
1961,2022-06-06,2022-10-01,Gold,TX,24,High
1962,2023-02-22,,Gold,TX,27,Medium
1963,2021-09-30,,Gold,FL,63,Medium
1964,2023-07-25,,Standard,IL,40,Medium
1965,2021-07-02,,Gold,FL,54,Medium
1966,2022-05-03,2024-03-05,Standard,IL,56,Medium
1967,2023-04-26,,Platinum,FL,27,Low
1968,2021-05-04,2023-07-24,Standard,MA,53,High
1969,2023-09-12,2024-06-11,Gold,NC,35,Medium
1970,2023-03-01,,Standard,CA,72,High
1971,2022-02-18,2023-07-17,Standard,CA,52,Medium
1972,2022-11-17,,Standard,TX,42,Medium
1973,2021-04-23,,Standard,CA,60,Medium
1974,2023-06-07,,Standard,NC,49,High
1975,2021-05-02,2022-08-09,Gold,NC,45,Medium
1976,2021-02-08,,Standard,NY,25,High
1977,2022-05-12,2022-09-19,Gold,WA,34,Medium
1978,2023-02-19,,Standard,NC,70,High
1979,2023-08-01,,Standard,WA,55,High
1980,2021-05-29,,Gold,CA,22,Medium
1981,2023-10-19,2025-05-14,Gold,WA,45,Medium
1982,2022-10-23,,Standard,IL,74,Medium
1983,2021-10-29,,Standard,MA,36,High
1984,2021-08-26,2022-08-10,Gold,WA,66,Medium
1985,2022-10-09,,Standard,MA,36,Medium
1986,2022-10-25,,Standard,TX,31,Medium
1987,2021-08-24,2023-02-05,Gold,CA,69,Medium
1988,2021-07-22,2022-01-11,Standard,MA,55,Medium
1989,2021-09-13,,Standard,GA,43,Low
1990,2022-08-21,2023-01-03,Platinum,TX,25,Low
1991,2022-10-24,2024-04-05,Gold,MA,55,High
1992,2021-08-23,,Standard,NY,49,High
1993,2022-06-18,,Standard,WA,67,Low
1994,2023-05-10,,Standard,NY,25,High
1995,2023-02-09,,Gold,NC,74,Low
1996,2022-06-25,,Gold,IL,23,Medium
1997,2021-08-01,2023-08-31,Standard,TX,26,Low
1998,2022-04-08,,Standard,AZ,43,High
1999,2022-03-12,,Standard,AZ,66,High
2000,2021-10-10,2023-06-10,Standard,MA,22,Medium
2001,2021-03-29,,Gold,WA,38,Medium
2002,2023-12-04,,Standard,CA,50,Medium
2003,2022-04-06,2023-09-15,Standard,AZ,58,Medium
2004,2021-10-05,2022-05-18,Standard,CA,25,Low
2005,2022-02-25,,Standard,AZ,66,Medium
2006,2022-11-27,,Standard,TX,69,Medium
2007,2022-05-30,,Standard,AZ,31,Medium
2008,2022-12-04,,Gold,NC,21,Low
2009,2021-01-19,2021-10-18,Platinum,FL,30,Medium
2010,2021-01-23,2023-04-01,Platinum,MA,61,Medium
2011,2022-02-17,2022-11-05,Standard,IL,72,High
2012,2023-11-20,2026-04-15,Gold,AZ,64,Low
2013,2021-04-18,2023-02-26,Platinum,WA,46,Medium
2014,2021-05-16,,Standard,IL,53,Medium
2015,2021-12-28,,Standard,CA,47,Low
2016,2021-05-09,,Standard,NY,70,Medium
2017,2022-05-30,2024-07-17,Standard,NC,32,Low
2018,2022-03-25,,Gold,GA,22,Low
2019,2023-05-24,,Standard,GA,21,Medium
2020,2022-04-18,2024-01-06,Standard,IL,21,Medium
2021,2023-10-31,,Standard,NY,53,High
2022,2021-10-29,,Standard,WA,42,Medium
2023,2021-08-19,2022-03-16,Standard,IL,32,Medium
2024,2023-07-12,,Standard,CA,59,Medium
2025,2023-12-26,2024-12-30,Standard,TX,56,Low
2026,2023-07-26,,Gold,IL,41,High
2027,2021-04-22,,Gold,GA,40,Medium
2028,2023-11-03,,Gold,FL,56,Medium
2029,2022-05-15,2023-06-16,Gold,GA,46,Medium
2030,2023-07-21,,Gold,NY,67,High
2031,2022-08-21,,Gold,CA,51,Low
2032,2021-08-22,,Gold,WA,21,Low
2033,2022-08-25,,Gold,NC,58,Low
2034,2021-11-10,,Standard,MA,34,High
2035,2022-07-20,,Standard,FL,46,Low
2036,2023-11-02,,Gold,NC,66,Medium
2037,2021-07-28,,Standard,IL,62,Medium
2038,2023-11-04,,Standard,FL,27,Medium
2039,2023-11-10,,Standard,NY,74,High
2040,2022-08-10,,Standard,CA,32,Medium
2041,2023-10-12,,Platinum,WA,44,Medium
2042,2023-12-30,,Standard,NC,39,High
2043,2022-11-29,,Standard,IL,29,Low
2044,2021-05-12,,Standard,CA,55,Low
2045,2023-11-10,2026-01-15,Gold,IL,24,Medium
2046,2022-06-20,,Standard,WA,65,Medium
2047,2023-10-11,,Gold,NC,62,Medium
2048,2021-08-15,2022-08-16,Gold,IL,52,Low
2049,2023-04-02,,Standard,CA,66,Medium
2050,2023-05-21,2025-01-29,Standard,IL,26,Medium
2051,2022-02-09,2023-02-28,Standard,NC,48,High
2052,2021-07-21,2023-12-10,Gold,CA,48,High
2053,2021-02-07,,Gold,NY,60,Low
2054,2023-07-31,,Standard,TX,71,High
2055,2021-07-07,,Standard,CA,49,Low
2056,2023-12-17,,Standard,FL,62,High
2057,2023-07-30,,Gold,TX,74,Medium
2058,2023-11-10,,Standard,IL,25,Medium
2059,2021-09-30,,Standard,NC,25,Medium
2060,2022-08-06,,Standard,CA,57,Low
2061,2022-05-31,2022-10-20,Gold,NC,61,Low
2062,2022-06-10,2024-11-21,Gold,CA,48,Medium
2063,2021-12-02,,Standard,NC,61,High
2064,2022-11-29,,Gold,FL,67,Medium
2065,2023-12-15,2025-05-19,Standard,MA,29,Low
2066,2022-05-15,2022-10-03,Platinum,TX,49,High
2067,2023-06-19,,Standard,TX,34,Low
2068,2023-02-05,,Gold,CA,58,High
2069,2022-06-20,,Standard,IL,74,Medium
2070,2021-06-11,,Standard,WA,72,Medium
2071,2022-08-17,,Gold,WA,60,Low
2072,2021-06-08,,Standard,TX,54,High
2073,2021-03-01,,Standard,MA,57,Low
2074,2023-07-04,2025-09-28,Standard,WA,69,Low
2075,2021-07-30,,Standard,AZ,62,Medium
2076,2022-02-10,2022-07-21,Standard,WA,34,High
2077,2022-10-26,2023-02-20,Standard,GA,38,Low
2078,2022-06-26,,Gold,NC,53,Medium
2079,2023-09-25,,Gold,TX,74,Medium
2080,2023-07-16,,Standard,MA,54,Medium
2081,2023-05-18,2024-11-26,Standard,IL,48,Medium
2082,2021-01-19,,Gold,CA,56,Medium
2083,2022-03-08,,Standard,NY,65,Medium
2084,2023-01-10,,Standard,FL,68,Medium
2085,2021-07-02,2023-11-02,Gold,TX,57,Low
2086,2021-04-23,,Gold,MA,43,Medium
2087,2022-04-26,,Standard,CA,62,Low
2088,2023-04-11,2025-01-06,Standard,NY,37,Medium
2089,2023-02-02,,Standard,GA,31,Medium
2090,2022-04-21,,Platinum,TX,52,High
2091,2023-02-02,2024-06-06,Standard,IL,57,Medium
2092,2023-08-29,2024-06-14,Platinum,FL,35,Low
2093,2023-10-17,2026-02-13,Standard,NY,24,Low
2094,2021-06-10,,Standard,IL,59,Medium
2095,2022-02-05,2024-01-06,Standard,WA,50,Medium
2096,2021-07-17,,Gold,CA,30,Medium
2097,2022-10-22,,Standard,TX,43,Medium
2098,2023-12-07,,Standard,CA,44,High
2099,2022-02-03,2023-08-12,Gold,NY,56,High
2100,2021-03-19,2023-03-30,Platinum,AZ,72,Low
2101,2021-05-04,,Standard,AZ,25,Medium
2102,2021-03-16,,Standard,FL,57,Low
2103,2021-05-17,,Gold,WA,63,Medium
2104,2022-08-25,2024-07-09,Gold,GA,39,Medium
2105,2023-04-17,,Standard,MA,57,Medium
2106,2022-05-15,,Platinum,TX,73,Medium
2107,2021-05-18,2023-02-26,Standard,TX,28,High
2108,2021-02-19,,Gold,NY,27,Medium
2109,2023-08-31,,Standard,AZ,60,Medium
2110,2021-09-11,2024-02-07,Standard,NC,33,Low
2111,2022-12-11,,Standard,GA,57,Medium
2112,2022-07-17,,Gold,NY,47,Low
2113,2023-01-27,2024-05-09,Platinum,GA,38,Medium
2114,2022-07-01,,Standard,NC,44,Low
2115,2023-07-11,,Standard,AZ,61,Low
2116,2022-08-04,,Standard,IL,22,Low
2117,2021-02-18,2023-06-17,Gold,NC,36,Low
2118,2023-07-06,,Platinum,NY,34,Medium
2119,2022-12-05,,Gold,MA,37,Medium
2120,2021-09-18,,Standard,GA,26,Low
2121,2021-12-22,2022-09-14,Platinum,WA,55,Medium
2122,2022-09-30,,Standard,NY,37,Medium
2123,2023-01-13,,Standard,IL,65,Medium
2124,2023-10-07,,Standard,MA,58,Medium
2125,2023-07-20,,Standard,AZ,60,Medium
2126,2022-10-03,2023-02-21,Gold,FL,26,High
2127,2023-03-03,2023-08-18,Gold,TX,68,Medium
2128,2022-09-04,,Standard,NC,58,High
2129,2023-03-20,2024-07-06,Standard,TX,69,Medium
2130,2022-11-17,,Standard,NY,41,High
2131,2021-07-07,2023-05-03,Standard,AZ,55,High
2132,2023-09-12,,Standard,CA,43,Low
2133,2022-07-02,,Standard,MA,32,Low
2134,2022-12-26,,Gold,WA,49,Medium
2135,2023-07-15,,Gold,TX,47,Medium
2136,2023-05-26,2023-08-31,Platinum,GA,26,High
2137,2022-09-10,,Platinum,IL,41,Low
2138,2022-02-18,2022-12-18,Gold,TX,27,High
2139,2023-06-22,,Standard,NY,63,Low
2140,2021-06-12,,Gold,MA,61,Low
2141,2021-09-27,,Standard,MA,36,High
2142,2022-09-24,,Gold,NC,25,Low
2143,2023-06-25,,Standard,CA,35,Medium
2144,2021-07-24,,Gold,NC,41,Low
2145,2022-08-05,,Standard,FL,24,High
2146,2023-04-21,,Standard,WA,25,Medium
2147,2022-08-19,2022-12-11,Standard,AZ,27,High
2148,2021-09-07,,Standard,NY,55,Medium
2149,2023-05-25,,Platinum,NY,56,Medium
2150,2021-07-15,2023-01-05,Standard,AZ,35,Low
2151,2022-11-21,2025-03-27,Standard,AZ,48,Low
2152,2023-12-30,2026-04-22,Platinum,AZ,22,Medium
2153,2022-10-01,,Gold,CA,25,Medium
2154,2022-11-03,2024-05-02,Standard,AZ,27,Low
2155,2023-08-02,2025-02-02,Standard,AZ,42,Low
2156,2021-07-18,2022-05-01,Standard,TX,69,Low
2157,2022-05-07,,Gold,GA,51,Medium
2158,2023-06-15,,Gold,MA,52,Low
2159,2021-05-22,,Platinum,AZ,28,Low
2160,2021-06-14,,Standard,TX,61,Low
2161,2021-11-10,,Standard,FL,62,High
2162,2021-01-21,2021-07-23,Standard,MA,31,Low
2163,2023-09-11,2025-11-27,Gold,WA,21,High
2164,2021-11-01,2023-04-11,Standard,MA,67,Medium
2165,2022-01-06,2023-09-14,Standard,CA,60,Medium
2166,2023-05-03,,Standard,AZ,39,Low
2167,2022-01-19,,Standard,MA,64,Medium
2168,2022-03-21,,Gold,FL,58,Low
2169,2022-03-01,,Standard,CA,62,Low
2170,2021-06-10,,Standard,AZ,57,High
2171,2022-09-21,2024-11-08,Standard,NC,27,Medium
2172,2023-06-14,2024-09-23,Gold,MA,59,Low
2173,2022-05-05,,Standard,AZ,45,Medium
2174,2023-10-14,,Standard,NC,74,Medium
2175,2021-11-23,2023-09-30,Standard,CA,42,Medium
2176,2022-08-21,,Standard,IL,47,Medium
2177,2023-10-12,,Gold,GA,61,Low
2178,2021-10-16,,Standard,IL,67,Low
2179,2022-08-16,,Platinum,NC,58,Medium
2180,2022-07-27,,Standard,NY,68,Medium
2181,2021-01-28,2021-08-09,Gold,GA,59,Medium
2182,2023-08-12,,Gold,GA,35,Medium
2183,2021-02-12,2023-07-27,Standard,FL,22,Medium
2184,2022-02-27,,Gold,FL,28,Medium
2185,2021-06-26,,Standard,AZ,64,High
2186,2022-06-13,,Standard,MA,63,Low
2187,2023-08-24,,Standard,IL,26,Medium
2188,2021-07-17,,Standard,WA,40,High
2189,2022-09-02,,Gold,NY,47,Medium
2190,2023-04-22,,Standard,WA,65,Medium
2191,2023-05-03,,Gold,AZ,43,Low
2192,2021-01-22,,Standard,NC,68,High
2193,2023-12-17,2026-01-24,Standard,GA,60,Medium
2194,2023-12-26,,Platinum,NY,37,Medium
2195,2023-04-22,,Gold,AZ,33,Low
2196,2021-04-08,2023-03-25,Gold,NY,24,Low
2197,2022-03-11,2022-07-17,Gold,TX,40,Medium
2198,2022-09-29,,Platinum,IL,62,Low
2199,2022-08-11,2024-02-09,Standard,FL,45,High
2200,2021-12-10,,Gold,IL,42,High
2201,2022-07-25,,Standard,WA,72,Medium
2202,2022-09-03,,Standard,NY,68,Low
2203,2021-08-31,2022-11-27,Standard,CA,37,Low
2204,2022-07-15,,Standard,FL,60,Medium
2205,2023-08-18,,Standard,WA,31,Low
2206,2021-02-01,,Gold,TX,45,Medium
2207,2022-01-26,,Gold,TX,25,Low
2208,2021-10-04,,Standard,CA,41,Medium
2209,2022-06-16,,Standard,GA,46,High
2210,2022-01-18,,Standard,NY,36,Medium
2211,2023-12-28,,Standard,TX,60,High
2212,2023-06-03,,Gold,FL,41,Medium
2213,2021-08-02,,Standard,WA,68,Medium
2214,2022-01-11,2024-06-03,Standard,CA,52,Medium
2215,2023-01-14,2023-08-26,Platinum,GA,24,Low
2216,2021-08-01,,Gold,GA,58,High
2217,2021-03-20,,Gold,AZ,73,Medium
2218,2022-09-20,,Gold,WA,28,Medium
2219,2022-08-27,,Standard,FL,29,Medium
2220,2023-02-21,2024-05-29,Standard,TX,65,Low
2221,2023-09-28,,Gold,AZ,37,High
2222,2022-11-11,2023-09-28,Gold,MA,61,Low
2223,2021-02-27,,Standard,FL,33,High
2224,2023-11-16,,Standard,NY,29,Low
2225,2023-05-31,,Gold,WA,26,Medium
2226,2022-03-23,,Standard,CA,47,Medium
2227,2021-03-07,,Standard,TX,62,High
2228,2023-12-04,,Standard,MA,57,High
2229,2023-10-09,2024-02-14,Standard,NY,59,High
2230,2021-08-15,2024-01-24,Standard,CA,63,Medium
2231,2023-02-13,,Standard,TX,44,Low
2232,2022-11-10,,Gold,NC,29,Medium
2233,2022-08-24,,Standard,NC,62,Medium
2234,2022-01-14,,Standard,GA,31,Medium
2235,2022-12-10,,Standard,MA,55,Medium
2236,2021-11-03,,Platinum,MA,49,Medium
2237,2023-02-18,,Standard,NC,28,Medium
2238,2022-05-19,2022-10-02,Standard,AZ,37,High
2239,2021-09-25,2022-01-28,Gold,AZ,27,High
2240,2021-01-08,,Standard,GA,32,Medium
2241,2022-05-23,2022-11-23,Standard,TX,68,Medium
2242,2022-04-21,2023-07-15,Standard,AZ,35,Medium
2243,2021-06-13,2023-02-17,Platinum,AZ,73,Low
2244,2022-04-30,,Gold,IL,49,Low
2245,2024-01-01,,Platinum,IL,65,Low
2246,2022-07-21,,Standard,FL,70,Low
2247,2023-06-24,,Gold,IL,70,Low
2248,2022-07-13,,Standard,TX,44,High
2249,2021-08-26,,Gold,TX,57,Medium
2250,2022-07-08,2023-02-28,Gold,IL,34,Medium
2251,2023-04-08,2024-07-08,Standard,NY,31,Medium
2252,2022-04-13,,Gold,CA,55,Medium
2253,2022-01-21,,Standard,GA,37,Low
2254,2023-02-14,,Standard,TX,47,Low
2255,2023-04-28,,Platinum,NC,64,High
2256,2022-01-22,,Standard,TX,23,Medium
2257,2023-05-27,2023-10-28,Standard,FL,22,Medium
2258,2021-09-16,2022-07-30,Standard,TX,24,Medium
2259,2021-10-10,2024-01-31,Gold,MA,38,Low
2260,2021-02-09,2022-10-11,Standard,NC,40,Medium
2261,2022-05-01,,Standard,CA,41,Medium
2262,2023-07-18,2025-04-22,Gold,TX,34,Medium
2263,2021-08-08,2023-12-01,Standard,IL,28,Low
2264,2023-10-12,,Standard,TX,22,High
2265,2023-10-21,,Gold,GA,46,Medium
2266,2022-09-05,2023-06-02,Standard,FL,39,Medium
2267,2023-07-17,2025-02-26,Gold,GA,62,Medium
2268,2022-11-19,,Standard,CA,48,Medium
2269,2022-09-05,,Platinum,CA,49,Medium
2270,2021-09-17,,Platinum,CA,25,Low
2271,2023-09-17,,Standard,FL,63,Medium
2272,2023-08-24,,Standard,GA,48,Low
2273,2022-01-01,,Platinum,AZ,61,Low
2274,2022-06-28,,Standard,MA,68,Low
2275,2022-10-11,,Standard,CA,46,Medium
2276,2023-03-25,2025-02-08,Gold,NY,25,Low
2277,2023-11-06,,Gold,GA,35,Low
2278,2022-07-29,,Gold,GA,66,Medium
2279,2023-10-10,2024-06-10,Standard,IL,29,High
2280,2022-11-01,,Standard,WA,52,Medium
2281,2021-09-26,2024-02-19,Gold,WA,72,High
2282,2023-07-13,,Gold,NC,46,Medium
2283,2021-09-04,,Gold,FL,57,Medium
2284,2021-05-11,,Platinum,CA,35,Medium
2285,2021-12-19,,Gold,IL,61,Low
2286,2021-07-15,2023-03-31,Standard,CA,24,Low
2287,2023-07-19,,Gold,CA,73,Medium
2288,2023-10-19,,Standard,IL,73,Low
2289,2022-10-07,,Standard,IL,56,Medium
2290,2021-08-15,,Standard,MA,40,Medium
2291,2022-12-02,,Gold,TX,47,Low
2292,2021-09-22,,Platinum,WA,41,High
2293,2022-10-08,2024-09-23,Standard,TX,42,Medium
2294,2021-07-30,,Standard,NC,27,Medium
2295,2023-08-01,,Standard,IL,67,High
2296,2022-04-02,,Gold,FL,74,Low
2297,2022-12-26,2024-06-02,Gold,NC,51,Medium
2298,2023-09-09,2024-03-15,Standard,IL,37,Medium
2299,2022-08-11,,Gold,TX,70,Medium
2300,2022-04-21,,Standard,AZ,27,High
2301,2023-09-13,,Standard,AZ,39,Medium
2302,2021-06-05,,Standard,WA,48,Low
2303,2021-07-09,,Gold,NY,30,Low
2304,2023-09-08,,Standard,FL,47,Medium
2305,2022-06-30,2024-06-04,Gold,CA,33,Medium
2306,2021-02-10,,Standard,GA,22,Low
2307,2021-11-03,2023-02-07,Standard,NC,42,Medium
2308,2023-08-01,,Standard,IL,40,Medium
2309,2021-12-04,,Standard,AZ,63,Low
2310,2023-08-11,,Standard,NY,25,High
2311,2021-10-06,,Gold,FL,26,Low
2312,2023-06-15,,Standard,FL,55,Low
2313,2021-09-30,,Gold,AZ,21,Low
2314,2023-04-17,2025-01-28,Standard,GA,55,High
2315,2022-09-12,,Standard,NY,23,Medium
2316,2023-05-12,2024-08-05,Standard,MA,74,Low
2317,2023-07-20,,Platinum,GA,56,Medium
2318,2021-10-16,2022-05-05,Standard,TX,27,Medium
2319,2022-12-25,2024-06-19,Standard,FL,49,Medium
2320,2023-06-12,,Platinum,NY,35,Medium
2321,2021-09-29,,Standard,AZ,31,Low
2322,2023-12-26,,Gold,FL,38,Low
2323,2022-04-28,2024-08-20,Standard,GA,64,Medium
2324,2023-07-25,,Gold,CA,24,Low
2325,2021-09-05,2022-05-21,Standard,CA,44,High
2326,2021-06-05,,Platinum,FL,31,Low
2327,2023-12-07,,Standard,NY,26,Medium
2328,2022-03-30,,Standard,NY,71,Low
2329,2021-07-20,,Standard,NC,38,High
2330,2021-05-04,,Standard,TX,35,Low
2331,2021-01-01,,Gold,NC,23,High
2332,2023-08-26,,Standard,NC,37,Low
2333,2023-05-05,,Standard,TX,53,Medium
2334,2022-10-02,,Standard,AZ,54,Medium
2335,2021-07-10,2023-05-14,Standard,CA,50,Medium
2336,2022-05-31,,Standard,AZ,39,Low
2337,2022-03-18,,Standard,NC,29,High
2338,2021-05-23,,Gold,NY,60,Low
2339,2022-06-17,2023-01-31,Platinum,TX,64,Medium
2340,2021-08-15,2022-07-01,Standard,GA,51,Medium
2341,2023-08-07,,Gold,IL,47,High
2342,2022-04-05,,Standard,IL,67,Medium
2343,2022-07-05,2023-05-29,Standard,WA,45,Low
2344,2022-01-28,,Standard,FL,27,Medium
2345,2023-04-25,,Standard,MA,73,Low
2346,2021-07-29,,Standard,MA,68,Low
2347,2022-10-08,2023-09-15,Gold,GA,27,Medium
2348,2021-08-07,2023-01-14,Platinum,WA,40,High
2349,2022-02-11,,Standard,CA,73,High
2350,2023-06-07,2025-03-18,Standard,GA,64,Low
2351,2022-07-12,2023-12-05,Platinum,NC,69,Medium
2352,2022-07-04,,Standard,GA,63,Low
2353,2021-05-22,,Gold,IL,56,Medium
2354,2022-09-04,2023-10-01,Standard,MA,39,Low
2355,2022-05-16,2022-10-24,Standard,CA,22,Medium
2356,2023-04-20,2024-04-06,Standard,FL,54,High
2357,2022-12-03,2023-10-10,Gold,NC,37,Low
2358,2022-08-19,,Gold,FL,44,Medium
2359,2021-10-08,,Standard,IL,29,Low
2360,2022-02-28,,Gold,WA,74,High
2361,2023-05-06,,Standard,FL,21,Low
2362,2021-09-27,,Standard,WA,62,Medium
2363,2021-06-03,2021-11-16,Gold,NC,48,High
2364,2022-09-06,,Standard,MA,35,Low
2365,2022-10-24,,Standard,NY,41,Medium
2366,2021-03-24,,Standard,GA,35,Low
2367,2023-08-05,2024-01-03,Platinum,AZ,43,High
2368,2023-06-18,,Gold,CA,73,Low
2369,2021-10-11,,Gold,TX,22,High
2370,2023-09-07,,Standard,TX,66,High
2371,2021-06-22,2023-01-03,Gold,NC,56,Medium
2372,2023-12-23,,Standard,GA,70,Medium
2373,2023-02-02,,Platinum,GA,29,Medium
2374,2022-09-25,,Standard,GA,22,Low
2375,2023-02-26,,Standard,CA,22,Medium
2376,2023-08-01,2024-04-03,Standard,MA,38,Low
2377,2023-10-09,2026-03-22,Gold,NY,37,Medium
2378,2022-02-02,,Gold,GA,61,High
2379,2023-07-23,,Standard,AZ,28,High
2380,2022-11-07,2023-06-09,Standard,NY,54,Medium
2381,2023-07-25,,Gold,CA,54,Medium
2382,2022-04-10,,Standard,GA,25,High
2383,2021-10-13,2024-01-21,Gold,NC,64,High
2384,2021-09-22,,Platinum,CA,49,Medium
2385,2021-11-16,,Standard,NY,48,Low
2386,2022-11-04,,Standard,WA,36,Medium
2387,2023-03-31,,Standard,WA,34,Medium
2388,2021-03-30,,Standard,NC,72,Medium
2389,2023-04-01,2023-12-07,Standard,FL,22,High
2390,2023-09-28,,Gold,TX,60,High
2391,2021-11-30,2023-08-22,Standard,NC,24,Medium
2392,2021-08-10,,Standard,WA,72,Low
2393,2021-02-10,2023-01-26,Gold,NC,61,Low
2394,2021-03-09,,Gold,IL,72,Low
2395,2023-09-15,,Platinum,WA,51,Medium
2396,2022-05-29,,Standard,MA,46,High
2397,2022-11-26,2024-10-06,Gold,GA,47,Medium
2398,2023-11-06,,Platinum,MA,71,Medium
2399,2022-04-22,,Standard,FL,54,Low
2400,2023-12-22,,Standard,NC,51,Medium
2401,2023-05-31,2025-02-13,Standard,IL,68,High
2402,2022-03-08,,Gold,WA,31,Medium
2403,2021-09-25,,Standard,GA,28,Low
2404,2023-11-25,2024-06-07,Platinum,IL,32,High
2405,2023-02-18,,Gold,IL,55,Low
2406,2022-05-09,,Standard,MA,65,Medium
2407,2022-10-23,,Standard,TX,54,Low
2408,2023-10-10,,Standard,NY,33,Medium
2409,2023-11-25,,Standard,TX,47,Low
2410,2023-09-04,,Gold,NC,28,Medium
2411,2022-04-27,,Gold,NC,67,Medium
2412,2022-12-29,,Standard,TX,41,Low
2413,2022-04-25,,Gold,NY,61,High
2414,2023-12-25,,Standard,WA,31,Low
2415,2023-10-29,2024-06-05,Standard,IL,42,High
2416,2021-12-09,,Standard,IL,41,Medium
2417,2021-11-28,,Standard,TX,48,Medium
2418,2022-03-14,2023-06-03,Platinum,TX,23,Medium
2419,2021-06-23,2023-08-06,Gold,CA,27,Low
2420,2022-07-13,,Standard,NY,34,Medium
2421,2022-06-11,,Standard,MA,35,Medium
2422,2022-10-21,,Standard,IL,29,High
2423,2021-01-26,,Standard,MA,72,High
2424,2023-03-31,2025-08-12,Gold,GA,63,Low
2425,2022-08-28,,Platinum,WA,27,Medium
2426,2022-02-10,,Gold,TX,32,Medium
2427,2021-08-20,,Standard,CA,39,Medium
2428,2022-06-17,2024-11-19,Standard,CA,47,High
2429,2022-05-20,,Standard,NC,38,Low
2430,2021-06-28,2021-09-27,Standard,GA,33,Medium
2431,2021-05-12,,Standard,WA,63,Medium
2432,2021-12-14,,Standard,WA,21,Low
2433,2022-06-24,,Standard,FL,58,Medium
2434,2023-02-11,2023-12-30,Gold,TX,41,Low
2435,2021-03-17,,Gold,NC,54,Medium
2436,2022-08-02,,Standard,NY,33,Medium
2437,2023-05-04,,Gold,NY,65,Low
2438,2021-07-13,,Standard,AZ,71,Low
2439,2021-12-13,,Standard,WA,61,High
2440,2023-08-09,,Gold,MA,71,High
2441,2021-08-02,,Standard,GA,43,High
2442,2022-07-27,,Platinum,CA,21,High
2443,2023-02-19,2024-05-22,Standard,TX,43,Low
2444,2021-09-19,,Standard,GA,48,Low
2445,2022-12-31,,Standard,IL,52,Low
2446,2021-10-10,2022-09-15,Gold,FL,28,High
2447,2021-12-28,,Gold,CA,46,Medium
2448,2022-03-17,,Gold,GA,34,Medium
2449,2021-04-03,,Gold,GA,44,High
2450,2023-01-23,,Standard,FL,68,Medium
2451,2023-05-17,2023-11-30,Standard,GA,49,Low
2452,2021-05-22,,Gold,NC,24,Low
2453,2023-01-19,2024-01-19,Standard,CA,38,Low
2454,2022-10-15,,Platinum,IL,34,Medium
2455,2022-12-02,2023-08-28,Standard,CA,47,Medium
2456,2023-09-25,2025-12-17,Standard,FL,61,Medium
2457,2021-02-18,,Standard,IL,67,Low
2458,2023-05-31,,Gold,NY,23,Medium
2459,2022-07-09,,Platinum,TX,50,Medium
2460,2022-02-08,,Standard,WA,56,High
2461,2023-06-11,2024-06-27,Standard,NY,43,Medium
2462,2023-05-15,2025-03-18,Standard,NC,38,High
2463,2022-08-25,,Standard,CA,66,Medium
2464,2021-12-07,2024-05-09,Platinum,IL,67,Low
2465,2022-12-05,,Standard,TX,60,Medium
2466,2021-11-14,,Standard,TX,30,Low
2467,2022-09-10,,Standard,FL,32,Medium
2468,2022-01-17,,Standard,FL,73,Low
2469,2021-08-21,,Gold,FL,61,Medium
2470,2023-03-28,,Standard,MA,28,High
2471,2022-07-07,2023-03-28,Standard,CA,52,Low
2472,2023-05-06,2023-12-04,Platinum,AZ,37,High
2473,2023-03-30,,Standard,NC,61,Low
2474,2021-07-02,,Gold,GA,65,Low
2475,2023-12-01,,Standard,NC,34,Medium
2476,2022-02-01,,Standard,WA,57,High
2477,2023-02-18,2023-12-31,Standard,FL,29,Medium
2478,2023-06-26,,Standard,WA,46,Medium
2479,2021-05-07,,Standard,NC,68,Low
2480,2021-01-01,2022-06-18,Standard,MA,71,Low
2481,2021-01-19,,Standard,WA,44,Low
2482,2022-08-07,2024-01-06,Standard,CA,43,Medium
2483,2022-04-01,,Gold,IL,51,High
2484,2023-08-15,,Platinum,AZ,59,High
2485,2022-03-21,,Standard,AZ,64,Low
2486,2022-08-25,,Standard,NC,22,Medium
2487,2021-04-13,,Gold,GA,70,Medium
2488,2023-09-15,,Gold,FL,38,Low
2489,2022-06-04,,Standard,NC,36,Medium
2490,2023-05-09,,Standard,WA,49,Medium
2491,2021-06-23,,Standard,MA,31,Medium
2492,2023-10-02,2024-03-22,Standard,IL,22,Low
2493,2022-03-07,,Platinum,AZ,34,High
2494,2022-12-28,2025-04-30,Gold,NY,24,Medium
2495,2023-04-30,2025-05-16,Gold,AZ,59,Low
2496,2023-09-17,,Standard,IL,54,Medium
2497,2022-10-01,,Standard,CA,73,Medium
2498,2022-02-24,2024-02-15,Gold,WA,66,Medium
2499,2022-08-17,,Standard,TX,59,Medium
2500,2022-04-30,,Standard,MA,29,Low
2501,2022-02-16,,Standard,GA,60,Medium
2502,2023-07-25,2023-12-26,Standard,NY,61,Medium
2503,2021-11-28,,Standard,NC,27,Low
2504,2022-10-17,,Standard,FL,71,Medium
2505,2021-02-10,,Gold,FL,37,Medium
2506,2023-08-17,2024-08-21,Gold,FL,43,Medium
2507,2021-04-15,2023-09-16,Standard,NY,65,Low
2508,2021-07-21,,Gold,IL,31,Medium
2509,2022-03-26,,Standard,GA,42,Medium
2510,2023-06-29,2024-10-21,Standard,AZ,38,High
2511,2021-07-29,2022-12-28,Gold,NC,69,High
2512,2022-07-17,,Standard,TX,48,Medium
2513,2022-12-14,2024-11-20,Standard,GA,36,Low
2514,2023-02-10,,Gold,NC,62,Medium
2515,2022-03-30,2022-10-12,Platinum,TX,24,Low
2516,2022-10-29,2024-07-27,Standard,MA,56,Medium
2517,2022-09-21,,Standard,IL,42,Medium
2518,2022-01-22,,Standard,MA,31,Medium
2519,2021-10-23,,Standard,IL,41,Low
2520,2021-09-15,,Standard,WA,60,High
2521,2021-09-25,,Standard,AZ,61,Medium
2522,2022-02-23,,Gold,CA,36,Medium
2523,2021-08-23,2023-09-10,Standard,CA,62,Low
2524,2023-09-13,,Standard,IL,29,Medium
2525,2022-07-28,,Standard,CA,55,Low
2526,2021-02-18,,Standard,NY,54,Medium
2527,2021-08-11,2022-07-28,Platinum,NC,29,Medium
2528,2023-07-10,,Standard,GA,33,High
2529,2021-10-04,,Gold,MA,26,Low
2530,2022-02-24,,Gold,WA,24,Medium
2531,2022-09-03,2023-05-09,Gold,AZ,66,Low
2532,2022-01-10,2022-12-30,Standard,AZ,48,Medium
2533,2021-03-14,,Platinum,WA,31,High
2534,2023-11-20,2025-05-30,Standard,FL,54,Medium
2535,2021-07-14,,Standard,FL,55,Medium
2536,2023-04-27,,Standard,FL,25,Low
2537,2023-12-01,2024-09-17,Standard,WA,59,Medium
2538,2023-12-23,,Standard,CA,31,Low
2539,2021-01-23,,Standard,TX,32,Medium
2540,2021-12-26,,Standard,WA,63,Low
2541,2022-07-14,2023-03-15,Gold,CA,39,Medium
2542,2022-11-03,2023-02-13,Standard,GA,33,Low
2543,2022-11-10,,Standard,WA,24,Low
2544,2022-03-16,2023-04-06,Platinum,MA,34,Medium
2545,2023-07-22,,Standard,CA,64,High
2546,2021-01-07,2022-08-17,Gold,AZ,22,High
2547,2022-02-25,,Platinum,IL,28,High
2548,2023-04-13,,Standard,IL,42,Low
2549,2022-07-13,,Standard,WA,71,Low
2550,2023-07-03,2025-05-19,Gold,MA,33,High
2551,2023-10-04,,Platinum,MA,41,High
2552,2021-05-06,2023-10-04,Gold,IL,41,Medium
2553,2022-01-30,,Standard,CA,48,Medium
2554,2023-03-28,2024-02-25,Platinum,GA,53,Low
2555,2023-05-31,,Standard,WA,49,High
2556,2022-07-30,,Standard,GA,57,Low
2557,2021-11-21,2022-12-15,Standard,FL,42,Medium
2558,2023-07-19,,Standard,TX,46,High
2559,2023-04-13,2024-07-07,Gold,NY,31,Medium
2560,2023-11-21,,Gold,FL,31,Low
2561,2023-04-17,,Gold,NC,65,Low
2562,2023-07-15,,Standard,AZ,54,Low
2563,2022-03-19,,Standard,NY,39,Medium
2564,2021-03-16,2022-06-02,Gold,AZ,68,Medium
2565,2022-07-11,,Standard,WA,57,Low
2566,2021-12-29,2023-08-31,Platinum,FL,34,Low
2567,2022-03-24,,Gold,MA,49,Low
2568,2021-09-19,,Gold,IL,39,High
2569,2021-05-05,,Standard,IL,57,High
2570,2023-06-30,2024-10-17,Gold,GA,41,Medium
2571,2021-09-02,,Platinum,NY,44,High
2572,2022-06-26,,Standard,NC,46,Medium
2573,2022-04-30,,Gold,FL,61,Medium
2574,2021-05-02,2023-08-28,Standard,IL,32,Medium
2575,2021-05-05,2022-06-10,Standard,CA,68,Medium
2576,2021-06-19,2022-11-04,Gold,MA,39,Low
2577,2021-05-04,,Gold,AZ,67,Medium
2578,2023-11-25,2024-11-26,Gold,WA,69,High
2579,2022-10-08,,Standard,GA,50,Low
2580,2023-02-25,2025-06-13,Standard,NY,35,Low
2581,2021-07-20,,Gold,TX,23,Low
2582,2022-01-04,,Standard,IL,69,Low
2583,2023-03-08,,Standard,GA,33,Low
2584,2021-03-18,,Standard,CA,29,Medium
2585,2021-02-28,2023-05-13,Standard,CA,33,Low
2586,2022-03-07,2024-07-02,Gold,NC,36,Low
2587,2022-09-30,2025-01-13,Gold,NY,71,High
2588,2021-04-19,,Standard,NC,34,Medium
2589,2023-10-05,,Standard,NY,28,Low
2590,2021-03-09,,Standard,IL,74,Medium
2591,2023-12-29,,Standard,FL,39,Medium
2592,2021-11-01,,Standard,WA,52,Medium
2593,2022-11-05,,Standard,AZ,55,Low
2594,2021-12-31,,Gold,AZ,43,High
2595,2023-04-01,2025-02-11,Gold,FL,41,Medium
2596,2021-12-09,,Standard,CA,38,High
2597,2023-08-05,,Gold,MA,68,Low
2598,2023-06-18,,Platinum,WA,34,Low
2599,2023-02-01,,Standard,IL,36,Medium
2600,2021-12-07,,Standard,FL,44,Low
2601,2023-07-31,2024-10-18,Standard,WA,69,Low
2602,2022-01-18,,Standard,AZ,72,Low
2603,2023-10-01,,Gold,WA,52,Medium
2604,2021-10-27,2023-07-03,Gold,NY,31,Low
2605,2021-05-19,,Standard,GA,65,Low
2606,2021-12-25,,Gold,NY,31,High
2607,2023-04-16,,Gold,FL,24,Low
2608,2022-04-28,2022-08-11,Standard,IL,46,Medium
2609,2023-06-28,,Standard,TX,66,Medium
2610,2023-05-16,,Gold,NC,25,High
2611,2021-05-19,,Platinum,NC,56,High
2612,2023-09-23,,Gold,TX,53,Medium
2613,2022-03-11,,Platinum,WA,34,High
2614,2022-05-24,,Standard,TX,52,Medium
2615,2021-09-30,,Standard,NC,27,Medium
2616,2021-04-14,,Standard,CA,30,Low
2617,2023-02-01,,Standard,AZ,22,Medium
2618,2023-02-26,2023-07-10,Gold,NC,30,Medium
2619,2021-06-14,,Platinum,NC,55,Medium
2620,2023-09-26,,Gold,CA,41,Medium
2621,2022-06-04,,Standard,NC,60,Low
2622,2022-06-01,2023-07-16,Standard,WA,62,Medium
2623,2022-10-19,,Standard,CA,28,Medium
2624,2022-09-05,2024-09-14,Standard,AZ,66,Low
2625,2021-06-13,2022-08-02,Gold,IL,38,Medium
2626,2021-03-05,,Standard,NY,29,Medium
2627,2021-09-24,,Platinum,IL,74,High
2628,2021-09-03,,Gold,CA,61,Low
2629,2022-01-30,2022-09-24,Standard,CA,50,Medium
2630,2022-04-21,,Standard,FL,24,Low
2631,2023-09-04,2024-11-21,Gold,GA,55,Medium
2632,2023-11-10,,Standard,GA,34,Low
2633,2022-07-12,,Gold,CA,34,Medium
2634,2023-10-15,,Standard,NY,73,Medium
2635,2023-06-02,,Standard,FL,68,Low
2636,2021-05-27,2022-04-17,Standard,TX,57,Medium
2637,2022-10-28,,Standard,MA,40,Medium
2638,2022-09-12,2024-11-12,Gold,NY,49,Low
2639,2023-03-31,,Standard,CA,43,Medium
2640,2023-05-14,,Gold,CA,67,Medium
2641,2022-08-05,2024-07-07,Gold,NY,41,Low
2642,2023-10-20,,Gold,WA,51,Medium
2643,2022-11-26,,Standard,FL,52,Medium
2644,2022-02-11,2022-08-24,Gold,CA,61,High
2645,2022-02-03,2023-08-20,Standard,MA,27,Medium
2646,2022-12-16,2025-04-15,Standard,TX,33,Low
2647,2022-12-05,,Gold,IL,43,High
2648,2023-01-31,,Standard,AZ,28,Medium
2649,2022-05-14,2023-09-11,Gold,MA,32,Medium
2650,2023-09-01,2025-02-17,Standard,AZ,56,High
2651,2021-03-23,,Gold,NC,36,Medium
2652,2022-08-27,,Standard,WA,46,Medium
2653,2023-02-11,,Gold,MA,49,High
2654,2023-06-22,,Platinum,GA,49,Medium
2655,2021-12-31,2023-11-26,Standard,WA,26,Medium
2656,2021-06-12,,Standard,GA,57,Medium
2657,2023-12-08,,Gold,TX,53,Low
2658,2022-05-26,2023-03-31,Standard,TX,51,Medium
2659,2021-04-26,,Standard,TX,66,High
2660,2023-07-30,,Standard,WA,61,Low
2661,2021-12-03,,Gold,TX,38,Medium
2662,2023-05-31,2025-11-15,Gold,NY,58,Medium
2663,2023-01-07,,Gold,AZ,67,Medium
2664,2023-04-20,,Gold,AZ,51,Medium
2665,2021-05-27,,Gold,FL,36,High
2666,2022-03-19,,Standard,GA,60,Low
2667,2023-04-17,2024-09-29,Standard,AZ,71,Medium
2668,2023-11-03,2025-11-06,Standard,CA,57,Medium
2669,2023-08-01,,Platinum,AZ,34,Medium
2670,2021-10-14,2023-11-09,Gold,CA,59,Low
2671,2022-12-21,,Standard,FL,24,Medium
2672,2022-04-25,,Gold,NC,50,High
2673,2021-01-22,,Standard,WA,73,Medium
2674,2022-11-14,,Gold,MA,53,Medium
2675,2023-06-25,,Standard,NC,56,High
2676,2021-11-16,2022-03-13,Standard,FL,50,Medium
2677,2021-05-06,,Gold,AZ,34,Medium
2678,2021-10-04,,Gold,AZ,43,High
2679,2021-07-13,,Standard,GA,68,Low
2680,2022-11-27,2025-04-28,Standard,WA,48,Medium
2681,2021-02-26,,Gold,FL,27,Medium
2682,2021-01-19,2022-08-06,Gold,TX,62,Medium
2683,2021-09-21,2023-09-08,Gold,MA,30,Medium
2684,2023-03-05,2024-04-02,Standard,NC,24,Low
2685,2021-04-23,,Platinum,NY,64,Medium
2686,2022-06-26,2024-10-08,Gold,NY,58,Low
2687,2022-10-09,2024-02-15,Gold,NY,33,Low
2688,2022-08-02,2024-03-26,Gold,FL,41,Medium
2689,2023-12-25,2025-08-07,Standard,TX,53,High
2690,2021-01-25,,Standard,IL,60,Low
2691,2021-01-01,2022-03-14,Gold,NY,48,Medium
2692,2023-06-30,2024-05-24,Standard,NC,43,Medium
2693,2021-05-21,,Gold,IL,52,Low
2694,2022-10-10,,Standard,MA,68,High
2695,2021-07-07,,Standard,GA,25,High
2696,2021-07-20,,Standard,TX,46,Low
2697,2021-09-14,2023-07-05,Gold,GA,59,High
2698,2022-07-01,,Standard,NC,46,Medium
2699,2021-07-13,2023-09-05,Gold,WA,23,Low
2700,2022-12-04,,Standard,WA,44,Medium
2701,2023-03-13,,Gold,NY,73,Medium
2702,2023-07-31,2024-09-29,Standard,NC,54,Medium
2703,2022-02-18,,Standard,GA,54,Medium
2704,2023-06-29,,Gold,FL,40,Low
2705,2021-07-07,,Standard,IL,50,High
2706,2021-02-14,,Standard,NY,62,High
2707,2021-03-24,,Platinum,IL,40,Medium
2708,2021-12-24,2022-04-18,Standard,AZ,61,Low
2709,2023-12-26,2025-05-07,Standard,AZ,38,Medium
2710,2023-07-25,,Standard,AZ,58,Medium
2711,2022-01-10,,Standard,WA,40,High
2712,2021-06-11,,Standard,CA,26,High
2713,2021-11-18,,Standard,NC,62,High
2714,2022-03-26,,Gold,WA,45,Medium
2715,2023-11-03,,Standard,NC,61,High
2716,2021-07-03,,Gold,MA,61,Low
2717,2021-04-21,,Standard,GA,23,Medium
2718,2022-05-23,,Standard,AZ,64,Low
2719,2021-10-22,,Standard,AZ,63,High
2720,2023-06-23,,Gold,MA,66,High
2721,2023-09-01,2024-02-14,Gold,TX,39,Low
2722,2022-09-24,,Gold,CA,30,Medium
2723,2023-11-17,,Standard,TX,71,High
2724,2023-01-03,,Gold,WA,25,Medium
2725,2021-11-17,,Gold,TX,42,Medium
2726,2023-07-02,,Standard,NC,29,Medium
2727,2022-03-13,2023-01-13,Standard,FL,53,Medium
2728,2023-02-20,,Standard,NC,35,High
2729,2023-12-13,,Gold,NY,44,Medium
2730,2022-12-27,,Standard,WA,50,Low
2731,2021-01-31,2022-03-24,Gold,AZ,56,Low
2732,2021-12-03,,Standard,WA,59,Low
2733,2021-07-02,,Standard,TX,26,Medium
2734,2023-11-13,,Standard,IL,35,High
2735,2022-06-28,,Standard,WA,58,Medium
2736,2023-10-31,,Standard,GA,59,High
2737,2022-10-22,,Standard,WA,72,High
2738,2021-06-09,,Gold,NC,42,Medium
2739,2023-11-04,,Standard,IL,23,Medium
2740,2022-02-16,2024-06-28,Standard,CA,73,Medium
2741,2023-10-09,,Standard,NC,49,Low
2742,2021-02-22,,Standard,IL,49,Medium
2743,2022-02-12,,Standard,IL,51,Medium
2744,2023-04-27,,Standard,WA,65,Medium
2745,2023-11-12,2024-03-03,Standard,MA,22,Medium
2746,2023-11-20,2026-03-14,Standard,FL,55,Medium
2747,2022-12-04,,Platinum,MA,65,Medium
2748,2021-09-17,2023-10-16,Standard,IL,29,Medium
2749,2023-12-19,,Standard,WA,42,Low
2750,2023-02-15,,Standard,FL,39,Medium
2751,2023-11-02,,Standard,AZ,70,Medium
2752,2023-04-30,2025-07-15,Gold,GA,57,High
2753,2021-12-20,2023-01-23,Standard,TX,30,Low
2754,2023-05-23,,Standard,FL,66,Medium
2755,2023-09-18,,Gold,AZ,41,Medium
2756,2023-10-15,,Standard,AZ,37,Low
2757,2021-10-21,,Platinum,GA,23,Medium
2758,2021-07-28,,Gold,NY,27,Medium
2759,2023-03-29,,Standard,CA,61,Medium
2760,2022-01-25,,Standard,GA,57,Low
2761,2021-11-21,,Standard,CA,56,Medium
2762,2023-07-29,2025-06-16,Standard,NY,23,Low
2763,2023-06-08,2024-05-29,Standard,NY,33,Medium
2764,2022-10-30,,Standard,GA,61,High
2765,2022-09-25,,Platinum,CA,50,Low
2766,2022-07-31,2023-12-17,Standard,MA,43,Medium
2767,2021-05-17,2023-05-22,Gold,TX,27,Medium
2768,2022-03-04,,Gold,MA,50,Medium
2769,2022-09-04,2023-08-26,Gold,CA,49,Medium
2770,2023-06-30,,Standard,NC,28,Medium
2771,2023-03-30,,Standard,NC,30,Low
2772,2021-05-21,,Gold,AZ,53,Low
2773,2021-06-26,,Gold,NC,40,Medium
2774,2021-07-17,,Platinum,NC,49,Low
2775,2022-09-16,,Gold,TX,49,Low
2776,2022-11-22,,Standard,NY,73,Medium
2777,2022-02-05,,Standard,AZ,41,Low
2778,2022-04-16,,Standard,NY,21,Low
2779,2021-08-06,2022-10-02,Gold,CA,71,Low
2780,2023-07-18,2025-12-03,Standard,GA,54,Low
2781,2022-09-24,2024-03-16,Gold,AZ,64,Medium
2782,2023-08-09,2025-05-24,Platinum,FL,52,Low
2783,2023-06-25,,Gold,AZ,65,Medium
2784,2021-06-24,,Standard,IL,34,Medium
2785,2021-01-23,,Standard,NY,57,Medium
2786,2021-08-23,,Gold,CA,55,Low
2787,2023-11-03,,Standard,NC,44,High
2788,2023-07-18,,Standard,IL,69,Medium
2789,2022-06-07,,Standard,WA,21,Low
2790,2022-03-07,2024-02-05,Standard,FL,66,Low
2791,2023-03-04,2024-02-03,Standard,MA,26,Medium
2792,2022-06-17,,Platinum,NY,69,High
2793,2023-09-06,,Platinum,MA,24,Medium
2794,2023-03-21,2023-07-24,Platinum,CA,58,Medium
2795,2023-07-02,2024-11-03,Standard,MA,21,Low
2796,2023-05-21,,Platinum,CA,61,Medium
2797,2022-06-24,2022-10-19,Platinum,CA,51,Low
2798,2023-10-21,,Platinum,TX,56,Medium
2799,2021-08-15,,Gold,TX,29,Low
2800,2023-05-23,,Gold,FL,61,Low
2801,2023-06-11,,Standard,CA,74,Medium
2802,2023-11-03,,Gold,FL,65,Medium
2803,2021-07-29,,Standard,TX,43,Medium
2804,2023-01-11,,Standard,FL,51,High
2805,2022-02-01,,Platinum,FL,49,Low
2806,2021-01-31,2021-12-06,Standard,GA,69,Medium
2807,2023-06-17,,Standard,GA,41,Medium
2808,2022-10-11,,Platinum,CA,23,Medium
2809,2021-11-25,,Platinum,IL,46,High
2810,2023-08-10,,Standard,MA,26,Low
2811,2022-09-13,,Gold,FL,40,Low
2812,2021-06-11,2022-10-19,Standard,IL,67,Medium
2813,2023-02-15,,Standard,TX,66,Medium
2814,2021-10-01,,Standard,NY,33,Low
2815,2023-10-24,,Standard,MA,61,Medium
2816,2023-11-18,,Standard,NC,43,Medium
2817,2021-11-22,2023-10-26,Standard,MA,35,Medium
2818,2023-07-29,,Platinum,FL,66,Low
2819,2022-06-24,2024-11-04,Gold,CA,51,Low
2820,2022-05-03,,Gold,CA,24,Low
2821,2023-04-02,,Gold,FL,31,Medium
2822,2023-12-25,2024-12-19,Standard,FL,74,Low
2823,2021-12-22,,Platinum,WA,22,High
2824,2021-08-23,2023-11-26,Gold,MA,36,Low
2825,2021-08-15,2023-08-25,Standard,GA,71,High
2826,2021-02-18,,Standard,GA,51,Medium
2827,2021-04-28,,Gold,NC,68,Low
2828,2021-02-23,,Gold,IL,59,Medium
2829,2022-07-19,,Gold,NC,63,Medium
2830,2023-12-04,,Standard,NY,64,Medium
2831,2021-02-22,,Standard,NY,24,Medium
2832,2022-07-12,2024-12-09,Standard,WA,68,Medium
2833,2023-05-18,2025-01-07,Gold,CA,48,Medium
2834,2022-02-02,,Standard,MA,36,Medium
2835,2022-11-06,,Standard,NY,59,Medium
2836,2022-01-22,,Standard,IL,45,Low
2837,2021-04-21,,Gold,MA,33,High
2838,2022-09-06,,Standard,MA,25,Medium
2839,2021-01-17,2022-01-27,Standard,GA,50,High
2840,2023-06-03,2024-11-27,Gold,CA,21,Low
2841,2022-06-25,,Platinum,NY,25,High
2842,2021-06-20,,Standard,GA,74,High
2843,2022-02-13,,Standard,AZ,34,Medium
2844,2023-01-10,2025-05-10,Platinum,TX,31,Medium
2845,2023-05-08,,Standard,AZ,54,High
2846,2021-08-18,2022-09-28,Gold,AZ,49,High
2847,2021-04-29,2023-03-09,Gold,TX,38,Medium
2848,2023-02-23,,Standard,AZ,35,Medium
2849,2022-04-10,2023-05-01,Gold,NY,66,High
2850,2021-04-14,,Gold,MA,45,Low
2851,2022-11-29,2024-01-30,Standard,GA,50,Low
2852,2021-06-24,,Standard,FL,65,High
2853,2023-01-15,,Platinum,WA,22,High
2854,2022-10-27,,Standard,GA,71,High
2855,2021-02-02,,Gold,IL,60,Medium
2856,2021-02-24,2022-03-27,Gold,CA,47,Medium
2857,2022-06-03,,Standard,NY,74,High
2858,2023-01-26,,Gold,GA,69,Medium
2859,2021-01-12,2022-06-13,Platinum,NY,35,Medium
2860,2022-12-21,,Standard,NC,52,Medium
2861,2022-07-09,2023-09-22,Standard,TX,40,Low
2862,2022-01-08,,Platinum,FL,73,Low
2863,2022-04-29,,Standard,IL,34,Medium
2864,2023-08-31,2025-04-22,Standard,MA,47,Medium
2865,2022-09-15,,Platinum,MA,23,Low
2866,2021-11-03,,Gold,GA,69,Medium
2867,2022-04-02,,Platinum,AZ,23,Medium
2868,2021-06-09,,Standard,TX,33,Medium
2869,2021-11-27,,Standard,AZ,45,Low
2870,2023-02-15,,Standard,AZ,38,Medium
2871,2021-08-13,,Gold,IL,21,Low
2872,2023-09-10,2025-05-16,Gold,NY,59,Low
2873,2022-12-30,,Standard,GA,25,Low
2874,2023-12-05,,Standard,MA,22,Medium
2875,2023-12-19,,Gold,CA,50,Low
2876,2022-10-06,,Standard,AZ,37,Low
2877,2022-09-08,,Standard,NC,49,Low
2878,2021-07-14,,Platinum,IL,73,High
2879,2022-05-04,,Standard,WA,62,High
2880,2021-06-06,,Gold,GA,24,Low
2881,2022-09-02,,Gold,NC,29,Medium
2882,2022-02-16,,Standard,AZ,41,High
2883,2022-04-16,,Standard,NY,63,Low
2884,2022-05-31,,Standard,IL,32,Low
2885,2022-01-28,2023-09-01,Gold,FL,32,Low
2886,2022-09-23,,Standard,CA,70,High
2887,2022-08-31,,Gold,IL,24,Medium
2888,2023-09-07,2025-07-21,Platinum,NC,48,Low
2889,2022-03-10,2022-06-16,Platinum,MA,29,Low
2890,2022-06-24,,Standard,CA,60,High
2891,2021-10-05,,Gold,FL,71,Medium
2892,2021-08-21,,Platinum,WA,52,Medium
2893,2021-12-28,2023-08-06,Standard,GA,33,Low
2894,2021-01-26,2023-04-20,Standard,AZ,54,Medium
2895,2023-11-15,,Standard,TX,39,Low
2896,2022-05-22,,Standard,NY,34,Medium
2897,2021-09-24,2023-07-05,Gold,NC,25,Low
2898,2022-04-06,,Standard,IL,47,Low
2899,2022-04-01,,Gold,MA,48,Medium
2900,2023-12-28,2025-10-08,Gold,NY,46,High
2901,2023-10-04,2025-03-16,Gold,MA,30,Medium
2902,2023-05-13,2025-02-12,Gold,IL,44,Low
2903,2022-05-06,,Standard,NC,37,Medium
2904,2023-12-09,,Gold,WA,72,Medium
2905,2022-07-18,,Standard,WA,36,Medium
2906,2021-08-04,,Standard,FL,37,Medium
2907,2022-07-13,,Standard,AZ,21,Low
2908,2021-06-08,,Platinum,GA,41,Medium
2909,2022-05-04,,Platinum,TX,74,Medium
2910,2022-11-17,2025-04-16,Standard,GA,67,High
2911,2023-03-05,,Standard,FL,69,Medium
2912,2021-01-05,,Gold,WA,63,Medium
2913,2021-12-27,,Standard,MA,42,Medium
2914,2022-04-04,,Standard,FL,25,Medium
2915,2021-09-05,2023-12-11,Gold,AZ,56,Medium
2916,2023-08-04,,Standard,NC,41,Medium
2917,2022-02-26,,Standard,AZ,29,High
2918,2021-01-15,,Standard,CA,47,Medium
2919,2023-01-06,,Standard,AZ,68,Low
2920,2021-10-04,,Standard,NC,32,Low
2921,2022-03-29,,Standard,NY,38,Medium
2922,2022-08-21,,Standard,IL,74,Low
2923,2022-03-22,,Standard,NC,55,Medium
2924,2021-07-29,,Gold,AZ,35,Medium
2925,2022-12-15,,Platinum,WA,70,Medium
2926,2021-10-29,,Standard,FL,64,Medium
2927,2021-01-03,,Gold,FL,50,Medium
2928,2023-09-17,2024-04-01,Standard,FL,65,High
2929,2022-06-04,2023-05-04,Standard,WA,53,Medium
2930,2022-05-08,,Standard,MA,56,Medium
2931,2022-09-12,,Standard,IL,60,Low
2932,2021-11-27,,Gold,NC,71,Medium
2933,2021-11-29,,Standard,AZ,73,Low
2934,2021-02-19,2022-01-29,Standard,MA,50,Medium
2935,2023-05-13,,Gold,AZ,46,Medium
2936,2021-09-29,,Standard,FL,41,Medium
2937,2022-08-03,,Standard,AZ,57,Low
2938,2022-07-14,,Standard,WA,63,Medium
2939,2022-11-27,,Standard,NY,51,Medium
2940,2022-03-22,2022-07-22,Standard,AZ,37,Medium
2941,2023-10-14,,Standard,MA,37,High
2942,2021-12-23,2022-04-14,Standard,NC,54,Medium
2943,2021-10-01,,Standard,IL,44,Low
2944,2023-11-09,,Gold,FL,53,Medium
2945,2021-11-07,,Gold,CA,24,Medium
2946,2023-05-20,,Platinum,NC,29,Medium
2947,2023-06-05,,Platinum,NY,22,High
2948,2021-06-03,,Platinum,TX,55,Low
2949,2022-09-12,2024-06-28,Gold,AZ,58,High
2950,2023-06-02,,Gold,AZ,65,Low
2951,2023-03-08,,Standard,IL,35,Medium
2952,2021-05-05,,Gold,IL,63,Low
2953,2022-09-11,,Standard,FL,62,Low
2954,2021-09-02,2022-01-18,Gold,CA,23,High
2955,2023-04-28,2024-10-30,Standard,CA,51,Medium
2956,2022-03-26,,Gold,WA,72,High
2957,2023-07-19,,Standard,FL,61,Low
2958,2022-06-04,,Standard,FL,62,Medium
2959,2021-12-28,,Standard,NY,73,Medium
2960,2021-01-08,2022-11-18,Standard,GA,43,Low
2961,2022-04-23,,Standard,NY,32,Low
2962,2022-05-10,2023-07-09,Standard,AZ,28,Low
2963,2023-04-13,,Standard,TX,73,High
2964,2023-11-29,2025-02-18,Standard,FL,41,Medium
2965,2022-08-16,,Gold,CA,41,Medium
2966,2021-07-06,2022-02-02,Standard,IL,52,Low
2967,2023-01-24,,Standard,TX,37,Low
2968,2021-04-03,,Platinum,CA,74,Medium
2969,2021-03-27,,Standard,CA,57,High
2970,2023-12-04,,Standard,TX,44,Medium
2971,2021-05-17,,Standard,IL,28,Medium
2972,2022-02-25,2023-08-12,Gold,GA,38,Medium
2973,2021-03-15,,Standard,WA,31,High
2974,2021-06-20,,Standard,FL,74,Medium
2975,2021-06-19,2022-09-10,Gold,NY,30,High
2976,2023-05-22,2025-04-12,Standard,AZ,46,Low
2977,2021-11-18,,Gold,NY,67,Medium
2978,2022-04-01,,Standard,CA,26,Medium
2979,2023-08-02,,Standard,FL,71,Medium
2980,2023-03-01,,Gold,IL,37,Medium
2981,2022-09-05,2023-11-14,Standard,IL,43,Low
2982,2023-06-08,2024-03-16,Gold,IL,62,Low
2983,2021-12-15,,Platinum,AZ,57,High
2984,2021-01-10,2022-05-30,Standard,AZ,48,Low
2985,2023-01-10,,Platinum,FL,36,High
2986,2022-10-29,,Standard,GA,32,Medium
2987,2022-06-30,2023-10-09,Gold,CA,41,Medium
2988,2021-05-09,,Standard,IL,44,High
2989,2022-08-24,2024-02-27,Standard,IL,48,Medium
2990,2022-08-28,,Standard,IL,57,Medium
2991,2021-11-23,2024-03-17,Standard,AZ,41,Low
2992,2023-09-07,,Standard,GA,53,High
2993,2022-02-08,,Platinum,NY,22,Medium
2994,2022-09-21,,Gold,GA,57,Medium
2995,2022-12-19,,Standard,AZ,39,Medium
2996,2023-11-07,2025-11-26,Standard,NY,48,Low
2997,2021-10-01,,Gold,TX,35,High
2998,2022-11-16,,Standard,FL,21,Low
2999,2021-04-26,,Standard,TX,63,Low
3000,2023-05-11,2024-01-01,Standard,FL,48,Low
3001,2022-11-24,,Standard,IL,70,Low
3002,2021-11-20,2023-06-10,Standard,TX,55,Medium
3003,2023-08-19,,Gold,AZ,52,Low
3004,2021-04-24,2023-05-06,Gold,CA,48,Low
3005,2023-12-18,,Standard,NY,29,Low
3006,2021-06-03,2022-10-13,Platinum,MA,44,Medium
3007,2021-11-11,,Standard,NC,24,Medium
3008,2023-12-01,,Standard,CA,65,Medium
3009,2021-04-15,2022-04-25,Standard,TX,61,Medium
3010,2021-12-20,,Standard,NY,23,Medium
3011,2023-10-13,2024-04-30,Standard,TX,68,Medium
3012,2023-01-03,,Standard,TX,42,High
3013,2022-12-10,,Standard,WA,60,Low
3014,2022-10-13,,Standard,MA,59,Medium
3015,2023-04-04,,Gold,WA,69,Medium
3016,2023-08-05,2025-07-14,Gold,WA,45,Medium
3017,2022-10-23,,Standard,GA,68,High
3018,2021-04-09,2023-09-08,Gold,AZ,73,Low
3019,2022-08-11,,Platinum,AZ,42,Medium
3020,2021-10-09,,Gold,WA,70,Medium
3021,2022-02-07,,Standard,IL,68,Low
3022,2022-12-01,2023-04-19,Standard,GA,67,Low
3023,2021-07-18,,Gold,TX,54,Medium
3024,2021-11-23,,Standard,MA,40,Low
3025,2021-06-03,2021-09-14,Standard,WA,56,Low
3026,2022-07-06,,Standard,MA,57,Low
3027,2022-02-09,,Gold,FL,59,Low
3028,2022-04-07,,Gold,GA,47,Low
3029,2021-05-12,,Standard,MA,67,Medium
3030,2023-03-02,,Standard,TX,69,Low
3031,2023-05-24,2024-01-02,Platinum,FL,52,High
3032,2021-03-25,,Standard,IL,62,Low
3033,2023-01-24,2024-12-01,Standard,TX,72,Medium
3034,2022-09-20,,Standard,NC,49,High
3035,2021-08-09,,Gold,AZ,61,High
3036,2022-07-07,,Gold,CA,68,Medium
3037,2021-04-22,,Platinum,NY,52,Medium
3038,2022-09-07,2024-07-23,Standard,CA,44,Medium
3039,2023-07-13,,Standard,IL,23,High
3040,2022-04-20,,Standard,AZ,74,Low
3041,2023-04-16,2024-06-21,Gold,MA,47,Medium
3042,2021-09-28,,Standard,GA,29,High
3043,2022-02-25,,Standard,TX,60,Medium
3044,2022-12-08,,Gold,AZ,43,Medium
3045,2021-02-09,2023-03-10,Standard,AZ,27,Medium
3046,2021-07-08,,Standard,WA,37,Low
3047,2023-09-21,2024-09-30,Gold,NY,57,Medium
3048,2022-06-20,2023-07-28,Standard,TX,27,Medium
3049,2023-10-25,2025-09-19,Standard,AZ,50,Medium
3050,2021-10-17,2022-11-07,Standard,WA,33,High
3051,2022-03-09,2024-02-02,Standard,FL,38,Medium
3052,2022-04-16,,Standard,IL,51,Low
3053,2022-09-20,,Gold,IL,42,Medium
3054,2021-10-06,2023-07-26,Standard,GA,34,Medium
3055,2023-05-27,2024-02-04,Platinum,GA,38,Medium
3056,2022-08-04,,Standard,AZ,55,Medium
3057,2023-05-13,,Standard,AZ,37,Medium
3058,2021-09-11,2023-04-20,Standard,TX,39,Medium
3059,2021-06-30,2023-05-30,Gold,NY,51,Medium
3060,2022-11-12,2023-02-25,Standard,AZ,59,High
3061,2023-04-05,2024-06-11,Gold,IL,73,Low
3062,2022-12-01,2023-05-17,Gold,MA,56,Medium
3063,2022-07-20,,Platinum,AZ,35,Medium
3064,2022-11-11,2024-01-20,Gold,WA,49,High
3065,2022-01-26,,Standard,IL,60,Low
3066,2021-07-31,2022-01-08,Gold,AZ,36,Medium
3067,2022-01-19,,Platinum,CA,53,High
3068,2021-12-08,,Platinum,CA,45,High
3069,2023-04-24,,Standard,CA,36,High
3070,2023-11-28,,Gold,NY,50,Medium
3071,2022-02-24,,Standard,NC,54,High
3072,2023-01-21,,Standard,WA,22,Medium
3073,2021-11-02,,Gold,WA,60,Medium
3074,2022-12-03,,Platinum,IL,64,Low
3075,2023-05-19,,Standard,MA,63,Medium
3076,2022-06-21,,Gold,IL,58,Medium
3077,2021-07-25,,Standard,TX,71,Medium
3078,2022-05-11,,Standard,FL,38,Medium
3079,2023-12-07,2024-11-30,Standard,CA,25,Low
3080,2022-05-19,2023-05-30,Standard,MA,67,Low
3081,2023-11-12,,Gold,FL,60,Medium
3082,2021-08-01,2022-01-03,Standard,FL,26,Medium
3083,2021-11-06,,Standard,FL,32,Low
3084,2022-10-23,2023-03-29,Standard,NY,71,Medium
3085,2023-01-23,,Standard,AZ,32,Medium
3086,2021-09-29,,Platinum,FL,32,Medium
3087,2023-07-27,,Standard,AZ,29,Medium
3088,2021-02-01,,Standard,GA,62,Medium
3089,2022-03-19,,Gold,CA,42,Low
3090,2021-06-11,,Standard,FL,69,Medium
3091,2023-02-06,,Gold,WA,70,Medium
3092,2021-09-11,2022-06-20,Standard,AZ,36,High
3093,2022-06-05,,Standard,WA,24,Low
3094,2023-09-04,,Platinum,WA,70,Medium
3095,2021-01-10,,Gold,NC,23,High
3096,2022-12-27,,Standard,FL,36,High
3097,2022-05-20,,Gold,GA,34,Low
3098,2023-02-24,2023-07-18,Platinum,MA,61,Medium
3099,2022-03-12,2023-06-23,Standard,WA,58,Low
3100,2021-06-02,,Standard,CA,24,Medium
3101,2023-07-06,,Standard,TX,22,Medium
3102,2023-05-19,,Standard,WA,30,Medium
3103,2023-01-23,2023-10-07,Standard,CA,31,High
3104,2022-07-17,,Gold,IL,59,High
3105,2022-05-04,,Standard,CA,46,High
3106,2023-06-14,,Gold,NY,57,Low
3107,2021-04-14,2022-08-25,Standard,MA,46,Low
3108,2023-10-22,2025-06-10,Standard,IL,24,Medium
3109,2023-10-04,2025-06-21,Gold,NC,46,Medium
3110,2022-02-11,2024-02-13,Standard,CA,58,Low
3111,2021-06-16,2021-12-24,Standard,CA,48,Medium
3112,2022-05-24,2024-10-23,Standard,AZ,22,High
3113,2021-11-09,,Gold,GA,22,High
3114,2023-02-02,,Standard,MA,36,Low
3115,2022-11-12,,Standard,NY,43,Medium
3116,2022-04-22,2024-10-05,Platinum,WA,43,Medium
3117,2021-03-14,,Platinum,NY,33,High
3118,2022-08-05,,Standard,NC,41,Medium
3119,2021-09-19,2024-03-02,Standard,FL,59,High
3120,2021-09-02,,Gold,FL,45,Medium
3121,2022-07-15,2023-12-08,Gold,NY,57,High
3122,2021-06-24,,Standard,NC,69,Medium
3123,2021-04-19,,Standard,WA,33,High
3124,2021-07-02,,Gold,IL,35,High
3125,2021-07-11,,Platinum,GA,48,Low
3126,2021-03-06,,Gold,GA,23,Low
3127,2023-08-21,,Standard,NY,43,High
3128,2023-05-14,,Standard,GA,24,Low
3129,2022-01-04,2024-05-17,Gold,NY,67,Medium
3130,2023-05-01,2024-11-18,Standard,FL,70,High
3131,2021-02-12,,Standard,CA,23,High
3132,2022-05-03,,Standard,IL,59,Low
3133,2021-03-19,,Standard,GA,28,Medium
3134,2023-04-06,2023-11-01,Standard,TX,63,Medium
3135,2022-11-05,,Gold,FL,45,Medium
3136,2022-12-02,2025-03-13,Gold,NC,74,High
3137,2023-01-29,,Platinum,TX,61,Medium
3138,2022-12-29,,Gold,AZ,72,High
3139,2023-07-14,,Standard,GA,32,Low
3140,2023-06-21,2024-07-05,Standard,NY,25,Medium
3141,2023-06-08,,Standard,GA,53,High
3142,2023-09-20,,Standard,WA,66,Medium
3143,2021-12-05,,Platinum,WA,45,Low
3144,2021-07-12,,Standard,MA,45,High
3145,2021-10-10,,Standard,IL,55,High
3146,2022-01-25,,Standard,WA,35,Medium
3147,2023-09-27,,Standard,CA,62,Medium
3148,2022-06-09,2024-01-07,Gold,NY,46,Low
3149,2022-10-21,,Standard,GA,30,High
3150,2022-12-17,,Standard,IL,44,High
3151,2023-06-10,2024-02-15,Standard,IL,55,Low
3152,2022-03-28,2024-04-28,Platinum,AZ,49,Low
3153,2022-03-04,,Standard,TX,58,High
3154,2023-11-12,2024-04-27,Standard,MA,25,Low
3155,2023-06-02,,Standard,GA,44,High
3156,2021-11-09,2022-03-16,Standard,MA,39,High
3157,2023-04-20,,Standard,IL,66,High
3158,2022-06-03,,Gold,WA,69,Medium
3159,2022-01-10,,Gold,FL,64,Medium
3160,2022-03-27,,Gold,MA,29,Low
3161,2023-10-12,,Standard,CA,46,Medium
3162,2022-08-18,,Standard,FL,45,Medium
3163,2022-05-15,2023-09-10,Standard,NY,55,Medium
3164,2022-04-09,2023-09-21,Standard,FL,70,Low
3165,2021-04-23,2023-01-12,Standard,CA,56,Low
3166,2023-11-02,,Standard,TX,34,Medium
3167,2021-11-27,2023-06-01,Gold,GA,26,High
3168,2021-05-20,2023-04-21,Gold,MA,52,Medium
3169,2023-06-21,,Gold,WA,46,Medium
3170,2022-06-01,,Gold,TX,35,Medium
3171,2022-07-23,,Standard,CA,69,Low
3172,2023-04-26,2024-05-13,Standard,TX,51,High
3173,2023-12-29,2025-05-01,Standard,MA,57,Medium
3174,2021-04-28,,Standard,TX,58,Low
3175,2023-06-07,2025-06-01,Standard,NY,73,Low
3176,2023-12-19,,Standard,AZ,57,High
3177,2023-11-23,,Standard,MA,39,Medium
3178,2021-02-19,,Gold,GA,34,Low
3179,2021-01-19,2021-07-19,Gold,FL,56,Medium
3180,2022-12-27,,Standard,MA,57,Low
3181,2021-07-16,,Standard,CA,31,Low
3182,2022-07-13,,Standard,TX,47,High
3183,2022-03-28,,Gold,MA,22,Low
3184,2021-10-16,2024-02-19,Standard,TX,42,High
3185,2022-01-26,2023-12-25,Gold,WA,22,Medium
3186,2021-08-03,,Standard,NC,40,Low
3187,2021-08-03,,Standard,GA,64,High
3188,2021-05-08,,Standard,IL,68,Medium
3189,2023-01-30,,Standard,NC,37,Medium
3190,2022-02-08,,Standard,MA,24,High
3191,2023-11-19,,Gold,CA,34,High
3192,2021-12-04,,Standard,AZ,27,Low
3193,2023-04-11,2023-07-15,Standard,GA,35,Low
3194,2022-12-15,,Platinum,IL,50,Medium
3195,2021-12-27,2024-02-05,Standard,WA,36,Low
3196,2022-07-23,,Standard,AZ,60,Medium
3197,2021-08-06,,Standard,FL,22,Low
3198,2021-07-21,,Gold,TX,39,Medium
3199,2021-01-17,2022-01-12,Gold,NC,21,Low
3200,2021-11-18,,Standard,AZ,51,High
3201,2022-06-02,2024-05-11,Platinum,TX,24,Medium
3202,2022-11-12,,Gold,IL,47,Low
3203,2022-03-01,2023-12-09,Standard,WA,73,High
3204,2023-10-16,,Gold,IL,45,Medium
3205,2022-01-22,,Standard,WA,42,Medium
3206,2023-02-17,,Gold,WA,63,Low
3207,2021-04-08,,Standard,NY,30,High
3208,2021-07-27,2022-01-31,Gold,NY,70,Medium
3209,2022-08-09,2024-04-15,Standard,GA,53,Low
3210,2021-06-15,,Gold,NY,69,High
3211,2021-01-22,,Standard,NY,68,Low
3212,2021-06-03,2022-03-13,Gold,TX,64,High
3213,2021-08-07,,Standard,MA,50,Medium
3214,2022-10-31,,Platinum,NC,50,High
3215,2021-08-18,2022-04-21,Gold,NC,36,Medium
3216,2021-01-20,2023-02-14,Standard,FL,29,High
3217,2022-07-07,2023-01-27,Platinum,CA,37,High
3218,2023-08-08,,Standard,WA,55,High
3219,2021-05-28,,Gold,IL,70,Medium
3220,2022-02-07,,Gold,TX,67,High
3221,2022-08-19,,Standard,WA,35,Medium
3222,2022-01-02,2023-05-02,Platinum,CA,68,Low
3223,2023-03-13,,Standard,NY,48,High
3224,2023-07-07,,Standard,FL,40,Medium
3225,2021-03-14,2023-07-21,Gold,NY,53,Low
3226,2022-04-26,,Gold,WA,53,Medium
3227,2022-07-14,,Standard,FL,56,Medium
3228,2023-01-15,,Standard,CA,33,Medium
3229,2021-04-10,,Gold,IL,24,Medium
3230,2023-12-19,2026-01-03,Standard,IL,43,Low
3231,2022-05-23,2024-10-31,Platinum,GA,28,Medium
3232,2021-09-15,,Gold,AZ,33,High
3233,2022-02-17,2023-10-21,Standard,AZ,44,Medium
3234,2023-12-25,,Standard,IL,60,Medium
3235,2022-08-18,,Standard,AZ,66,Low
3236,2021-09-23,,Standard,NC,50,Low
3237,2023-04-01,,Gold,MA,50,Medium
3238,2022-10-24,,Platinum,CA,45,Low
3239,2023-08-05,,Standard,MA,53,Medium
3240,2022-07-14,,Standard,AZ,29,Medium
3241,2023-07-06,2024-05-04,Standard,NY,46,Medium
3242,2023-06-10,2025-09-21,Gold,GA,44,Medium
3243,2023-05-18,,Gold,AZ,53,High
3244,2022-09-02,2024-10-13,Gold,TX,59,Low
3245,2022-02-18,2023-11-02,Standard,WA,45,Medium
3246,2021-01-25,2021-05-09,Gold,FL,72,High
3247,2021-10-11,,Standard,NY,65,High
3248,2023-05-31,,Gold,WA,35,Medium
3249,2021-10-28,2023-03-20,Gold,NC,61,Medium
3250,2023-12-28,,Gold,GA,68,Low
3251,2023-10-28,,Standard,TX,69,Low
3252,2023-03-28,2024-06-27,Gold,NC,61,Medium
3253,2021-03-24,,Standard,NC,26,Low
3254,2021-02-15,,Gold,NC,40,High
3255,2022-09-10,,Standard,IL,64,Medium
3256,2023-07-17,,Standard,WA,36,Low
3257,2021-09-19,2023-09-16,Standard,FL,41,Low
3258,2021-06-25,,Gold,MA,35,Medium
3259,2022-10-19,2023-08-17,Standard,TX,59,Low
3260,2023-04-22,,Gold,MA,62,Medium
3261,2022-01-05,,Gold,TX,24,High
3262,2021-02-23,,Gold,CA,44,High
3263,2022-11-21,2025-01-18,Standard,IL,23,Medium
3264,2022-01-02,,Gold,TX,70,High
3265,2022-10-06,,Standard,AZ,21,Medium
3266,2022-01-14,,Standard,AZ,50,Medium
3267,2021-03-14,,Standard,CA,33,Medium
3268,2023-07-04,,Standard,FL,74,Low
3269,2023-05-10,,Standard,GA,38,Low
3270,2021-02-12,,Standard,IL,60,Medium
3271,2022-01-12,,Standard,NC,31,High
3272,2023-12-01,,Standard,WA,62,Medium
3273,2021-06-19,,Standard,NY,49,Medium
3274,2021-07-31,2023-09-12,Standard,IL,24,Medium
3275,2021-02-08,,Platinum,CA,45,Medium
3276,2022-01-04,,Standard,AZ,56,Medium
3277,2023-01-27,2025-05-24,Standard,WA,56,High
3278,2021-05-31,,Standard,TX,64,Medium
3279,2023-12-07,,Standard,FL,60,Low
3280,2023-10-21,,Standard,FL,48,Medium
3281,2023-01-07,,Standard,GA,65,Medium
3282,2021-03-10,2021-06-12,Platinum,GA,28,Medium
3283,2021-10-26,2022-09-11,Gold,IL,41,Medium
3284,2023-08-02,,Gold,NY,55,Medium
3285,2023-03-13,2023-12-28,Platinum,CA,64,Low
3286,2021-10-23,2023-02-26,Platinum,WA,38,Low
3287,2021-07-22,,Gold,AZ,67,Medium
3288,2021-03-02,,Gold,CA,45,Medium
3289,2023-08-04,,Standard,CA,66,Low
3290,2023-08-21,,Standard,MA,61,Medium
3291,2021-11-27,2022-07-23,Standard,MA,25,High
3292,2021-12-04,2023-10-08,Standard,TX,67,Low
3293,2022-10-01,,Platinum,NY,28,High
3294,2021-10-02,,Standard,TX,43,High
3295,2021-11-15,2023-06-19,Gold,WA,23,High
3296,2022-08-12,,Standard,AZ,64,High
3297,2022-05-19,2023-03-30,Standard,AZ,57,Medium
3298,2022-01-22,,Standard,CA,51,Medium
3299,2023-05-20,2025-03-25,Standard,GA,49,Medium
3300,2023-04-13,2023-12-27,Standard,AZ,61,Medium
3301,2023-10-12,2026-02-08,Standard,GA,40,Low
3302,2022-08-26,,Standard,GA,23,Medium
3303,2022-11-22,,Standard,WA,43,Low
3304,2022-05-09,,Gold,NY,60,Medium
3305,2022-05-05,,Standard,CA,41,High
3306,2022-12-22,,Standard,AZ,33,High
3307,2022-05-24,2024-10-21,Standard,NC,28,Low
3308,2022-01-25,,Standard,NY,25,Low
3309,2021-10-22,,Standard,MA,45,Medium
3310,2023-03-07,,Standard,NC,59,Medium
3311,2023-05-15,2024-01-11,Standard,WA,57,High
3312,2022-07-03,,Gold,NY,61,Medium
3313,2022-10-11,2023-08-20,Standard,WA,25,Medium
3314,2022-07-22,,Standard,NY,28,Low
3315,2023-05-03,2024-12-16,Standard,GA,64,Low
3316,2023-02-09,,Standard,CA,24,Low
3317,2022-03-21,,Standard,AZ,61,Medium
3318,2021-12-29,,Gold,IL,74,High
3319,2021-05-03,,Gold,FL,42,Low
3320,2023-01-12,,Standard,CA,34,Low
3321,2022-11-11,,Platinum,GA,39,Medium
3322,2022-02-24,,Standard,GA,33,Medium
3323,2021-04-02,,Gold,IL,55,High
3324,2021-03-04,,Gold,GA,24,Low
3325,2022-05-27,2024-08-30,Gold,NC,53,High
3326,2023-02-11,,Standard,GA,42,High
3327,2021-09-13,,Standard,MA,21,High
3328,2021-05-15,,Standard,AZ,31,Low
3329,2023-05-25,,Standard,CA,36,Medium
3330,2023-04-02,,Standard,FL,24,High
3331,2021-03-29,2022-12-28,Standard,NC,49,High
3332,2023-09-15,2024-01-26,Standard,NC,59,Medium
3333,2023-04-03,2025-05-28,Gold,FL,64,Medium
3334,2023-10-24,,Standard,GA,58,Medium
3335,2023-09-01,,Gold,NY,44,High
3336,2023-07-23,,Standard,NC,72,Low
3337,2021-05-01,,Gold,NC,29,Low
3338,2023-11-28,2025-07-13,Standard,CA,28,Low
3339,2023-10-05,,Standard,IL,34,Medium
3340,2023-07-14,,Gold,MA,35,Low
3341,2022-10-07,,Standard,FL,73,Medium
3342,2022-12-15,,Standard,GA,42,Medium
3343,2023-05-10,,Standard,WA,57,Low
3344,2021-01-21,,Standard,WA,35,Medium
3345,2021-08-30,,Standard,NY,26,Low
3346,2022-03-31,2023-02-24,Standard,NC,21,Medium
3347,2023-08-21,2024-11-03,Gold,NC,40,Medium
3348,2022-09-13,,Gold,IL,61,Medium
3349,2021-10-30,,Standard,NC,56,Low
3350,2023-03-14,,Gold,WA,22,High
3351,2023-08-22,,Standard,FL,26,High
3352,2021-03-10,,Standard,NY,22,Medium
3353,2021-07-15,2023-10-04,Standard,IL,23,Medium
3354,2021-05-20,,Gold,MA,27,Medium
3355,2021-10-10,,Standard,WA,40,High
3356,2021-11-08,2022-02-28,Gold,TX,69,Medium
3357,2023-01-16,,Standard,CA,61,Low
3358,2021-10-04,,Platinum,IL,74,High
3359,2021-03-02,,Gold,IL,61,Medium
3360,2021-02-21,,Standard,WA,71,Medium
3361,2021-06-02,,Gold,NY,25,Medium
3362,2022-06-28,,Standard,CA,45,Low
3363,2022-07-21,,Standard,FL,58,High
3364,2022-09-14,,Standard,FL,38,Medium
3365,2021-11-10,2023-11-05,Standard,NC,21,Low
3366,2023-03-18,,Gold,TX,45,Medium
3367,2023-04-28,2025-03-15,Standard,AZ,37,Medium
3368,2021-04-07,2021-08-17,Standard,WA,66,Low
3369,2023-05-31,,Standard,NY,35,Medium
3370,2023-04-09,2024-10-15,Standard,CA,25,Medium
3371,2021-05-17,,Standard,NY,37,Low
3372,2023-10-27,2024-03-04,Gold,AZ,41,Medium
3373,2023-10-08,,Platinum,FL,73,Low
3374,2021-04-19,2022-05-16,Standard,NY,43,Medium
3375,2022-07-01,2024-08-09,Standard,FL,63,Medium
3376,2023-11-29,2024-08-19,Standard,FL,30,Low
3377,2022-10-24,,Gold,TX,37,Medium
3378,2022-03-01,,Standard,FL,21,Medium
3379,2022-09-22,2024-06-04,Standard,GA,57,Medium
3380,2021-09-18,,Gold,FL,68,Medium
3381,2021-03-28,,Standard,CA,27,Medium
3382,2022-04-10,,Standard,CA,32,Medium
3383,2021-03-17,,Gold,CA,60,Medium
3384,2022-04-16,,Standard,IL,70,Medium
3385,2022-02-18,2023-08-22,Standard,WA,21,Low
3386,2023-04-05,,Standard,WA,40,High
3387,2023-06-14,,Standard,WA,64,High
3388,2022-12-27,,Standard,GA,51,Medium
3389,2022-04-02,2024-03-12,Platinum,CA,24,High
3390,2022-10-15,2023-07-24,Standard,NC,46,Medium
3391,2022-11-03,,Gold,WA,32,Low
3392,2022-05-10,,Standard,AZ,42,Medium
3393,2023-12-05,,Standard,AZ,21,High
3394,2022-08-20,,Standard,NY,21,Low
3395,2022-03-26,2023-02-22,Standard,IL,23,Medium
3396,2022-04-30,,Standard,NC,73,High
3397,2022-10-08,,Standard,FL,32,High
3398,2022-09-12,,Standard,CA,74,Low
3399,2023-11-08,2024-11-11,Standard,GA,41,Low
3400,2022-10-24,,Platinum,IL,33,Low
3401,2023-01-28,,Standard,TX,33,Medium
3402,2021-10-16,2024-01-23,Standard,TX,73,High
3403,2022-12-22,,Standard,MA,61,Medium
3404,2022-09-30,,Standard,FL,38,High
3405,2021-08-23,2021-12-26,Gold,CA,53,Medium
3406,2022-02-20,,Standard,IL,26,Medium
3407,2023-07-27,,Standard,TX,45,Low
3408,2022-05-14,,Standard,MA,43,Medium
3409,2023-09-01,,Gold,GA,44,Low
3410,2022-09-26,,Standard,CA,57,Medium
3411,2023-10-17,2025-07-24,Standard,TX,46,Low
3412,2021-04-25,,Standard,WA,24,Low
3413,2023-07-21,,Standard,AZ,58,Medium
3414,2022-11-05,,Standard,MA,55,Medium
3415,2023-11-01,,Gold,GA,69,Low
3416,2021-07-25,2023-04-15,Gold,TX,31,Medium
3417,2021-09-04,,Standard,GA,56,Medium
3418,2023-01-28,,Standard,FL,45,Medium
3419,2021-05-27,2022-01-25,Standard,NY,40,Medium
3420,2021-04-28,,Standard,MA,21,Medium
3421,2022-02-16,,Standard,IL,50,High
3422,2021-12-29,,Standard,IL,24,Low
3423,2021-05-17,2021-09-06,Platinum,TX,43,Low
3424,2023-08-16,,Standard,WA,55,Low
3425,2021-01-19,2023-04-07,Platinum,WA,62,Medium
3426,2021-07-14,2022-01-10,Standard,FL,42,Medium
3427,2021-11-26,,Standard,IL,51,Medium
3428,2021-06-24,2022-10-16,Standard,MA,21,Low
3429,2023-09-29,2024-12-20,Gold,AZ,24,Medium
3430,2022-03-25,2023-12-24,Standard,WA,39,Medium
3431,2023-08-04,2024-06-16,Gold,IL,50,Low
3432,2021-05-21,2022-03-08,Gold,NY,21,Medium
3433,2023-01-28,,Gold,MA,68,High
3434,2023-07-19,2024-09-30,Gold,AZ,39,Medium
3435,2021-04-03,2023-08-06,Gold,NY,72,Low
3436,2021-08-27,2022-01-01,Gold,IL,41,High
3437,2021-07-24,,Standard,TX,42,Low
3438,2022-07-14,,Gold,NC,70,Medium
3439,2021-09-02,,Gold,NC,22,Low
3440,2023-04-12,,Standard,FL,26,High
3441,2023-07-14,,Platinum,FL,41,Low
3442,2021-10-22,,Standard,AZ,53,Low
3443,2022-10-02,2025-01-01,Standard,NY,39,High
3444,2023-05-06,,Standard,IL,47,Medium
3445,2021-01-17,,Standard,IL,57,Medium
3446,2021-03-12,,Gold,TX,49,Low
3447,2021-11-01,2023-06-13,Platinum,GA,48,Medium
3448,2023-10-28,,Gold,FL,54,High
3449,2023-03-28,2025-05-24,Platinum,GA,21,Medium
3450,2023-04-01,2023-08-11,Standard,GA,68,High
3451,2021-07-12,,Standard,TX,45,High
3452,2022-06-13,,Standard,GA,41,Medium
3453,2021-06-20,,Gold,GA,54,Medium
3454,2021-09-08,,Standard,TX,46,Medium
3455,2022-06-25,2024-06-09,Platinum,WA,56,Low
3456,2022-02-20,2024-06-30,Gold,GA,55,Medium
3457,2023-03-05,2024-10-31,Platinum,FL,43,High
3458,2021-01-25,,Standard,TX,37,Medium
3459,2022-10-30,2023-04-05,Standard,MA,67,High
3460,2022-09-24,2024-12-31,Gold,GA,62,High
3461,2022-05-20,,Gold,WA,32,High
3462,2021-12-02,2022-07-02,Standard,FL,64,High
3463,2022-03-01,,Platinum,CA,40,Medium
3464,2022-05-14,,Gold,FL,59,High
3465,2023-08-05,,Standard,NY,47,Medium
3466,2022-09-22,,Standard,MA,62,Medium
3467,2022-12-19,,Standard,NC,57,Medium
3468,2021-12-05,2024-01-18,Standard,IL,40,Medium
3469,2022-10-21,,Gold,NY,72,Medium
3470,2023-08-20,,Standard,TX,31,Medium
3471,2022-03-05,2023-05-04,Gold,TX,48,Low
3472,2023-06-18,2024-02-15,Gold,IL,22,Low
3473,2021-05-19,,Standard,AZ,44,Medium
3474,2023-07-31,,Standard,AZ,36,High
3475,2022-06-26,,Standard,IL,32,Medium
3476,2021-02-26,,Standard,TX,36,Low
3477,2022-10-20,2025-03-06,Standard,FL,56,High
3478,2022-03-11,,Platinum,MA,22,High
3479,2022-01-19,,Standard,WA,45,High
3480,2022-07-14,2024-08-10,Standard,NC,49,Medium
3481,2021-07-13,,Standard,MA,48,Low
3482,2022-06-18,,Standard,IL,30,Medium
3483,2022-06-02,,Standard,TX,65,Medium
3484,2022-12-17,2023-08-25,Gold,AZ,43,Low
3485,2023-01-21,,Standard,TX,52,Low
3486,2021-07-04,,Platinum,AZ,51,High
3487,2021-10-19,,Standard,MA,39,Medium
3488,2023-01-02,,Gold,NY,35,Low
3489,2021-04-26,2022-02-23,Gold,FL,53,Medium
3490,2023-04-05,,Standard,MA,37,Medium
3491,2023-12-09,,Standard,FL,72,Low
3492,2022-11-16,2024-02-24,Standard,GA,56,Medium
3493,2021-03-23,,Gold,MA,40,Low
3494,2023-04-14,,Gold,CA,29,High
3495,2021-11-29,,Standard,CA,58,High
3496,2022-07-11,2023-12-25,Standard,FL,23,Medium
3497,2021-12-01,,Gold,GA,74,Medium
3498,2022-06-16,,Platinum,FL,22,Low
3499,2021-08-09,,Gold,IL,38,Medium
3500,2022-09-27,,Gold,CA,43,Medium
3501,2021-11-19,,Standard,TX,39,Medium
3502,2021-01-03,2022-05-30,Gold,FL,27,Low
3503,2021-07-25,,Gold,FL,55,Medium
3504,2021-02-09,,Gold,NC,70,Medium
3505,2021-02-28,,Standard,WA,40,Medium
3506,2023-08-09,2025-04-27,Standard,WA,40,Medium
3507,2022-07-28,,Standard,AZ,39,Medium
3508,2022-10-06,,Standard,GA,61,Medium
3509,2023-04-23,,Standard,CA,36,Low
3510,2022-09-11,2025-02-20,Gold,CA,58,High
3511,2021-04-06,2023-06-05,Standard,WA,41,Medium
3512,2023-06-17,,Standard,FL,49,Low
3513,2023-12-22,2025-12-14,Gold,FL,64,Medium
3514,2022-07-15,,Gold,CA,58,Medium
3515,2023-06-24,2024-05-08,Standard,GA,65,Low
3516,2021-12-14,,Standard,NY,44,Medium
3517,2022-11-02,,Platinum,IL,57,High
3518,2021-11-13,,Gold,NC,49,Medium
3519,2022-12-20,,Standard,CA,51,Medium
3520,2023-12-08,,Standard,AZ,65,Low
3521,2021-09-07,2022-02-02,Standard,NY,72,High
3522,2021-11-10,2022-05-14,Gold,CA,59,Medium
3523,2023-03-18,,Standard,NC,32,Low
3524,2022-04-30,,Standard,WA,50,Medium
3525,2021-02-13,,Standard,CA,73,Low
3526,2022-07-25,,Gold,NY,24,Low
3527,2022-08-06,,Standard,IL,50,Low
3528,2023-06-14,,Standard,FL,25,Low
3529,2021-08-08,2022-07-25,Platinum,MA,36,Low
3530,2023-07-14,,Standard,WA,47,High
3531,2022-02-05,,Standard,NY,24,High
3532,2022-12-28,,Gold,AZ,28,Medium
3533,2023-09-18,,Standard,AZ,68,Medium
3534,2023-06-18,,Gold,TX,28,Medium
3535,2023-05-08,,Standard,MA,37,Medium
3536,2023-03-15,,Standard,CA,66,Medium
3537,2022-05-05,2023-07-22,Platinum,TX,64,Medium
3538,2023-07-27,2024-08-31,Standard,AZ,23,Medium
3539,2023-04-24,,Gold,CA,47,Medium
3540,2021-09-24,,Standard,TX,72,Medium
3541,2021-02-23,,Standard,CA,54,Medium
3542,2022-06-12,2023-01-23,Gold,IL,65,High
3543,2022-09-08,2025-02-08,Standard,MA,41,Medium
3544,2023-12-19,,Standard,WA,63,High
3545,2023-11-30,,Standard,WA,44,Medium
3546,2023-08-13,,Standard,WA,64,Low
3547,2022-01-21,,Gold,AZ,70,Medium
3548,2023-01-04,2024-07-19,Gold,IL,61,Medium
3549,2022-12-17,,Gold,NC,49,Medium
3550,2022-10-12,,Gold,MA,59,Medium
3551,2021-10-27,2023-10-18,Standard,NY,26,Low
3552,2022-01-30,,Standard,GA,34,High
3553,2022-08-16,2024-01-17,Gold,NC,70,High
3554,2022-05-29,2024-02-14,Standard,NY,34,Medium
3555,2022-01-31,2022-09-23,Standard,WA,57,Low
3556,2022-01-06,2023-09-11,Platinum,NY,72,High
3557,2023-05-08,,Standard,CA,44,Medium
3558,2023-03-02,,Standard,CA,33,Medium
3559,2022-10-20,,Standard,NY,21,Medium
3560,2023-01-06,,Gold,FL,32,Medium
3561,2022-01-19,2022-07-14,Standard,TX,71,Low
3562,2021-03-03,2021-09-17,Standard,GA,62,Medium
3563,2022-05-20,,Platinum,AZ,44,Medium
3564,2021-08-27,,Gold,NY,57,Medium
3565,2021-07-14,2022-12-08,Gold,MA,40,Medium
3566,2022-11-09,,Standard,FL,26,Low
3567,2021-03-02,,Standard,IL,32,Low
3568,2023-09-17,,Standard,FL,41,Low
3569,2022-11-16,,Standard,GA,23,Low
3570,2021-06-05,2022-08-13,Standard,MA,47,Medium
3571,2023-07-12,,Standard,FL,66,Low
3572,2023-05-18,2024-05-07,Standard,AZ,73,Medium
3573,2023-06-22,,Gold,TX,56,Medium
3574,2023-09-26,2025-12-27,Gold,MA,37,Medium
3575,2023-09-02,,Standard,CA,69,Medium
3576,2022-01-23,2023-11-29,Standard,AZ,66,Medium
3577,2023-06-06,,Standard,WA,35,Low
3578,2023-04-18,,Standard,IL,59,Low
3579,2021-12-06,,Standard,GA,24,Medium
3580,2021-07-23,,Standard,GA,37,Medium
3581,2021-06-10,,Gold,NY,58,High
3582,2022-01-27,,Gold,GA,31,Medium
3583,2023-02-08,,Gold,GA,32,Low
3584,2022-07-29,,Gold,TX,67,Medium
3585,2022-06-18,,Gold,IL,52,Medium
3586,2023-12-30,,Gold,TX,47,Low
3587,2023-06-12,,Standard,CA,64,Low
3588,2022-02-09,,Standard,MA,63,Medium
3589,2022-08-31,,Gold,FL,47,High
3590,2023-04-08,,Standard,IL,69,Medium
3591,2022-11-21,,Gold,FL,60,Medium
3592,2023-06-21,2025-01-24,Platinum,WA,64,Low
3593,2021-02-25,,Gold,TX,49,Medium
3594,2022-01-01,,Standard,AZ,29,Medium
3595,2022-03-31,,Standard,FL,63,Medium
3596,2021-04-14,,Gold,AZ,23,Medium
3597,2021-03-18,2022-05-14,Platinum,NY,59,Medium
3598,2021-08-18,,Standard,IL,49,Medium
3599,2021-11-27,,Gold,NY,41,Low
3600,2023-06-12,,Gold,MA,55,Medium
3601,2022-11-19,2024-04-04,Standard,NY,73,High
3602,2021-01-27,,Gold,AZ,68,Medium
3603,2021-10-26,,Standard,GA,30,Low
3604,2023-08-15,2025-07-18,Standard,TX,43,Medium
3605,2023-03-10,,Standard,NY,59,Medium
3606,2022-04-25,2024-05-02,Gold,MA,45,High
3607,2022-07-27,,Gold,IL,44,Medium
3608,2022-04-03,2023-01-08,Standard,NC,40,Medium
3609,2021-12-31,2022-08-19,Gold,MA,35,Medium
3610,2023-05-09,,Gold,TX,41,Medium
3611,2021-12-17,2022-05-28,Gold,FL,73,Low
3612,2021-09-10,2022-05-24,Standard,CA,62,Low
3613,2023-02-20,,Standard,IL,32,Low
3614,2023-03-14,,Standard,AZ,38,Low
3615,2023-10-09,,Gold,CA,43,Low
3616,2022-04-04,,Standard,MA,61,Medium
3617,2023-07-06,,Platinum,MA,49,Medium
3618,2022-05-14,,Gold,MA,61,High
3619,2023-08-08,2024-04-21,Gold,CA,56,Medium
3620,2022-05-23,2024-03-08,Gold,NY,25,High
3621,2022-05-16,,Standard,TX,59,Medium
3622,2023-03-14,,Gold,IL,46,Low
3623,2022-08-21,,Standard,TX,59,Medium
3624,2021-06-15,,Gold,IL,31,Medium
3625,2022-04-07,,Gold,IL,62,Medium
3626,2023-07-09,2024-06-21,Gold,FL,31,High
3627,2021-04-24,2022-10-04,Gold,MA,38,Medium
3628,2023-09-19,,Standard,NC,32,Medium
3629,2021-07-26,,Standard,WA,36,High
3630,2022-05-30,,Gold,TX,47,Medium
3631,2022-12-10,2023-06-28,Standard,FL,56,Low
3632,2021-05-18,,Standard,MA,37,Medium
3633,2021-12-05,,Standard,GA,69,Medium
3634,2022-06-21,2024-10-01,Standard,GA,41,Medium
3635,2021-03-09,,Standard,NY,57,High
3636,2022-01-18,,Gold,CA,51,Low
3637,2021-01-19,,Gold,GA,65,Medium
3638,2022-11-14,,Standard,AZ,55,High
3639,2021-03-15,2023-04-16,Platinum,MA,47,Medium
3640,2022-07-27,,Standard,WA,43,Medium
3641,2023-07-28,2025-04-08,Standard,NC,52,Medium
3642,2023-12-08,,Gold,MA,37,Medium
3643,2021-07-30,,Gold,GA,31,Medium
3644,2023-05-05,,Standard,WA,21,High
3645,2022-10-13,,Platinum,NC,48,Low
3646,2023-09-21,,Platinum,NY,38,Medium
3647,2022-11-26,,Standard,NY,69,Low
3648,2022-06-24,,Standard,FL,61,Medium
3649,2023-06-20,,Gold,NC,40,Medium
3650,2023-02-19,,Standard,NC,27,Low
3651,2021-06-19,,Standard,AZ,57,Medium
3652,2023-11-04,,Gold,NC,36,Low
3653,2021-10-15,,Standard,GA,59,Medium
3654,2021-07-08,,Standard,AZ,65,Medium
3655,2023-07-03,2024-07-16,Standard,NC,65,Low
3656,2022-11-25,2024-09-06,Gold,TX,67,Low
3657,2023-06-07,2025-01-26,Standard,FL,43,Medium
3658,2022-04-16,,Standard,FL,52,Medium
3659,2021-10-04,,Standard,TX,69,Low
3660,2023-07-29,,Standard,AZ,37,Medium
3661,2022-07-25,,Platinum,NY,39,Low
3662,2023-05-07,,Platinum,TX,62,Medium
3663,2023-09-28,,Standard,MA,54,Medium
3664,2022-04-03,2022-12-23,Gold,CA,34,Low
3665,2023-07-07,2024-08-01,Gold,WA,23,Low
3666,2023-04-13,,Gold,NY,59,Medium
3667,2023-12-24,,Standard,NY,45,Low
3668,2023-04-19,,Standard,IL,31,Low
3669,2021-07-12,2023-09-05,Gold,NY,69,Medium
3670,2022-09-08,,Standard,FL,35,Medium
3671,2022-02-10,2022-11-11,Standard,NY,39,Medium
3672,2023-08-01,2024-10-02,Gold,MA,63,Medium
3673,2022-12-22,2024-08-12,Platinum,NY,35,Medium
3674,2021-04-03,2022-05-07,Standard,NC,35,Medium
3675,2022-03-06,,Gold,FL,58,Medium
3676,2022-10-16,2024-06-03,Standard,TX,35,High
3677,2022-03-10,,Gold,TX,29,Medium
3678,2022-01-10,,Standard,GA,25,Medium
3679,2023-12-19,2025-02-26,Standard,CA,39,Low
3680,2023-12-03,2024-05-21,Standard,CA,44,Low
3681,2021-07-26,,Standard,NC,49,Low
3682,2023-02-19,2024-05-27,Standard,CA,25,Medium
3683,2022-06-16,,Standard,NY,42,Medium
3684,2021-06-15,,Gold,TX,33,Low
3685,2022-10-05,2023-06-07,Standard,NY,70,Medium
3686,2021-03-31,,Gold,IL,72,Medium
3687,2021-01-13,2023-06-08,Standard,GA,69,High
3688,2023-08-31,,Gold,TX,67,Medium
3689,2023-03-16,,Standard,CA,66,Medium
3690,2023-08-03,2026-01-03,Standard,WA,49,High
3691,2023-01-12,2024-06-16,Standard,NY,36,High
3692,2023-05-26,,Standard,MA,56,Medium
3693,2022-10-22,,Gold,WA,37,Medium
3694,2023-10-29,2025-06-09,Gold,MA,40,Medium
3695,2023-11-19,,Standard,IL,34,Medium
3696,2021-10-23,,Standard,CA,70,Low
3697,2023-09-13,,Standard,NY,26,Medium
3698,2023-07-15,2025-11-11,Standard,NY,42,Low
3699,2022-10-02,,Gold,MA,60,Low
3700,2021-12-06,,Standard,NY,29,Low
3701,2022-09-20,2023-05-14,Standard,IL,52,Medium
3702,2022-03-15,,Standard,FL,44,Low
3703,2023-07-31,,Standard,FL,53,Medium
3704,2023-04-10,,Standard,MA,33,Medium
3705,2022-06-03,2023-12-25,Standard,CA,55,Medium
3706,2023-09-03,,Standard,MA,26,High
3707,2023-12-05,,Standard,AZ,69,Low
3708,2023-08-13,,Standard,NY,60,High
3709,2023-08-10,,Gold,NY,50,Low
3710,2023-08-02,,Standard,FL,58,High
3711,2021-06-04,,Standard,WA,36,Low
3712,2021-03-29,2022-09-04,Standard,MA,21,Medium
3713,2023-07-20,,Standard,CA,62,Low
3714,2021-06-28,,Standard,FL,38,Medium
3715,2021-07-31,2023-03-31,Gold,MA,42,Low
3716,2022-04-10,,Gold,TX,46,Medium
3717,2022-09-23,,Standard,CA,34,Medium
3718,2023-04-05,2025-05-02,Gold,CA,57,High
3719,2022-08-30,2024-10-10,Standard,NC,69,Medium
3720,2023-06-04,2023-11-09,Standard,WA,34,Medium
3721,2022-01-01,2023-11-27,Platinum,IL,46,Low
3722,2021-10-03,,Gold,CA,70,Medium
3723,2022-01-15,2022-10-17,Platinum,NC,56,Low
3724,2023-08-03,,Standard,NY,72,High
3725,2023-12-24,,Standard,MA,43,Low
3726,2023-03-21,2025-04-30,Standard,GA,22,Medium
3727,2023-07-14,,Gold,GA,59,Medium
3728,2022-05-09,,Standard,WA,27,Medium
3729,2023-12-31,,Gold,NY,59,Medium
3730,2021-12-30,2022-10-19,Standard,CA,65,Low
3731,2022-07-24,2024-04-27,Standard,NY,71,Low
3732,2023-02-02,,Gold,NC,42,High
3733,2021-10-03,,Gold,TX,48,Medium
3734,2021-02-19,,Standard,IL,58,Medium
3735,2022-12-29,,Platinum,AZ,40,Medium
3736,2023-06-25,2023-10-05,Standard,IL,69,Medium
3737,2023-07-17,,Standard,CA,38,Low
3738,2022-07-18,2024-08-11,Gold,NY,44,Medium
3739,2023-02-22,2024-02-20,Platinum,IL,53,Medium
3740,2022-04-30,,Gold,MA,65,Medium
3741,2022-08-07,2023-08-29,Gold,IL,46,High
3742,2021-08-24,,Gold,NC,39,Low
3743,2021-02-25,,Platinum,IL,68,Medium
3744,2021-12-26,2022-05-15,Standard,MA,62,Medium
3745,2021-04-20,,Gold,AZ,33,Low
3746,2021-07-11,,Gold,AZ,30,Low
3747,2023-06-23,,Standard,MA,34,Medium
3748,2023-05-12,2024-12-21,Standard,NY,29,Medium
3749,2022-07-22,,Standard,TX,73,Low
3750,2023-12-20,,Gold,CA,31,Medium
3751,2022-10-12,,Standard,WA,23,Low
3752,2021-02-08,2022-05-12,Gold,GA,60,Medium
3753,2023-12-09,,Standard,NY,32,Low
3754,2022-09-29,2024-12-20,Standard,IL,55,Medium
3755,2023-11-03,,Gold,GA,59,Low
3756,2021-02-05,2023-02-20,Standard,GA,66,High
3757,2021-04-11,,Standard,MA,59,Low
3758,2021-06-15,,Standard,FL,52,Medium
3759,2022-01-18,2023-04-09,Gold,TX,59,Low
3760,2023-03-01,2023-06-01,Platinum,TX,34,Low
3761,2021-01-31,,Platinum,FL,64,Medium
3762,2021-01-11,,Gold,CA,21,Medium
3763,2021-04-06,,Standard,FL,47,Low
3764,2022-03-29,,Standard,WA,57,Low
3765,2021-07-11,2022-06-19,Standard,WA,63,Low
3766,2022-05-01,,Standard,MA,21,High
3767,2021-08-26,,Standard,IL,65,High
3768,2023-12-25,,Standard,GA,49,Medium
3769,2023-01-05,,Gold,TX,44,Medium
3770,2023-09-18,,Standard,TX,37,High
3771,2023-04-05,,Gold,FL,55,Medium
3772,2021-04-16,2022-11-01,Platinum,FL,51,High
3773,2021-06-30,,Gold,FL,62,Medium
3774,2021-07-03,,Gold,CA,52,Low
3775,2021-08-14,2023-04-01,Gold,FL,39,Medium
3776,2023-02-16,,Standard,IL,51,Medium
3777,2023-03-01,,Standard,GA,59,Medium
3778,2022-11-19,,Standard,NY,40,Low
3779,2022-06-14,,Standard,NY,48,Medium
3780,2023-08-30,,Gold,IL,23,Medium
3781,2023-07-25,2024-07-04,Platinum,NC,52,Medium
3782,2021-04-16,,Platinum,WA,42,Medium
3783,2023-04-11,,Standard,NY,64,Medium
3784,2022-11-10,,Platinum,CA,74,Medium
3785,2023-04-29,,Standard,NC,62,High
3786,2023-11-22,2025-10-21,Gold,AZ,73,Medium
3787,2022-01-28,,Standard,CA,64,Medium
3788,2021-02-09,,Standard,TX,35,Medium
3789,2022-10-22,,Standard,NY,58,Medium
3790,2023-09-08,,Gold,WA,39,High
3791,2023-04-25,,Standard,FL,51,Medium
3792,2021-07-20,,Standard,FL,46,Medium
3793,2022-03-23,,Platinum,GA,25,Low
3794,2023-11-28,,Platinum,WA,40,Low
3795,2022-03-20,,Standard,TX,22,Low
3796,2023-01-31,,Gold,MA,41,Medium
3797,2021-08-15,,Standard,NY,71,Medium
3798,2021-02-17,,Standard,GA,71,Low
3799,2023-11-08,2025-12-21,Standard,WA,56,Medium
3800,2023-07-01,,Standard,AZ,48,Low
3801,2021-07-06,2022-03-02,Standard,CA,40,Low
3802,2021-12-11,,Standard,TX,57,Medium
3803,2021-08-12,,Standard,WA,59,Medium
3804,2023-04-10,,Gold,NY,56,Medium
3805,2022-05-03,,Gold,CA,31,High
3806,2023-05-27,2024-12-24,Standard,WA,23,Medium
3807,2023-04-29,,Standard,IL,57,Low
3808,2023-09-06,,Gold,GA,40,Low
3809,2023-10-14,,Gold,WA,52,High
3810,2021-07-07,2022-07-10,Gold,IL,67,Medium
3811,2021-09-27,,Standard,CA,45,Medium
3812,2021-11-06,,Standard,CA,41,High
3813,2024-01-01,,Gold,CA,70,Low
3814,2023-04-25,,Standard,MA,36,Medium
3815,2022-05-01,,Platinum,WA,68,Medium
3816,2021-04-30,,Gold,IL,62,Medium
3817,2021-08-08,,Standard,FL,21,Medium
3818,2021-02-22,,Standard,AZ,43,Medium
3819,2023-01-28,2023-06-25,Gold,AZ,63,Medium
3820,2023-01-08,,Standard,IL,69,High
3821,2022-12-21,,Standard,FL,44,Medium
3822,2022-02-10,2023-07-30,Gold,TX,67,Low
3823,2022-08-31,2023-03-21,Gold,MA,45,Medium
3824,2023-10-18,,Standard,IL,27,Medium
3825,2022-02-26,2024-06-19,Standard,NY,58,Medium
3826,2022-12-13,,Platinum,GA,67,Low
3827,2021-09-04,2023-06-24,Platinum,GA,67,Low
3828,2021-03-13,,Gold,NC,59,Low
3829,2021-07-04,2023-02-02,Platinum,AZ,55,High
3830,2021-01-06,2022-05-17,Standard,CA,34,Low
3831,2023-06-25,,Standard,NY,29,Medium
3832,2022-01-22,,Standard,TX,23,Medium
3833,2022-11-30,2024-02-29,Standard,FL,58,High
3834,2023-04-07,,Standard,TX,40,Medium
3835,2021-12-15,,Standard,AZ,61,High
3836,2021-11-04,,Gold,CA,53,Medium
3837,2021-10-14,,Gold,FL,61,High
3838,2023-02-05,,Gold,IL,64,Low
3839,2022-12-26,,Standard,NC,52,Medium
3840,2023-02-01,,Standard,FL,56,High
3841,2022-01-18,2022-06-16,Standard,AZ,46,Medium
3842,2022-01-23,,Gold,TX,68,High
3843,2022-06-09,,Standard,GA,25,Medium
3844,2022-10-01,,Standard,TX,69,Medium
3845,2023-07-27,,Standard,TX,50,Medium
3846,2021-10-03,,Gold,TX,37,Medium
3847,2022-05-15,,Gold,NC,26,Low
3848,2022-12-18,,Gold,AZ,35,Low
3849,2021-12-03,,Standard,NY,21,High
3850,2023-07-21,,Standard,NC,33,High
3851,2022-04-26,,Standard,NC,68,Low
3852,2023-06-30,,Standard,AZ,54,Medium
3853,2023-12-18,2025-02-08,Standard,MA,50,Medium
3854,2021-04-19,,Standard,NC,39,Medium
3855,2021-11-24,,Standard,FL,22,Medium
3856,2021-11-11,,Standard,MA,73,Medium
3857,2022-11-30,2025-02-24,Standard,AZ,64,Medium
3858,2023-02-20,,Gold,WA,32,Medium
3859,2021-06-05,,Platinum,WA,60,Medium
3860,2023-06-06,,Gold,NY,64,Medium
3861,2023-10-23,,Standard,IL,44,Medium
3862,2023-01-28,,Standard,NC,31,Medium
3863,2022-12-23,2024-07-03,Gold,TX,22,Medium
3864,2023-07-02,2025-10-13,Standard,IL,21,Medium
3865,2023-05-21,,Gold,IL,48,Medium
3866,2021-01-13,,Standard,MA,24,Medium
3867,2022-08-31,2024-06-17,Platinum,FL,61,Medium
3868,2022-05-13,2024-07-30,Gold,WA,50,Medium
3869,2021-08-26,2022-01-25,Gold,GA,27,Medium
3870,2023-02-20,,Gold,FL,42,Medium
3871,2022-08-29,2023-05-29,Standard,WA,46,Medium
3872,2022-10-23,,Standard,GA,49,Medium
3873,2023-04-29,,Standard,NC,45,Low
3874,2023-07-25,2024-08-28,Standard,CA,30,Low
3875,2022-09-20,,Standard,AZ,40,Medium
3876,2021-05-23,2023-10-22,Standard,CA,34,Low
3877,2022-12-15,,Gold,FL,53,Medium
3878,2022-04-24,2024-01-11,Standard,NY,25,Low
3879,2022-07-19,,Standard,FL,65,Medium
3880,2022-04-16,,Standard,MA,26,Medium
3881,2022-01-19,2022-10-12,Standard,GA,42,Medium
3882,2023-07-15,2025-05-09,Standard,GA,37,Medium
3883,2022-02-21,,Platinum,NC,35,Medium
3884,2021-11-04,2023-04-06,Standard,CA,59,Low
3885,2022-10-11,,Standard,NC,60,Medium
3886,2023-10-22,,Standard,CA,48,Low
3887,2023-12-04,,Standard,GA,73,Low
3888,2023-01-09,,Gold,FL,22,Low
3889,2021-05-20,,Standard,NY,38,Low
3890,2023-09-01,,Standard,GA,47,High
3891,2023-10-14,,Standard,IL,41,Medium
3892,2023-08-11,2024-01-20,Platinum,WA,43,Medium
3893,2023-06-23,2024-03-05,Standard,CA,27,High
3894,2021-03-13,,Gold,CA,72,Low
3895,2021-04-17,,Standard,MA,68,Medium
3896,2023-12-02,,Standard,NC,39,High
3897,2023-06-02,2024-04-11,Gold,AZ,29,High
3898,2021-05-19,,Standard,AZ,32,Low
3899,2022-09-07,2024-07-04,Standard,MA,66,Medium
3900,2023-05-13,2025-03-13,Standard,GA,50,Low
3901,2021-09-30,,Standard,CA,27,Medium
3902,2022-02-20,2022-05-29,Gold,TX,22,Medium
3903,2022-05-21,,Standard,NY,37,Medium
3904,2023-01-03,,Gold,IL,31,Low
3905,2022-02-28,,Standard,FL,70,Low
3906,2022-01-25,,Standard,FL,32,Low
3907,2021-12-08,2022-10-29,Gold,AZ,23,Low
3908,2023-08-04,2025-10-11,Standard,AZ,41,Low
3909,2022-09-06,,Standard,MA,34,High
3910,2022-05-08,,Standard,CA,35,Medium
3911,2021-07-11,,Standard,NC,71,Low
3912,2022-05-14,2024-06-26,Gold,FL,62,Medium
3913,2023-04-02,,Standard,CA,61,Medium
3914,2021-08-15,,Standard,IL,30,Medium
3915,2021-05-19,,Gold,NY,72,Medium
3916,2023-05-06,,Standard,NY,56,Low
3917,2023-03-28,2025-08-27,Standard,FL,71,Medium
3918,2023-12-23,2024-04-18,Standard,TX,30,Medium
3919,2021-04-14,,Gold,MA,37,Medium
3920,2023-05-21,,Platinum,FL,64,High
3921,2022-10-30,2025-04-14,Gold,IL,45,High
3922,2021-09-30,,Standard,TX,47,High
3923,2023-10-27,2025-10-31,Gold,WA,53,Low
3924,2021-07-03,2021-10-27,Standard,GA,31,Medium
3925,2023-11-18,,Standard,AZ,33,High
3926,2021-10-20,2023-07-21,Platinum,AZ,21,Medium
3927,2021-06-26,,Standard,TX,51,Low
3928,2021-02-27,,Standard,FL,53,Medium
3929,2021-11-04,2022-08-16,Gold,AZ,41,Low
3930,2023-09-04,2024-06-22,Gold,CA,36,Medium
3931,2022-12-01,,Standard,AZ,59,High
3932,2021-03-24,2021-09-14,Standard,NY,43,Medium
3933,2021-09-09,,Standard,AZ,30,Medium
3934,2023-03-07,,Standard,WA,68,Medium
3935,2023-06-16,,Standard,MA,53,High
3936,2021-07-29,,Standard,TX,42,Medium
3937,2023-03-27,2023-07-24,Platinum,CA,61,Medium
3938,2022-09-01,2024-03-09,Standard,WA,26,Medium
3939,2022-03-23,2022-09-27,Standard,NY,67,Medium
3940,2022-04-05,,Standard,FL,56,Medium
3941,2023-08-26,,Standard,GA,67,Medium
3942,2022-04-17,2023-01-21,Standard,NY,30,High
3943,2022-01-05,2022-04-16,Platinum,TX,36,Low
3944,2023-06-19,,Gold,TX,33,Low
3945,2023-07-12,,Standard,TX,71,Medium
3946,2021-05-17,,Gold,WA,40,Medium
3947,2022-01-02,,Standard,TX,24,Medium
3948,2023-07-01,,Gold,MA,40,High
3949,2021-07-03,,Standard,MA,42,Low
3950,2022-04-17,,Gold,MA,49,Low
3951,2022-10-16,,Standard,TX,36,Low
3952,2023-01-19,,Standard,MA,63,High
3953,2022-06-21,2024-05-13,Gold,NC,67,Low
3954,2023-03-13,2023-07-10,Standard,AZ,63,Medium
3955,2023-07-09,,Standard,AZ,43,Medium
3956,2022-05-25,,Standard,TX,50,Medium
3957,2022-09-22,,Gold,IL,50,Low
3958,2023-09-29,2025-12-21,Standard,WA,63,Medium
3959,2023-07-05,,Standard,GA,23,Medium
3960,2023-10-31,,Platinum,WA,44,High
3961,2021-06-01,2021-10-06,Standard,NC,69,High
3962,2023-10-26,,Standard,WA,57,Medium
3963,2022-04-09,,Gold,NC,33,High
3964,2021-09-28,,Gold,NC,62,Low
3965,2022-04-05,,Platinum,WA,52,Medium
3966,2021-04-15,,Standard,GA,57,Medium
3967,2021-06-11,,Standard,NC,32,Medium
3968,2021-12-17,,Gold,MA,28,Low
3969,2022-03-10,,Gold,CA,44,Medium
3970,2023-05-02,,Gold,CA,64,Low
3971,2021-05-20,,Standard,FL,36,Medium
3972,2021-03-28,2023-01-18,Standard,TX,52,Low
3973,2021-07-02,,Standard,NY,54,Medium
3974,2022-01-03,,Platinum,MA,55,Medium
3975,2021-05-09,,Standard,MA,52,Medium
3976,2022-11-01,,Standard,NY,70,Medium
3977,2021-05-29,2022-06-16,Standard,TX,37,Low
3978,2023-09-12,,Standard,CA,22,Low
3979,2023-05-02,2024-07-24,Standard,GA,46,Medium
3980,2022-09-20,2024-10-03,Gold,NC,74,High
3981,2022-03-22,,Standard,NY,64,Medium
3982,2023-06-03,2024-02-27,Standard,GA,37,Medium
3983,2021-10-21,,Standard,FL,58,High
3984,2021-09-07,,Gold,NC,69,High
3985,2023-05-28,,Platinum,WA,22,Medium
3986,2023-08-06,,Gold,MA,28,Medium
3987,2023-09-02,2026-02-04,Gold,NC,66,High
3988,2023-11-15,2024-06-03,Standard,WA,26,High
3989,2023-02-28,,Gold,CA,29,Medium
3990,2023-09-11,,Platinum,WA,21,Medium
3991,2023-06-08,,Standard,WA,25,Medium
3992,2023-06-09,,Standard,IL,59,Medium
3993,2021-03-11,2023-06-20,Platinum,NY,29,High
3994,2022-09-17,,Gold,NC,34,Medium
3995,2023-05-25,,Standard,NY,47,Low
3996,2022-04-16,2023-10-01,Platinum,NC,29,Low
3997,2021-04-01,2021-07-20,Standard,MA,56,High
3998,2022-06-14,2023-02-03,Standard,AZ,49,Medium
3999,2022-10-23,2024-06-02,Gold,NY,40,Medium
4000,2023-01-09,,Standard,NY,35,Low
4001,2022-12-27,2023-08-19,Gold,MA,56,Medium
4002,2023-05-22,2024-11-02,Standard,NC,23,Low
4003,2021-07-11,2022-12-03,Standard,MA,73,Medium
4004,2021-05-18,,Standard,GA,43,Medium
4005,2021-12-11,,Standard,WA,74,Medium
4006,2023-10-06,2024-11-14,Standard,MA,66,High
4007,2022-05-18,,Platinum,NC,29,Low
4008,2021-07-22,2022-04-03,Standard,CA,50,Low
4009,2022-07-27,,Standard,MA,39,Low
4010,2021-07-11,2023-07-22,Standard,TX,58,Low
4011,2021-01-05,,Gold,MA,23,Low
4012,2021-11-07,,Standard,NY,70,Medium
4013,2022-07-03,,Standard,GA,68,Medium
4014,2021-02-25,2021-12-14,Standard,IL,23,High
4015,2022-03-19,,Standard,MA,54,Low
4016,2023-05-20,,Standard,AZ,22,Medium
4017,2022-08-08,2024-03-15,Gold,TX,47,High
4018,2023-01-22,,Platinum,CA,43,Low
4019,2021-12-26,2024-04-19,Standard,MA,62,Medium
4020,2023-03-30,2025-03-13,Gold,WA,52,Medium
4021,2021-01-30,2022-08-10,Platinum,WA,67,Medium
4022,2021-04-18,,Platinum,TX,55,Medium
4023,2023-04-24,,Platinum,NY,60,Medium
4024,2022-12-18,,Gold,FL,38,Medium
4025,2023-06-10,2025-08-20,Standard,NY,47,Medium
4026,2023-08-18,,Standard,TX,31,Low
4027,2023-06-12,2024-09-28,Standard,NY,59,High
4028,2023-01-02,,Gold,WA,39,Medium
4029,2022-08-29,,Standard,GA,45,Medium
4030,2022-04-02,2023-05-10,Standard,FL,27,High
4031,2022-09-07,,Standard,WA,51,Medium
4032,2022-11-29,,Gold,CA,22,Low
4033,2022-11-05,,Gold,WA,58,Medium
4034,2022-06-27,,Standard,NY,25,Medium
4035,2023-05-07,,Standard,GA,34,Medium
4036,2023-06-16,,Gold,FL,38,High
4037,2021-10-05,,Standard,MA,56,Low
4038,2022-07-06,2024-11-12,Standard,FL,24,Low
4039,2021-04-21,,Standard,WA,44,Medium
4040,2022-01-20,,Platinum,MA,33,Medium
4041,2023-01-31,2024-01-10,Standard,TX,41,Low
4042,2022-11-25,2023-03-17,Standard,NC,53,High
4043,2022-02-09,,Gold,WA,40,Low
4044,2021-01-22,,Standard,AZ,25,Low
4045,2022-11-09,,Standard,WA,44,High
4046,2022-09-03,2024-12-28,Standard,TX,55,Medium
4047,2021-01-08,,Platinum,FL,50,High
4048,2022-12-03,2024-02-04,Standard,CA,48,Low
4049,2022-06-13,,Gold,MA,73,Low
4050,2022-08-25,,Platinum,AZ,71,Medium
4051,2022-10-19,2024-05-23,Gold,NC,65,High
4052,2021-06-15,,Gold,TX,27,Medium
4053,2023-04-29,,Gold,NC,62,Low
4054,2022-05-11,,Platinum,IL,55,Medium
4055,2022-08-13,,Platinum,AZ,50,Low
4056,2022-03-05,,Platinum,AZ,54,High
4057,2023-02-13,,Gold,IL,59,Low
4058,2021-06-12,2023-02-02,Standard,AZ,29,High
4059,2022-01-01,2023-04-01,Standard,WA,73,Medium
4060,2021-03-13,2022-06-17,Standard,IL,32,Medium
4061,2022-10-17,,Platinum,FL,74,Medium
4062,2021-09-26,,Gold,IL,49,Low
4063,2022-02-19,,Standard,FL,30,High
4064,2023-10-13,,Standard,CA,47,Low
4065,2022-11-06,,Standard,NY,39,Medium
4066,2023-12-20,,Standard,AZ,33,Medium
4067,2021-01-06,,Gold,MA,62,High
4068,2023-09-09,,Standard,MA,57,Low
4069,2022-07-24,,Standard,NY,52,Medium
4070,2022-02-11,2023-12-31,Standard,GA,35,Medium
4071,2021-01-26,,Standard,WA,41,Medium
4072,2023-10-26,2024-08-29,Platinum,AZ,23,Low
4073,2023-09-13,2025-03-30,Standard,AZ,28,Medium
4074,2022-01-25,,Platinum,NY,26,Low
4075,2022-12-11,,Standard,FL,49,Medium
4076,2022-07-25,,Standard,WA,39,Medium
4077,2023-01-24,,Gold,TX,37,High
4078,2021-05-26,,Gold,MA,30,Medium
4079,2023-02-24,2024-07-20,Standard,TX,53,Medium
4080,2022-06-10,,Standard,IL,33,Low
4081,2021-01-13,,Standard,FL,47,Medium
4082,2023-06-22,,Gold,GA,62,High
4083,2022-01-19,,Standard,TX,32,Medium
4084,2022-07-10,,Standard,MA,22,Medium
4085,2023-06-06,2024-08-24,Gold,MA,30,Medium
4086,2021-01-19,,Standard,MA,41,Medium
4087,2022-07-29,,Standard,CA,43,Medium
4088,2023-01-21,,Standard,AZ,21,Low
4089,2023-10-01,2025-04-02,Platinum,TX,53,Medium
4090,2022-02-23,,Standard,IL,72,Low
4091,2022-02-23,,Platinum,TX,46,Medium
4092,2021-05-02,2022-12-15,Standard,IL,35,Medium
4093,2022-03-08,,Gold,MA,42,High
4094,2021-02-13,2021-06-09,Standard,WA,45,Low
4095,2022-01-16,,Standard,IL,21,Medium
4096,2021-05-25,,Gold,FL,46,Medium
4097,2021-12-29,,Gold,AZ,41,Low
4098,2023-12-10,,Gold,AZ,61,Medium
4099,2023-12-25,2026-06-03,Gold,CA,44,Low
4100,2021-12-21,,Standard,NC,59,Low
4101,2023-03-11,,Standard,TX,36,Low
4102,2023-04-06,2025-09-12,Standard,NY,52,Medium
4103,2022-02-02,,Gold,CA,36,High
4104,2023-05-30,,Standard,NY,33,Low
4105,2022-04-08,2023-02-14,Platinum,NC,62,High
4106,2023-03-19,2025-05-06,Standard,AZ,52,Medium
4107,2021-07-06,2022-02-28,Gold,FL,70,Medium
4108,2023-01-02,,Standard,MA,61,Medium
4109,2022-03-05,,Standard,MA,64,High
4110,2023-05-08,,Gold,IL,44,Medium
4111,2021-08-25,,Standard,CA,33,High
4112,2023-02-10,,Platinum,NC,31,Medium
4113,2023-01-28,,Gold,FL,35,Low
4114,2021-05-16,2022-10-11,Standard,MA,30,High
4115,2023-03-03,,Gold,IL,62,High
4116,2021-06-20,,Gold,TX,61,Low
4117,2021-06-08,,Gold,AZ,23,High
4118,2021-07-20,,Standard,TX,36,Medium
4119,2023-08-20,,Standard,AZ,64,High
4120,2022-08-06,,Gold,TX,37,High
4121,2023-05-26,2025-08-31,Gold,IL,45,High
4122,2022-01-06,,Standard,FL,50,High
4123,2021-04-13,2022-06-27,Standard,CA,67,Low
4124,2023-09-29,,Standard,AZ,55,Low
4125,2023-09-03,2024-06-04,Standard,NC,57,Low
4126,2023-03-09,2024-07-25,Gold,NY,33,Low
4127,2022-10-20,,Gold,FL,44,Medium
4128,2023-06-01,,Standard,FL,58,Medium
4129,2023-01-03,2025-06-16,Gold,IL,46,Medium
4130,2022-02-27,,Standard,NY,29,Medium
4131,2022-07-26,,Gold,GA,39,High
4132,2021-06-20,2022-11-20,Standard,FL,48,Medium
4133,2021-06-22,,Standard,NC,27,Medium
4134,2022-10-25,,Gold,FL,65,Low
4135,2022-03-29,,Standard,WA,42,Low
4136,2021-12-16,,Standard,AZ,50,Medium
4137,2022-05-09,,Standard,MA,57,Medium
4138,2022-09-12,,Standard,FL,36,Medium
4139,2023-10-25,2024-03-03,Standard,FL,56,Medium
4140,2023-07-08,2024-11-01,Standard,IL,25,Medium
4141,2021-01-06,,Platinum,NC,49,Low
4142,2021-10-15,,Gold,IL,72,Medium
4143,2022-08-31,,Standard,CA,71,Low
4144,2022-04-02,2024-06-02,Gold,AZ,43,Medium
4145,2023-10-27,2024-04-12,Standard,NC,26,High
4146,2022-09-16,,Standard,IL,56,Low
4147,2022-01-11,,Standard,NY,53,Medium
4148,2022-03-23,2024-06-06,Standard,NY,69,Medium
4149,2023-04-15,,Gold,FL,61,Medium
4150,2023-03-22,,Standard,MA,36,Low
4151,2023-08-17,,Gold,IL,54,High
4152,2023-04-29,,Standard,CA,63,Low
4153,2023-03-20,,Standard,IL,46,Medium
4154,2023-09-06,,Gold,IL,57,Medium
4155,2022-02-20,,Standard,WA,33,Low
4156,2022-12-27,,Standard,MA,72,Medium
4157,2022-03-30,,Standard,IL,37,Low
4158,2021-05-30,,Standard,TX,52,Medium
4159,2023-01-29,,Platinum,TX,52,Low
4160,2023-02-18,,Standard,FL,48,High
4161,2023-08-31,,Standard,CA,49,Low
4162,2023-02-02,,Gold,MA,45,High
4163,2023-09-29,2026-02-24,Standard,CA,67,High
4164,2021-03-17,2023-08-07,Standard,NY,42,Medium
4165,2022-08-22,,Standard,NC,47,Medium
4166,2021-08-13,,Standard,MA,64,Medium
4167,2021-04-23,,Standard,WA,58,High
4168,2021-09-08,,Standard,MA,40,Medium
4169,2023-04-21,,Gold,IL,65,High
4170,2022-12-15,,Standard,AZ,70,Medium
4171,2021-05-05,2023-01-28,Standard,WA,44,High
4172,2023-12-29,,Standard,FL,67,Medium
4173,2023-12-07,,Standard,CA,67,High
4174,2023-06-03,2024-11-23,Platinum,TX,28,Low
4175,2021-01-30,,Standard,WA,71,Medium
4176,2021-10-08,,Standard,FL,34,Medium
4177,2023-07-13,2025-01-26,Standard,NY,59,Medium
4178,2022-01-03,2022-08-22,Standard,MA,34,Medium
4179,2022-05-10,,Gold,MA,25,Medium
4180,2023-11-15,,Standard,TX,67,Low
4181,2022-12-19,2023-11-24,Standard,AZ,41,Medium
4182,2023-10-14,2024-10-31,Standard,CA,35,Medium
4183,2022-08-29,,Standard,NC,56,Medium
4184,2022-01-10,,Standard,MA,53,Medium
4185,2022-10-01,,Standard,NC,37,Low
4186,2023-11-15,2025-10-14,Platinum,CA,40,Low
4187,2021-04-26,,Standard,NY,21,Medium
4188,2021-02-17,,Platinum,NY,36,High
4189,2021-04-09,,Standard,NC,65,Medium
4190,2022-02-09,,Gold,TX,38,High
4191,2022-11-16,,Standard,NC,30,Medium
4192,2023-06-22,,Gold,IL,43,Medium
4193,2022-05-18,,Standard,FL,38,Medium
4194,2023-06-13,,Standard,WA,69,High
4195,2021-09-15,,Gold,TX,29,Medium
4196,2023-04-24,,Standard,FL,66,Medium
4197,2021-05-01,,Standard,MA,73,Low
4198,2023-03-21,2023-11-01,Standard,CA,50,High
4199,2023-09-05,,Standard,NY,33,Medium
4200,2021-02-23,2022-09-19,Standard,CA,72,High
4201,2023-10-16,,Standard,TX,72,Low
4202,2023-02-23,2025-07-20,Standard,GA,51,Low
4203,2021-08-29,,Standard,NC,66,Medium
4204,2022-04-28,,Standard,IL,63,Medium
4205,2023-10-10,,Standard,FL,33,High
4206,2021-07-06,,Standard,FL,52,Medium
4207,2022-10-18,,Platinum,AZ,37,Low
4208,2021-09-19,,Standard,NY,23,Medium
4209,2023-08-11,,Platinum,FL,21,Medium
4210,2022-05-06,2023-06-11,Gold,TX,73,Medium
4211,2022-03-07,,Platinum,WA,25,High
4212,2021-08-27,,Gold,GA,52,Low
4213,2021-10-31,2023-08-06,Gold,FL,45,Medium
4214,2021-10-25,,Standard,WA,65,Medium
4215,2021-03-17,,Standard,FL,25,Low
4216,2023-09-26,,Standard,TX,57,Medium
4217,2022-10-04,,Platinum,WA,43,Medium
4218,2023-04-07,,Platinum,MA,32,Medium
4219,2021-10-10,2023-10-01,Gold,FL,54,Medium
4220,2022-08-14,2024-11-12,Gold,MA,43,Low
4221,2021-03-13,,Platinum,AZ,36,High
4222,2022-12-04,2023-04-18,Standard,NY,69,Medium
4223,2022-07-29,2023-06-19,Gold,TX,25,Medium
4224,2023-09-27,,Standard,IL,64,Medium
4225,2023-06-11,,Standard,TX,67,Low
4226,2021-01-12,,Standard,NC,48,Medium
4227,2021-05-21,,Standard,IL,26,High
4228,2021-01-17,,Gold,NC,33,High
4229,2023-12-23,,Standard,WA,63,Medium
4230,2021-09-10,,Gold,AZ,50,Low
4231,2022-04-10,,Standard,WA,46,Medium
4232,2022-01-11,,Standard,FL,37,Medium
4233,2023-09-08,,Gold,NY,29,High
4234,2022-06-04,2022-10-19,Gold,TX,36,Low
4235,2021-03-31,,Standard,CA,69,Low
4236,2022-12-21,,Standard,TX,72,Medium
4237,2023-03-15,,Standard,TX,38,Low
4238,2023-03-07,,Platinum,IL,33,High
4239,2022-09-22,,Gold,GA,49,Medium
4240,2021-03-17,2021-12-29,Standard,CA,63,High
4241,2023-07-15,2024-01-04,Standard,FL,65,Low
4242,2022-02-04,,Gold,NC,44,Medium
4243,2023-08-28,,Gold,MA,65,Medium
4244,2023-12-31,2025-09-23,Gold,NC,64,Medium
4245,2023-03-08,,Standard,NY,66,Medium
4246,2021-07-14,2022-03-21,Gold,AZ,33,Medium
4247,2021-08-16,,Gold,NY,45,High
4248,2022-04-06,2023-09-05,Gold,AZ,61,Low
4249,2022-09-10,,Standard,TX,66,High
4250,2023-11-11,,Gold,IL,21,High
4251,2021-03-05,,Gold,FL,29,Medium
4252,2021-06-14,,Gold,GA,24,Medium
4253,2021-01-27,,Standard,NY,48,Low
4254,2023-10-09,,Standard,IL,32,Medium
4255,2021-10-12,,Standard,NC,44,Medium
4256,2021-10-08,,Standard,GA,66,Medium
4257,2023-04-18,,Standard,WA,29,Medium
4258,2023-04-11,,Standard,TX,55,High
4259,2023-07-07,,Standard,CA,58,Medium
4260,2021-08-12,2022-01-19,Gold,CA,55,High
4261,2023-02-23,,Standard,MA,53,Medium
4262,2023-08-23,2025-04-23,Standard,TX,74,Medium
4263,2023-08-08,2023-12-27,Gold,MA,73,Medium
4264,2023-11-20,2024-04-02,Standard,CA,55,Medium
4265,2021-02-14,2022-03-03,Standard,FL,66,Low
4266,2022-04-16,2023-10-22,Standard,NC,40,Low
4267,2021-02-03,,Standard,FL,22,Medium
4268,2022-10-15,2024-07-15,Standard,IL,64,High
4269,2023-04-10,,Standard,NC,46,Medium
4270,2021-08-09,2022-11-21,Platinum,CA,62,Low
4271,2022-06-18,,Standard,MA,33,Medium
4272,2022-11-23,,Standard,TX,50,Medium
4273,2023-07-21,,Gold,TX,72,Medium
4274,2023-04-21,,Standard,AZ,52,High
4275,2023-10-08,,Standard,GA,56,Medium
4276,2022-08-05,,Gold,WA,39,Medium
4277,2021-08-27,2023-12-07,Standard,CA,42,Medium
4278,2022-03-17,,Platinum,CA,21,Medium
4279,2021-05-28,,Standard,MA,31,Medium
4280,2023-10-30,,Gold,AZ,46,Medium
4281,2022-01-23,,Standard,NY,68,Medium
4282,2023-12-10,,Standard,GA,39,Medium
4283,2023-07-05,,Gold,FL,39,Low
4284,2022-09-30,,Platinum,FL,32,Low
4285,2021-10-05,,Gold,NY,23,Low
4286,2023-09-16,2025-04-05,Gold,AZ,38,High
4287,2022-08-12,,Platinum,GA,69,Low
4288,2022-10-11,,Standard,CA,25,Medium
4289,2022-09-10,2023-08-27,Standard,TX,68,Medium
4290,2021-05-15,2023-03-15,Standard,CA,44,Medium
4291,2022-08-03,,Gold,FL,34,Medium
4292,2022-05-05,,Gold,NC,71,Medium
4293,2022-04-23,2023-01-16,Gold,MA,58,Medium
4294,2022-01-19,,Platinum,MA,23,Low
4295,2021-06-12,2022-09-01,Gold,WA,26,Medium
4296,2022-03-17,,Standard,IL,32,High
4297,2022-02-19,,Standard,FL,72,High
4298,2021-10-15,,Platinum,AZ,31,Medium
4299,2021-07-06,,Standard,MA,59,High
4300,2021-05-10,,Standard,NC,46,High
4301,2021-07-13,,Standard,CA,21,Medium
4302,2021-11-12,2023-04-04,Standard,WA,36,Medium
4303,2021-05-24,,Gold,TX,68,Medium
4304,2021-01-16,,Standard,FL,69,High
4305,2022-02-27,,Platinum,IL,67,Medium
4306,2021-09-02,,Standard,AZ,73,High
4307,2023-07-16,2025-09-10,Gold,WA,29,Low
4308,2021-05-09,2022-02-23,Gold,TX,25,Low
4309,2023-06-26,2023-10-06,Gold,IL,72,Medium
4310,2023-06-06,,Platinum,IL,28,Low
4311,2021-12-07,,Standard,WA,41,High
4312,2021-01-04,,Standard,CA,53,Low
4313,2021-11-02,,Standard,AZ,59,Medium
4314,2023-06-27,,Gold,NY,63,Low
4315,2022-08-30,,Platinum,IL,40,Low
4316,2023-09-19,2025-03-04,Standard,MA,73,Low
4317,2021-11-17,,Gold,NY,65,High
4318,2022-07-13,2024-10-05,Standard,NC,42,Medium
4319,2022-09-10,2024-12-09,Standard,WA,33,Medium
4320,2022-12-12,,Gold,IL,59,High
4321,2022-06-15,,Standard,MA,31,High
4322,2022-02-14,,Standard,NC,38,Medium
4323,2023-03-29,,Gold,NY,50,Medium
4324,2022-05-08,,Gold,TX,53,Medium
4325,2021-01-12,,Standard,FL,64,Low
4326,2021-07-14,,Gold,NY,23,Low
4327,2022-05-05,,Standard,FL,21,Medium
4328,2023-03-06,,Standard,MA,56,Low
4329,2023-05-31,2024-06-09,Gold,IL,26,High
4330,2021-07-01,,Standard,FL,57,High
4331,2023-08-20,,Standard,WA,49,Low
4332,2022-10-18,,Standard,MA,31,High
4333,2022-11-25,,Gold,IL,72,Medium
4334,2021-01-30,,Standard,MA,33,Medium
4335,2023-02-17,2025-06-11,Standard,NY,31,Medium
4336,2022-03-20,,Standard,MA,58,Low
4337,2021-10-25,,Standard,NY,71,Low
4338,2023-03-19,2024-02-29,Standard,WA,45,Medium
4339,2023-04-25,,Standard,AZ,35,Medium
4340,2023-10-13,,Gold,WA,73,Low
4341,2022-07-08,2024-04-27,Gold,NC,33,Medium
4342,2021-10-30,,Gold,NY,62,High
4343,2022-02-25,,Standard,IL,53,Medium
4344,2021-07-04,,Standard,GA,33,Medium
4345,2022-04-13,,Standard,AZ,58,Medium
4346,2023-01-24,2024-10-22,Standard,WA,73,Medium
4347,2021-12-29,2023-07-31,Standard,GA,44,Low
4348,2021-12-02,,Gold,TX,40,High
4349,2021-06-11,,Standard,GA,64,High
4350,2021-01-12,,Standard,NC,37,Low
4351,2022-08-11,,Standard,NC,70,Medium
4352,2021-07-20,,Standard,WA,44,Medium
4353,2022-06-06,,Platinum,GA,46,Low
4354,2022-05-20,2023-12-28,Standard,FL,60,Low
4355,2023-02-27,2025-05-01,Gold,IL,52,Low
4356,2023-11-29,2025-01-24,Standard,TX,49,High
4357,2021-03-01,,Gold,NY,34,Low
4358,2022-08-01,2024-05-13,Standard,CA,57,Medium
4359,2021-11-17,,Platinum,FL,42,Low
4360,2023-07-12,,Standard,TX,54,Medium
4361,2022-07-23,,Standard,TX,47,High
4362,2022-06-11,,Standard,CA,48,Medium
4363,2022-06-08,,Standard,NC,42,Low
4364,2022-09-05,,Standard,TX,63,Medium
4365,2021-05-05,,Gold,FL,23,Medium
4366,2023-05-21,,Standard,WA,42,Medium
4367,2021-10-07,,Standard,MA,68,Medium
4368,2023-07-06,,Gold,MA,41,Low
4369,2022-09-14,,Standard,MA,36,Low
4370,2023-04-26,,Standard,FL,29,Low
4371,2022-11-05,,Platinum,IL,33,High
4372,2021-11-10,,Platinum,NY,30,Medium
4373,2021-11-28,,Gold,CA,69,Medium
4374,2021-02-05,,Gold,AZ,41,High
4375,2023-11-12,,Standard,NC,69,High
4376,2021-07-25,,Platinum,MA,62,Low
4377,2022-10-01,,Standard,GA,60,Low
4378,2023-04-28,,Standard,NC,27,High
4379,2022-03-16,,Gold,FL,66,High
4380,2022-12-30,2023-04-30,Standard,IL,42,Medium
4381,2023-07-30,,Standard,IL,38,High
4382,2021-06-13,,Standard,MA,41,Low
4383,2021-05-28,2023-04-27,Standard,GA,71,Low
4384,2021-10-21,,Standard,AZ,70,Medium
4385,2021-07-14,,Standard,MA,34,High
4386,2022-10-25,,Standard,CA,30,Medium
4387,2022-04-25,,Standard,NC,53,Medium
4388,2021-05-03,,Standard,WA,29,Low
4389,2022-11-30,,Standard,NC,38,Medium
4390,2023-08-23,,Platinum,GA,33,High
4391,2022-10-23,2023-03-04,Standard,MA,37,Low
4392,2022-12-11,,Gold,CA,43,Medium
4393,2022-01-31,,Standard,GA,45,Medium
4394,2023-07-01,,Standard,NY,74,Medium
4395,2023-10-02,,Standard,GA,36,High
4396,2021-11-13,,Standard,FL,44,Medium
4397,2022-11-12,,Standard,GA,51,Medium
4398,2022-05-10,,Standard,AZ,31,Low
4399,2022-07-10,,Standard,MA,43,Medium
4400,2022-09-02,,Standard,FL,61,Medium
4401,2021-04-19,,Gold,GA,59,Low
4402,2022-01-07,2023-03-23,Platinum,FL,42,High
4403,2023-05-05,,Standard,CA,53,Medium
4404,2022-09-08,2023-11-05,Gold,WA,61,Low
4405,2023-02-07,2024-11-16,Gold,FL,62,Low
4406,2021-07-25,,Standard,NC,68,Low
4407,2023-04-27,,Gold,NY,73,Medium
4408,2021-02-12,,Platinum,IL,38,High
4409,2023-05-15,,Standard,NY,34,Medium
4410,2023-02-24,,Gold,GA,48,Low
4411,2022-04-21,,Gold,WA,31,Low
4412,2021-03-24,,Standard,NY,44,Medium
4413,2021-07-09,,Standard,IL,56,Medium
4414,2023-03-11,,Platinum,AZ,39,Low
4415,2023-07-25,,Gold,AZ,33,Low
4416,2021-09-08,,Standard,WA,53,Low
4417,2021-10-18,2022-10-12,Standard,IL,73,Medium
4418,2021-11-22,2023-04-08,Platinum,IL,39,Medium
4419,2023-04-17,2025-02-09,Standard,CA,67,High
4420,2022-05-23,2022-09-08,Gold,TX,72,Medium
4421,2023-01-01,,Standard,FL,52,Medium
4422,2021-03-13,2022-05-23,Standard,WA,35,Low
4423,2022-10-03,2024-09-04,Standard,MA,31,Low
4424,2023-07-29,2023-12-02,Standard,CA,43,Medium
4425,2022-08-31,2024-08-08,Standard,AZ,25,Low
4426,2022-07-20,2023-01-17,Standard,CA,42,Medium
4427,2021-02-23,,Gold,GA,62,Low
4428,2022-06-12,,Standard,FL,38,Low
4429,2022-09-03,2023-06-04,Gold,MA,27,Low
4430,2021-07-12,,Standard,WA,53,High
4431,2021-02-27,,Standard,GA,23,Medium
4432,2021-05-09,2023-08-04,Standard,TX,48,Low
4433,2022-12-07,,Standard,MA,21,Low
4434,2023-05-02,,Platinum,IL,69,Medium
4435,2021-01-08,,Gold,MA,67,Medium
4436,2021-01-29,,Standard,CA,57,Low
4437,2023-08-05,2023-11-30,Gold,NC,42,Medium
4438,2021-05-11,,Standard,GA,68,Medium
4439,2021-07-07,,Standard,CA,64,Medium
4440,2022-12-10,,Standard,IL,39,Medium
4441,2021-07-31,2023-04-29,Gold,AZ,34,Medium
4442,2021-10-03,,Standard,CA,23,Medium
4443,2021-08-31,,Gold,MA,39,Low
4444,2023-09-14,,Standard,TX,53,Medium
4445,2022-11-16,2024-02-20,Standard,MA,41,Low
4446,2021-06-20,,Platinum,MA,21,High
4447,2022-10-15,,Standard,GA,46,Low
4448,2021-07-07,,Gold,WA,30,Medium
4449,2021-02-21,,Gold,FL,55,Low
4450,2021-04-21,,Platinum,MA,33,Low
4451,2023-05-27,,Standard,MA,26,Medium
4452,2023-12-03,,Standard,FL,63,Medium
4453,2021-07-30,,Gold,TX,26,Medium
4454,2023-05-08,,Standard,GA,55,Low
4455,2022-09-19,2024-05-30,Standard,AZ,36,Medium
4456,2023-11-16,,Standard,IL,61,Low
4457,2021-10-26,,Standard,IL,28,Medium
4458,2023-07-13,,Standard,CA,23,Medium
4459,2021-05-17,,Standard,GA,25,Medium
4460,2023-11-10,,Standard,NC,41,Low
4461,2022-03-16,,Standard,AZ,51,Medium
4462,2021-07-30,2022-10-07,Standard,IL,34,Medium
4463,2023-01-22,,Gold,NC,57,Low
4464,2022-03-11,2023-08-01,Gold,WA,39,Medium
4465,2023-02-19,,Standard,NC,57,Low
4466,2022-03-15,,Standard,NC,73,Medium
4467,2022-10-28,,Standard,AZ,40,Medium
4468,2023-12-02,,Standard,WA,72,High
4469,2022-02-15,2022-11-27,Gold,NC,22,Medium
4470,2023-03-17,2023-08-31,Gold,FL,27,Low
4471,2022-09-02,,Gold,NY,53,Low
4472,2022-03-03,,Standard,MA,73,Medium
4473,2023-06-21,2024-03-03,Standard,TX,70,Medium
4474,2023-07-31,,Gold,MA,62,Low
4475,2023-01-12,,Standard,CA,26,Medium
4476,2021-11-24,,Standard,NC,27,Low
4477,2021-02-21,,Standard,IL,64,Medium
4478,2022-01-11,,Standard,GA,38,Low
4479,2021-09-20,,Standard,CA,63,Medium
4480,2021-09-24,,Standard,AZ,74,Low
4481,2021-12-25,2022-06-22,Gold,GA,49,Low
4482,2022-10-14,,Platinum,GA,39,Medium
4483,2021-02-15,,Standard,AZ,45,High
4484,2022-08-23,,Standard,FL,24,Medium
4485,2022-12-21,,Standard,MA,71,Low
4486,2022-08-24,2023-08-12,Platinum,CA,33,Medium
4487,2022-01-16,2023-07-31,Standard,MA,52,Low
4488,2021-04-28,,Gold,WA,47,Medium
4489,2021-04-26,,Standard,IL,71,Medium
4490,2021-09-17,,Gold,CA,54,Medium
4491,2021-11-01,,Standard,AZ,48,Low
4492,2021-01-07,,Standard,NC,29,High
4493,2022-01-01,,Standard,CA,28,Medium
4494,2022-06-07,,Standard,CA,41,High
4495,2022-03-05,,Gold,NY,66,Medium
4496,2023-03-02,,Gold,AZ,50,High
4497,2023-01-17,,Standard,AZ,49,Medium
4498,2022-01-02,2022-10-26,Platinum,MA,29,Low
4499,2021-11-09,,Standard,IL,33,Medium
4500,2022-06-22,2024-09-12,Platinum,AZ,38,Medium
4501,2023-07-10,,Standard,TX,58,High
4502,2023-12-14,2024-12-08,Platinum,AZ,42,Medium
4503,2023-05-15,,Standard,TX,51,Medium
4504,2023-02-21,,Standard,NC,55,High
4505,2021-11-30,,Standard,IL,62,High
4506,2023-03-09,2024-02-24,Standard,FL,62,Low
4507,2021-12-14,2023-08-01,Standard,CA,30,Medium
4508,2021-09-30,,Standard,IL,29,Medium
4509,2023-08-21,2026-01-11,Platinum,MA,51,Low
4510,2022-12-21,,Platinum,CA,64,High
4511,2022-05-15,,Platinum,TX,60,Medium
4512,2022-11-16,,Platinum,GA,44,Medium
4513,2021-03-20,,Gold,IL,61,High
4514,2022-09-14,,Platinum,MA,69,Low
4515,2023-08-05,2025-03-28,Gold,TX,28,High
4516,2021-12-24,2024-03-18,Standard,MA,70,Medium
4517,2022-09-10,2024-07-06,Gold,MA,40,High
4518,2022-05-22,2024-01-25,Platinum,MA,37,Medium
4519,2022-07-30,2024-10-18,Gold,IL,48,Low
4520,2021-09-01,,Standard,GA,26,Medium
4521,2022-05-21,,Standard,TX,62,Medium
4522,2022-02-26,,Gold,FL,53,Medium
4523,2021-08-05,,Platinum,TX,48,Medium
4524,2023-10-06,,Standard,AZ,73,Medium
4525,2021-11-26,,Standard,CA,21,Medium
4526,2022-10-12,2023-11-17,Standard,GA,61,Medium
4527,2022-01-26,,Standard,IL,72,Medium
4528,2022-01-16,2022-10-06,Standard,NY,55,Medium
4529,2023-01-12,2024-06-15,Gold,FL,44,High
4530,2023-03-31,,Platinum,CA,26,Low
4531,2022-11-04,,Gold,NY,27,High
4532,2022-05-28,,Standard,AZ,29,Medium
4533,2023-08-07,2025-12-11,Platinum,TX,57,Medium
4534,2023-07-19,,Standard,TX,36,Medium
4535,2023-07-02,,Standard,GA,54,Medium
4536,2022-10-06,,Standard,IL,55,Low
4537,2022-03-03,,Gold,IL,55,Low
4538,2022-05-17,,Gold,CA,40,Low
4539,2022-12-31,2024-07-05,Platinum,WA,43,Medium
4540,2021-03-12,,Standard,AZ,62,Low
4541,2022-04-23,,Standard,WA,74,Low
4542,2022-04-02,,Standard,MA,55,Low
4543,2021-07-08,,Gold,FL,67,Low
4544,2021-10-18,,Gold,TX,66,High
4545,2023-07-09,,Standard,CA,43,Medium
4546,2021-10-19,,Standard,WA,24,High
4547,2023-01-26,,Platinum,GA,30,Medium
4548,2022-01-12,,Platinum,NC,63,High
4549,2022-05-23,2022-11-29,Standard,IL,31,Medium
4550,2022-06-12,2022-09-25,Gold,TX,60,Medium
4551,2022-07-13,,Gold,CA,29,Medium
4552,2023-11-21,,Standard,NY,60,Medium
4553,2021-09-17,,Standard,FL,32,Medium
4554,2022-02-25,,Standard,MA,37,High
4555,2021-10-31,2024-01-07,Standard,GA,52,Medium
4556,2023-07-31,2024-07-12,Gold,AZ,43,Medium
4557,2023-11-29,,Standard,GA,35,High
4558,2022-06-26,2023-05-25,Standard,MA,71,High
4559,2023-12-26,,Standard,NC,48,Medium
4560,2021-04-18,2022-06-29,Standard,AZ,72,High
4561,2021-09-25,,Gold,AZ,58,Low
4562,2021-08-10,,Standard,CA,25,Low
4563,2022-11-24,,Standard,GA,60,Low
4564,2021-09-12,,Platinum,TX,38,Medium
4565,2021-09-10,2022-08-14,Standard,MA,73,Low
4566,2021-09-14,,Gold,NC,41,Low
4567,2022-01-18,,Standard,NC,35,Low
4568,2022-03-18,,Gold,IL,23,Medium
4569,2022-08-22,,Gold,FL,66,Medium
4570,2022-01-25,2022-08-07,Standard,CA,46,Low
4571,2022-08-05,,Gold,CA,35,Medium
4572,2023-12-04,,Standard,NY,65,Low
4573,2022-08-21,,Platinum,CA,73,Low
4574,2021-01-19,2023-03-13,Standard,AZ,40,High
4575,2022-08-30,,Gold,NY,41,High
4576,2021-02-02,,Standard,NC,46,Medium
4577,2023-05-12,2025-06-06,Gold,TX,61,Medium
4578,2021-06-04,,Platinum,WA,43,High
4579,2023-06-24,,Gold,FL,69,Medium
4580,2022-02-09,,Standard,FL,71,Medium
4581,2023-04-24,,Standard,TX,45,Medium
4582,2023-01-17,,Standard,TX,24,Low
4583,2021-09-28,,Standard,WA,72,Medium
4584,2023-02-09,,Standard,IL,30,Medium
4585,2021-06-21,2022-07-02,Standard,GA,42,Medium
4586,2021-10-01,,Standard,FL,23,Low
4587,2021-09-16,,Standard,IL,39,High
4588,2022-02-26,,Standard,CA,51,Low
4589,2021-12-30,,Standard,TX,29,Medium
4590,2022-01-13,,Standard,NY,49,Medium
4591,2022-08-03,,Gold,IL,57,Medium
4592,2023-06-10,,Standard,IL,66,Low
4593,2022-12-23,,Standard,FL,27,Medium
4594,2023-05-31,2024-02-13,Standard,NC,73,Low
4595,2022-08-28,,Standard,NY,58,Medium
4596,2021-01-22,,Gold,GA,44,Medium
4597,2022-01-18,,Standard,CA,28,High
4598,2021-05-14,,Standard,WA,54,High
4599,2023-11-15,,Gold,MA,46,Medium
4600,2022-05-18,2023-10-09,Platinum,NC,48,High
4601,2021-05-24,,Standard,FL,48,Low
4602,2021-08-12,,Standard,NC,66,High
4603,2021-08-08,2021-12-22,Standard,NY,74,Low
4604,2021-06-28,2021-11-07,Standard,AZ,27,Medium
4605,2022-03-09,,Standard,GA,23,Low
4606,2021-09-22,,Gold,CA,72,High
4607,2023-08-12,2024-09-25,Standard,NC,42,Medium
4608,2022-03-05,,Platinum,GA,58,Medium
4609,2022-02-20,,Standard,MA,73,High
4610,2022-12-28,,Standard,CA,66,Medium
4611,2021-07-16,,Gold,MA,64,Medium
4612,2023-12-13,,Standard,IL,38,Low
4613,2022-04-25,2023-03-01,Standard,NC,32,High
4614,2023-06-09,2025-01-31,Standard,MA,51,High
4615,2023-07-14,,Standard,GA,59,High
4616,2021-05-03,,Standard,AZ,25,Low
4617,2023-02-17,,Standard,WA,64,Low
4618,2021-12-14,,Standard,TX,61,Medium
4619,2021-01-29,,Standard,AZ,49,Medium
4620,2023-09-02,,Platinum,FL,63,Medium
4621,2021-02-04,2023-04-16,Standard,AZ,56,Medium
4622,2022-09-15,2024-02-27,Standard,MA,34,High
4623,2022-08-12,,Platinum,FL,64,High
4624,2023-12-27,2024-08-16,Gold,AZ,38,Low
4625,2023-06-23,2023-10-18,Standard,TX,27,Low
4626,2022-06-04,,Standard,GA,43,Low
4627,2021-05-02,,Gold,WA,53,Medium
4628,2021-12-06,,Standard,MA,65,Medium
4629,2021-06-24,2023-11-20,Gold,NC,36,Medium
4630,2022-08-20,2024-05-23,Platinum,CA,57,High
4631,2022-03-27,,Standard,NY,71,Medium
4632,2022-07-11,,Standard,NC,45,Medium
4633,2023-11-06,,Gold,IL,29,Medium
4634,2021-01-09,,Standard,MA,48,Medium
4635,2021-11-30,,Standard,CA,29,Medium
4636,2023-10-14,,Standard,GA,32,High
4637,2021-11-23,2023-12-11,Gold,IL,38,Medium
4638,2021-01-15,,Standard,NY,47,High
4639,2023-04-19,,Platinum,MA,46,Medium
4640,2021-08-14,,Gold,NC,46,Low
4641,2021-04-23,,Standard,AZ,30,High
4642,2021-01-01,2023-02-19,Gold,NC,37,Medium
4643,2021-09-23,,Standard,NC,71,Medium
4644,2023-08-10,,Gold,NY,52,Medium
4645,2021-11-02,2022-07-16,Standard,MA,44,Medium
4646,2021-01-12,2023-01-06,Standard,MA,63,Medium
4647,2023-07-26,,Gold,FL,68,High
4648,2022-02-24,,Standard,NC,28,High
4649,2023-06-08,2025-04-13,Gold,GA,50,Medium
4650,2021-06-20,,Gold,CA,46,Medium
4651,2021-05-14,2023-09-01,Standard,CA,44,High
4652,2023-08-23,,Standard,IL,47,Medium
4653,2023-11-15,,Platinum,NY,35,Medium
4654,2022-10-20,2023-09-23,Standard,NC,48,Low
4655,2021-06-28,,Gold,GA,31,Medium
4656,2023-12-16,2026-04-28,Gold,IL,59,Low
4657,2021-04-21,,Platinum,MA,22,Low
4658,2021-05-17,2023-09-17,Gold,CA,71,High
4659,2021-08-20,,Standard,TX,29,Medium
4660,2023-09-19,2024-12-08,Platinum,FL,70,High
4661,2022-04-13,,Gold,GA,65,Medium
4662,2023-01-02,,Gold,IL,43,Medium
4663,2022-04-26,2022-11-12,Standard,IL,53,Low
4664,2023-12-28,,Standard,GA,39,High
4665,2023-03-25,2025-05-14,Gold,AZ,33,Low
4666,2023-09-21,,Standard,TX,34,Medium
4667,2021-11-19,2024-01-17,Standard,MA,52,Low
4668,2023-07-11,,Standard,CA,69,Low
4669,2023-06-23,,Standard,NC,42,Low
4670,2022-08-29,,Standard,GA,40,Medium
4671,2022-03-05,,Standard,NY,53,High
4672,2021-05-28,,Standard,TX,25,Medium
4673,2023-04-30,,Gold,FL,40,Medium
4674,2022-01-02,,Standard,FL,34,High
4675,2023-04-30,,Standard,NY,47,Medium
4676,2023-12-26,2026-03-13,Standard,TX,46,High
4677,2023-03-24,,Standard,IL,52,Medium
4678,2021-06-24,,Gold,FL,50,High
4679,2022-08-11,,Gold,IL,47,Medium
4680,2022-05-10,,Standard,AZ,46,Low
4681,2023-08-31,2024-07-19,Standard,TX,38,Low
4682,2021-02-04,,Gold,GA,65,Low
4683,2023-09-26,2024-01-17,Standard,NC,43,Medium
4684,2022-06-22,2022-10-15,Standard,CA,64,High
4685,2023-01-20,2024-05-04,Standard,AZ,67,Medium
4686,2023-11-04,,Standard,IL,44,High
4687,2022-01-09,2024-04-07,Standard,TX,24,Medium
4688,2022-07-11,2023-09-19,Standard,AZ,61,Medium
4689,2021-08-21,,Standard,IL,23,Low
4690,2022-12-06,2024-03-17,Standard,NC,74,Medium
4691,2022-07-17,2024-03-19,Standard,NC,63,Medium
4692,2023-07-28,2023-11-11,Standard,NY,50,High
4693,2023-06-06,,Standard,MA,67,Medium
4694,2022-12-27,,Standard,FL,36,Medium
4695,2021-03-17,2022-02-14,Standard,NC,27,Low
4696,2022-03-15,,Gold,WA,59,Medium
4697,2022-11-30,,Gold,NC,42,High
4698,2023-07-04,,Standard,AZ,61,Medium
4699,2023-06-10,,Standard,CA,51,Low
4700,2022-11-23,,Gold,TX,69,Medium
4701,2021-09-10,,Standard,AZ,33,Medium
4702,2023-11-27,2026-02-11,Standard,MA,61,Medium
4703,2022-02-14,2024-06-22,Gold,NC,61,Medium
4704,2021-05-07,,Platinum,GA,72,High
4705,2022-08-15,2024-07-28,Standard,TX,49,Medium
4706,2021-10-21,,Standard,AZ,48,Low
4707,2023-10-17,,Gold,WA,64,Medium
4708,2021-11-06,,Standard,CA,73,Medium
4709,2022-10-24,,Gold,FL,39,High
4710,2022-06-12,,Standard,TX,43,Medium
4711,2022-06-24,2024-09-07,Standard,MA,67,Low
4712,2022-02-23,,Standard,GA,70,Low
4713,2022-03-20,,Platinum,WA,28,Low
4714,2022-11-16,,Gold,FL,45,High
4715,2023-04-20,,Standard,IL,58,Medium
4716,2021-08-24,,Gold,CA,58,High
4717,2021-08-02,,Standard,FL,55,Medium
4718,2021-03-26,,Gold,NC,46,Medium
4719,2023-03-05,,Gold,NY,23,High
4720,2021-03-26,,Standard,GA,22,Medium
4721,2021-03-06,,Standard,WA,25,Low
4722,2022-10-25,,Platinum,FL,40,Medium
4723,2022-09-19,2024-06-08,Platinum,NY,32,Low
4724,2021-03-05,,Standard,FL,58,High
4725,2023-07-28,,Standard,AZ,36,High
4726,2023-07-08,,Platinum,IL,57,High
4727,2022-05-06,,Standard,CA,58,High
4728,2021-11-09,2023-09-12,Standard,IL,56,Medium
4729,2022-09-07,2024-10-23,Standard,AZ,66,Medium
4730,2023-07-08,2024-04-24,Gold,FL,49,Low
4731,2023-03-24,2024-02-24,Standard,TX,55,Medium
4732,2023-07-29,,Standard,NY,69,Low
4733,2022-11-11,,Standard,GA,57,High
4734,2022-03-11,,Platinum,MA,74,High
4735,2022-11-13,,Gold,NY,41,Low
4736,2023-12-10,2024-07-04,Gold,IL,41,Low
4737,2021-12-06,2022-03-14,Standard,NY,48,Medium
4738,2021-12-13,2023-10-31,Platinum,NC,26,Medium
4739,2022-10-08,,Gold,FL,40,Medium
4740,2022-10-11,,Gold,AZ,56,Medium
4741,2021-09-02,2021-12-23,Platinum,NY,33,High
4742,2021-04-19,,Standard,NY,60,Low
4743,2022-06-17,2023-05-12,Gold,AZ,31,Medium
4744,2021-10-23,,Platinum,NC,44,Medium
4745,2021-04-22,,Gold,NC,39,Low
4746,2021-12-09,,Standard,MA,43,Medium
4747,2021-04-11,,Standard,MA,51,High
4748,2022-09-21,,Gold,NC,57,High
4749,2021-01-28,2022-12-03,Standard,TX,57,Medium
4750,2023-07-26,,Standard,MA,23,High
4751,2021-02-27,,Gold,NC,54,Low
4752,2021-10-24,,Standard,NC,49,High
4753,2021-05-14,,Standard,NY,23,Low
4754,2021-09-06,,Gold,MA,35,Medium
4755,2023-10-18,,Standard,FL,27,Low
4756,2022-07-04,2022-10-28,Standard,AZ,23,High
4757,2023-06-21,,Standard,AZ,67,Low
4758,2023-04-14,2023-10-01,Standard,WA,63,Low
4759,2023-02-10,2024-12-26,Standard,NY,36,Medium
4760,2021-05-26,,Standard,WA,65,Low
4761,2023-06-12,,Standard,WA,54,Low
4762,2021-12-10,2022-09-24,Standard,NY,40,Medium
4763,2023-11-25,,Standard,FL,64,Low
4764,2022-12-03,,Platinum,TX,73,Low
4765,2021-01-01,2022-10-07,Standard,CA,59,Low
4766,2021-06-02,,Gold,TX,53,Low
4767,2022-03-05,,Standard,MA,34,Medium
4768,2022-05-23,,Gold,NC,62,Medium
4769,2022-05-06,,Gold,IL,55,Medium
4770,2021-12-11,,Standard,GA,31,Low
4771,2021-08-09,,Standard,NY,74,Medium
4772,2022-12-24,,Standard,TX,40,Medium
4773,2023-11-15,,Gold,FL,50,Medium
4774,2022-06-12,2024-10-23,Standard,TX,73,Medium
4775,2023-04-21,,Gold,MA,48,Low
4776,2023-12-02,,Standard,NC,35,Low
4777,2022-04-26,2022-10-24,Standard,WA,58,Medium
4778,2023-07-19,,Standard,AZ,70,Low
4779,2023-05-22,,Gold,IL,33,Medium
4780,2021-12-11,2022-06-02,Standard,TX,67,Medium
4781,2021-02-14,,Gold,FL,55,High
4782,2021-01-21,,Standard,CA,67,Medium
4783,2023-12-30,,Standard,TX,44,Medium
4784,2023-05-23,,Gold,FL,21,Medium
4785,2021-02-17,,Gold,WA,62,Low
4786,2022-07-05,,Standard,FL,44,Medium
4787,2021-10-14,,Standard,FL,47,Medium
4788,2023-09-29,2024-10-22,Gold,NC,38,Medium
4789,2023-10-31,,Standard,NC,46,High
4790,2022-06-26,2023-07-16,Gold,TX,49,Low
4791,2023-01-26,,Standard,GA,28,Low
4792,2021-10-01,,Standard,NC,64,Medium
4793,2023-08-14,,Gold,AZ,46,Medium
4794,2022-08-23,,Standard,AZ,25,Low
4795,2022-01-16,2024-01-22,Platinum,IL,53,Medium
4796,2022-04-24,2023-10-19,Gold,NY,60,Medium
4797,2021-01-15,2022-01-20,Gold,WA,25,Medium
4798,2022-05-31,,Standard,GA,69,Low
4799,2021-07-10,,Platinum,AZ,67,Medium
4800,2022-09-13,2023-02-08,Gold,MA,56,Medium
4801,2021-06-03,,Standard,AZ,33,High
4802,2021-09-29,,Standard,FL,37,High
4803,2021-05-23,,Standard,WA,33,Medium
4804,2023-12-29,,Platinum,IL,45,Medium
4805,2021-09-04,,Gold,TX,22,Medium
4806,2023-02-27,2024-05-03,Platinum,AZ,44,Low
4807,2021-03-20,,Gold,NY,56,Low
4808,2022-09-15,,Standard,IL,45,Low
4809,2022-06-09,,Standard,AZ,54,Medium
4810,2023-02-11,,Standard,GA,32,Medium
4811,2023-07-27,2025-11-15,Standard,GA,39,Low
4812,2022-09-09,,Standard,IL,70,Medium
4813,2023-10-29,,Platinum,TX,62,Medium
4814,2021-03-08,,Platinum,MA,50,Medium
4815,2021-07-10,,Standard,MA,57,Medium
4816,2023-02-07,,Gold,AZ,63,Low
4817,2022-06-05,,Standard,AZ,21,Low
4818,2023-09-17,,Standard,IL,23,High
4819,2021-09-24,,Gold,CA,69,Low
4820,2022-04-30,,Standard,FL,46,Medium
4821,2022-01-11,2023-07-19,Platinum,FL,35,Medium
4822,2022-10-15,2023-12-20,Gold,NY,66,High
4823,2022-07-03,2024-06-01,Gold,AZ,67,Medium
4824,2021-03-14,,Standard,NY,68,Medium
4825,2021-11-04,,Standard,IL,48,Medium
4826,2021-07-18,,Standard,TX,24,High
4827,2022-07-26,,Gold,WA,39,Medium
4828,2023-03-02,2023-07-31,Platinum,WA,44,Low
4829,2021-06-28,2023-11-10,Standard,AZ,60,Medium
4830,2021-07-16,2023-06-30,Gold,AZ,26,Medium
4831,2023-01-05,,Standard,CA,36,Low
4832,2021-03-30,2022-08-30,Standard,IL,52,Medium
4833,2023-03-10,2025-03-26,Gold,TX,50,Medium
4834,2023-02-27,,Gold,NC,55,Medium
4835,2023-01-18,,Standard,IL,28,Medium
4836,2021-07-28,2023-10-23,Standard,NC,25,Medium
4837,2022-05-08,,Standard,GA,57,Medium
4838,2022-10-27,,Standard,FL,32,Medium
4839,2023-11-03,,Platinum,AZ,45,Medium
4840,2023-05-21,,Standard,CA,53,Low
4841,2023-01-02,2023-12-13,Standard,AZ,59,Low
4842,2022-11-29,,Standard,WA,44,High
4843,2022-08-17,,Platinum,AZ,31,High
4844,2023-06-05,2025-10-11,Gold,WA,62,Low
4845,2023-05-02,,Gold,NY,55,Medium
4846,2021-11-21,,Standard,AZ,60,High
4847,2023-09-06,,Gold,IL,21,Low
4848,2023-08-14,2025-10-17,Standard,NC,28,Medium
4849,2023-06-13,,Gold,IL,43,Low
4850,2021-05-24,2022-08-03,Platinum,MA,40,Medium
4851,2022-01-19,,Standard,WA,52,High
4852,2021-08-04,2023-04-11,Standard,GA,31,High
4853,2021-11-20,2022-12-18,Standard,MA,27,Medium
4854,2023-11-05,,Standard,NY,50,Medium
4855,2021-08-05,,Standard,IL,68,Medium
4856,2023-08-09,,Platinum,GA,59,Low
4857,2021-07-02,,Standard,NC,33,Low
4858,2021-09-27,2023-09-01,Gold,TX,62,High
4859,2023-08-03,,Gold,CA,69,Low
4860,2023-05-20,,Platinum,AZ,23,Medium
4861,2022-04-12,2023-03-12,Standard,AZ,27,Medium
4862,2021-11-01,,Standard,TX,63,High
4863,2021-04-21,2023-08-15,Standard,AZ,33,Medium
4864,2023-10-11,,Standard,IL,57,Medium
4865,2021-08-20,,Gold,TX,45,Medium
4866,2022-08-18,,Standard,MA,43,Medium
4867,2021-06-22,,Standard,MA,71,Medium
4868,2023-08-31,,Standard,NY,67,High
4869,2023-10-28,2026-03-15,Gold,CA,53,Medium
4870,2022-06-30,,Standard,FL,25,Medium
4871,2022-07-02,2024-10-04,Standard,TX,52,High
4872,2022-06-02,,Standard,FL,50,Medium
4873,2023-07-03,,Standard,AZ,51,Low
4874,2021-08-03,,Gold,TX,33,Low
4875,2021-05-14,,Standard,CA,62,High
4876,2021-10-12,,Gold,NY,25,Medium
4877,2022-11-17,,Standard,NC,43,Medium
4878,2021-11-27,2024-02-26,Standard,MA,21,Medium
4879,2023-06-13,,Standard,WA,30,Medium
4880,2023-06-18,2024-10-31,Standard,WA,70,Medium
4881,2021-03-19,,Gold,MA,47,Medium
4882,2023-08-05,2024-06-06,Standard,AZ,74,Medium
4883,2022-11-19,,Gold,NY,28,Low
4884,2021-01-21,2022-09-18,Standard,NY,72,High
4885,2022-07-20,2024-02-03,Platinum,NC,23,High
4886,2023-04-07,,Gold,AZ,39,Medium
4887,2021-06-28,2021-10-31,Gold,MA,71,Medium
4888,2023-12-19,,Standard,NC,22,Medium
4889,2023-06-24,2024-03-17,Platinum,IL,69,High
4890,2022-10-31,,Platinum,FL,51,Medium
4891,2021-07-10,,Standard,WA,68,High
4892,2022-12-09,,Standard,GA,73,Medium
4893,2023-11-25,2025-03-15,Standard,WA,30,Medium
4894,2022-01-14,,Standard,AZ,73,Medium
4895,2022-01-22,,Standard,CA,36,Medium
4896,2021-08-25,,Standard,WA,57,Medium
4897,2022-09-08,,Platinum,TX,40,Medium
4898,2021-10-10,,Standard,NY,23,Medium
4899,2021-01-01,2023-05-09,Gold,WA,55,Medium
4900,2022-04-09,2022-07-24,Standard,TX,54,Low
4901,2023-08-25,2025-11-02,Gold,FL,41,Medium
4902,2021-06-21,2021-11-05,Standard,WA,56,Low
4903,2023-04-23,2023-09-21,Gold,IL,52,High
4904,2022-11-21,,Standard,WA,74,Medium
4905,2022-07-29,,Standard,WA,38,Medium
4906,2021-06-14,,Gold,AZ,54,Medium
4907,2022-01-18,2022-06-25,Standard,GA,58,Low
4908,2021-07-28,,Standard,IL,23,Medium
4909,2021-08-12,,Standard,WA,73,High
4910,2021-01-03,,Gold,WA,23,Low
4911,2022-01-07,2024-01-25,Standard,WA,47,Medium
4912,2022-09-03,2023-12-02,Gold,TX,22,Medium
4913,2021-04-26,2022-01-02,Standard,FL,23,Low
4914,2022-03-23,,Standard,CA,37,High
4915,2022-02-19,,Gold,CA,66,Medium
4916,2023-06-11,2025-09-16,Standard,CA,59,Medium
4917,2023-11-14,2025-06-13,Gold,MA,74,Low
4918,2022-10-25,,Standard,CA,73,Low
4919,2023-12-10,,Standard,WA,58,Low
4920,2022-12-19,,Standard,TX,60,Medium
4921,2023-11-17,,Standard,WA,39,Medium
4922,2021-09-28,,Gold,WA,39,Low
4923,2022-07-16,2023-12-18,Gold,NY,64,High
4924,2023-03-15,,Standard,AZ,25,Medium
4925,2021-09-04,,Standard,FL,25,Low
4926,2022-01-22,,Standard,MA,34,Low
4927,2022-12-03,2024-07-03,Gold,FL,47,Low
4928,2022-07-13,,Gold,CA,69,Low
4929,2023-08-31,,Standard,WA,68,Medium
4930,2023-09-11,,Standard,IL,56,High
4931,2021-12-18,2022-11-02,Standard,GA,60,High
4932,2023-01-23,,Platinum,GA,55,High
4933,2023-02-20,,Gold,AZ,41,Medium
4934,2023-10-22,,Standard,MA,25,Medium
4935,2022-06-30,,Standard,TX,44,High
4936,2021-03-20,2022-06-22,Standard,AZ,59,Medium
4937,2021-11-30,2022-08-24,Standard,NY,70,Medium
4938,2023-06-08,,Gold,WA,44,Medium
4939,2022-05-17,,Standard,NC,60,Medium
4940,2023-02-04,,Gold,MA,63,Medium
4941,2023-07-10,,Standard,WA,66,High
4942,2022-07-04,,Standard,IL,70,Low
4943,2021-01-14,,Gold,FL,33,Low
4944,2022-01-27,,Standard,TX,58,Medium
4945,2021-11-06,,Platinum,GA,65,Low
4946,2022-01-21,2023-06-04,Standard,MA,21,Medium
4947,2023-09-01,,Standard,MA,63,Medium
4948,2021-12-06,,Gold,FL,59,Medium
4949,2022-08-20,,Standard,IL,30,Medium
4950,2023-01-27,,Standard,WA,22,Medium
4951,2023-11-12,2025-08-30,Platinum,TX,36,Medium
4952,2021-10-18,,Standard,FL,57,Medium
4953,2021-11-02,,Standard,FL,36,Low
4954,2022-09-26,,Gold,FL,43,Medium
4955,2022-09-17,2024-07-27,Standard,MA,46,Medium
4956,2023-07-28,2024-07-21,Standard,MA,36,Medium
4957,2023-04-28,,Standard,MA,47,Low
4958,2022-03-18,,Standard,MA,67,Medium
4959,2022-05-18,,Platinum,TX,61,Medium
4960,2021-05-10,2022-03-01,Standard,IL,50,Low
4961,2022-08-20,,Standard,NC,53,Medium
4962,2023-05-12,2025-10-10,Standard,TX,52,High
4963,2022-08-16,2024-11-22,Standard,IL,29,Medium
4964,2023-09-26,,Gold,WA,31,Low
4965,2021-11-21,,Standard,NY,57,Low
4966,2023-12-29,2026-04-17,Gold,WA,26,Low
4967,2022-03-24,2024-08-29,Standard,IL,50,Low
4968,2023-03-30,2023-09-17,Gold,FL,60,Medium
4969,2022-12-10,,Standard,NC,35,Low
4970,2021-09-22,,Standard,GA,68,Medium
4971,2022-09-04,,Gold,AZ,50,Low
4972,2023-04-12,,Standard,MA,38,Low
4973,2022-11-05,,Standard,CA,32,Low
4974,2021-06-06,2023-10-05,Standard,GA,24,Low
4975,2021-09-08,,Standard,GA,74,Low
4976,2023-05-28,,Gold,WA,36,Medium
4977,2022-06-14,2023-03-23,Standard,MA,43,Medium
4978,2021-11-23,2023-10-31,Platinum,NY,31,Low
4979,2023-08-19,2024-05-23,Standard,IL,74,Medium
4980,2023-06-14,2024-06-13,Platinum,MA,44,Low
4981,2021-04-07,,Standard,CA,42,Low
4982,2022-05-28,,Platinum,CA,59,High
4983,2021-08-04,,Standard,IL,35,High
4984,2021-05-05,,Standard,GA,69,High
4985,2021-02-28,,Platinum,MA,35,Low
4986,2021-06-10,,Standard,CA,30,High
4987,2021-10-11,2022-03-23,Standard,IL,48,Medium
4988,2021-04-16,,Gold,AZ,56,Medium
4989,2021-08-16,,Standard,AZ,74,High
4990,2021-11-14,2022-02-21,Standard,TX,37,High
4991,2023-03-13,2025-03-06,Standard,MA,56,Medium
4992,2023-05-24,,Gold,NC,42,High
4993,2022-04-17,,Standard,IL,43,Medium
4994,2023-12-16,2024-10-16,Platinum,GA,49,Medium
4995,2022-09-17,,Gold,NY,42,Low
4996,2021-01-13,,Gold,CA,31,High
4997,2023-11-08,,Standard,FL,56,Medium
4998,2022-11-25,2023-12-09,Gold,MA,64,High
4999,2023-08-31,,Standard,CA,49,Medium
5000,2021-04-23,,Gold,TX,62,Medium
