payment_id,customer_id,payment_date,payment_amount,payment_type
1,1736,2023-09-07,764.77,Partial
2,3887,2023-07-25,1392.56,Partial
3,2473,2024-11-26,1639.93,Minimum
4,1030,2024-05-29,1316.48,Full
5,1657,2024-03-19,1805.16,Full
6,4297,2024-08-09,1849.52,Full
7,3385,2022-05-07,1530.62,Full
8,4731,2024-11-12,889.98,Minimum
9,2163,2024-09-09,1529.72,Minimum
10,870,2024-09-14,717.34,Minimum
11,2225,2023-03-01,1114.86,Full
12,2945,2022-09-07,1115.75,Partial
13,4034,2022-03-18,1151.65,Minimum
14,1611,2023-08-12,36.2,Partial
15,2150,2022-11-23,1771.95,Full
16,4795,2023-11-23,597.14,Full
17,3625,2023-01-16,832.04,Full
18,2622,2023-04-06,1863.86,Partial
19,2718,2022-10-15,994.44,Partial
20,2185,2023-12-09,1696.25,Partial
21,212,2023-01-24,711.67,Full
22,4292,2024-07-03,1834.62,Full
23,4775,2024-07-27,250.34,Minimum
24,3583,2022-01-03,969.55,Minimum
25,1416,2022-06-05,1774.91,Partial
26,1909,2022-06-08,1175.64,Minimum
27,3806,2022-12-24,912.16,Minimum
28,292,2024-09-17,1193.08,Partial
29,1882,2023-08-15,1127.06,Minimum
30,2949,2023-04-08,466.53,Full
31,2178,2022-10-31,1548.17,Full
32,338,2022-07-12,747.18,Partial
33,3854,2023-09-18,206.1,Minimum
34,332,2023-11-24,514.91,Minimum
35,3875,2023-07-04,1664.69,Partial
36,4219,2022-01-18,1966.8,Partial
37,3391,2024-07-18,1845.38,Full
38,1441,2022-11-13,833.87,Minimum
39,2900,2022-10-01,144.53,Minimum
40,906,2022-07-09,710.68,Partial
41,1392,2022-11-21,1391.02,Minimum
42,1964,2023-08-23,1970.52,Full
43,4341,2022-04-21,1393.93,Partial
44,3386,2023-11-21,423.97,Partial
45,4005,2023-12-20,453.79,Full
46,4778,2023-05-28,1516.69,Full
47,1261,2024-06-17,1251.41,Full
48,3476,2023-09-15,253.36,Minimum
49,3079,2024-03-16,606.64,Partial
50,1647,2023-10-24,1787.94,Full
51,2392,2023-09-18,874.72,Full
52,2060,2024-10-13,324.93,Minimum
53,4748,2023-01-07,1467.32,Minimum
54,2151,2024-09-12,232.27,Partial
55,3595,2023-07-20,1174.63,Partial
56,2871,2024-06-30,474.32,Minimum
57,3332,2022-03-26,1376.02,Minimum
58,4055,2022-07-01,166.01,Minimum
59,4585,2024-05-30,627.51,Full
60,636,2022-12-24,1253.69,Partial
61,3305,2022-12-14,1064.93,Full
62,3318,2023-09-10,1727.17,Full
63,878,2024-03-13,119.47,Full
64,485,2022-08-09,626.15,Minimum
65,1972,2023-03-13,70.74,Minimum
66,3631,2024-06-02,1983.03,Partial
67,4283,2023-09-10,879.93,Partial
68,4130,2023-05-02,1554.18,Partial
69,4811,2023-02-01,89.22,Full
70,3757,2022-03-05,954.16,Minimum
71,4510,2022-12-31,1979.89,Full
72,2682,2024-06-11,1158.86,Full
73,219,2022-10-23,1639.88,Partial
74,4458,2023-10-27,1678.32,Full
75,4440,2024-04-14,738.02,Partial
76,4814,2023-02-02,876.57,Minimum
77,2908,2022-10-19,1447.14,Minimum
78,1974,2023-09-04,1037.62,Full
79,555,2022-08-06,247.44,Minimum
80,2699,2024-08-24,746.16,Minimum
81,4184,2023-08-11,817.07,Full
82,4664,2022-09-03,769.55,Minimum
83,3551,2022-09-13,579.48,Partial
84,1175,2024-08-10,1109.29,Minimum
85,2259,2024-06-11,626.41,Partial
86,3527,2022-12-18,1224.09,Partial
87,2263,2023-05-08,1140.53,Full
88,3618,2024-04-08,22.83,Minimum
89,1276,2024-05-21,1273.36,Partial
90,4239,2024-02-01,1253.34,Partial
91,3130,2022-11-17,705.69,Partial
92,2854,2024-08-19,797.54,Minimum
93,2417,2023-03-21,1594.98,Full
94,2611,2024-10-21,1529.5,Minimum
95,4593,2023-06-15,1937.24,Minimum
96,2555,2022-09-15,837.16,Partial
97,4497,2023-08-14,406.25,Full
98,4304,2024-12-08,878.15,Partial
99,2404,2022-10-29,1679.49,Full
100,3038,2024-03-03,1544.48,Partial
101,4869,2023-12-19,436.54,Full
102,3427,2024-05-18,702.68,Full
103,4078,2022-10-19,1978.86,Minimum
104,2142,2024-04-28,659.44,Partial
105,2195,2022-12-25,253.14,Full
106,2066,2023-07-25,950.64,Full
107,1451,2024-08-06,170.43,Full
108,1353,2023-11-03,116.78,Partial
109,3359,2022-03-13,1044.07,Full
110,465,2024-08-05,542.93,Full
111,567,2024-10-12,1866.77,Minimum
112,4098,2023-05-21,1053.31,Partial
113,3128,2024-11-12,1250.49,Full
114,3455,2024-06-18,1039.41,Minimum
115,31,2024-04-03,27.25,Full
116,4391,2022-03-24,1956.34,Minimum
117,359,2022-02-12,1244.8,Minimum
118,4391,2022-11-17,1837.56,Partial
119,2528,2023-04-10,1574.87,Partial
120,382,2022-09-21,1797.27,Full
121,1211,2024-08-06,1681.32,Minimum
122,4593,2023-06-14,269.63,Minimum
123,4393,2023-08-27,917.42,Full
124,4287,2023-11-20,256.19,Minimum
125,1603,2022-12-02,1978.67,Minimum
126,2954,2024-02-05,1257.44,Partial
127,3090,2022-10-12,1275.58,Full
128,4195,2022-03-10,1974.74,Partial
129,654,2024-06-29,1375.96,Partial
130,3576,2024-10-20,1118.24,Full
131,356,2024-10-22,1411.98,Minimum
132,362,2024-03-14,1916.84,Partial
133,4438,2023-07-20,351.87,Full
134,2285,2024-01-12,1355.2,Partial
135,29,2023-06-16,41.17,Minimum
136,757,2022-04-18,1559.11,Minimum
137,4591,2022-05-24,1707.71,Partial
138,4455,2023-09-27,833.41,Full
139,1572,2023-12-29,828.86,Partial
140,747,2024-11-03,349.85,Minimum
141,1475,2023-09-14,114.93,Full
142,2401,2024-07-10,125.8,Partial
143,3030,2024-09-11,1645.65,Partial
144,413,2022-06-19,802.93,Partial
145,3719,2022-12-07,1601.25,Minimum
146,1249,2022-11-10,699.05,Full
147,4358,2023-06-04,233.64,Minimum
148,2141,2023-12-20,1825.91,Full
149,4724,2024-05-28,513.34,Full
150,721,2023-05-04,171.32,Partial
151,1575,2023-01-09,414.99,Full
152,1872,2023-08-30,1759.99,Partial
153,4987,2024-04-01,1911.12,Full
154,926,2024-01-09,1605.04,Partial
155,3644,2023-09-29,702.37,Full
156,4942,2023-10-19,1114.52,Minimum
157,67,2022-10-26,966.95,Full
158,3078,2022-08-02,366.31,Minimum
159,746,2024-05-06,1575.03,Minimum
160,2335,2022-08-05,1631.62,Partial
161,2108,2022-07-14,402.04,Full
162,2556,2022-05-01,1459.31,Full
163,1750,2022-11-10,1004.81,Minimum
164,4417,2023-05-27,334.58,Minimum
165,4751,2022-12-19,1493.54,Full
166,3882,2022-12-19,529.8,Partial
167,3803,2023-10-09,1584.93,Minimum
168,2125,2022-12-14,1966.61,Partial
169,1099,2024-10-19,615.22,Full
170,4155,2022-04-05,680.09,Full
171,2841,2023-01-12,1140.2,Partial
172,1784,2022-03-03,1785.57,Full
173,4103,2024-05-26,1800.34,Partial
174,4160,2023-01-19,883.95,Full
175,3426,2022-08-11,782.29,Full
176,1742,2022-12-17,449.0,Full
177,4628,2022-05-29,1576.81,Partial
178,1280,2022-08-17,1500.08,Full
179,1341,2022-02-14,302.42,Minimum
180,3997,2022-10-05,1064.3,Partial
181,1076,2024-12-02,510.69,Full
182,2976,2022-11-04,1424.77,Full
183,2237,2023-08-24,847.85,Minimum
184,3245,2022-12-19,200.96,Minimum
185,4709,2022-08-05,934.29,Partial
186,1247,2023-12-02,973.04,Partial
187,4197,2022-11-03,788.7,Full
188,3161,2022-08-04,1781.33,Partial
189,1210,2022-06-01,354.92,Full
190,2330,2024-06-30,601.75,Minimum
191,273,2024-06-28,806.81,Full
192,2771,2022-04-07,1289.21,Full
193,2140,2022-07-31,792.98,Full
194,2174,2023-03-03,1635.8,Full
195,3302,2024-07-22,1920.64,Full
196,2334,2023-10-13,1461.19,Full
197,1522,2023-02-06,44.67,Full
198,654,2022-09-18,1982.64,Minimum
199,2346,2023-05-17,1541.81,Minimum
200,3357,2023-08-08,1522.92,Partial
201,354,2022-05-15,1001.96,Partial
202,3583,2024-04-09,50.34,Minimum
203,4231,2023-05-16,1027.87,Minimum
204,1973,2024-05-05,384.85,Partial
205,3279,2023-03-10,1354.79,Partial
206,264,2023-03-20,54.83,Minimum
207,1720,2022-11-15,907.46,Partial
208,17,2023-05-17,1665.49,Full
209,4344,2023-08-01,1958.9,Minimum
210,4364,2022-03-11,1960.05,Partial
211,4151,2022-11-22,1853.99,Minimum
212,90,2022-11-07,922.99,Full
213,3198,2023-03-19,1243.67,Full
214,4605,2022-04-08,113.87,Minimum
215,1411,2023-01-22,993.82,Full
216,4887,2024-09-24,1621.94,Partial
217,1321,2022-11-26,206.96,Full
218,3735,2024-05-30,709.61,Full
219,660,2022-08-04,1030.03,Full
220,1396,2023-10-17,1108.34,Full
221,3926,2024-09-04,1024.7,Full
222,4435,2023-06-15,1215.66,Minimum
223,99,2024-04-14,1608.11,Minimum
224,2774,2024-01-03,1744.53,Partial
225,1899,2022-03-11,543.76,Partial
226,4618,2022-03-01,1303.3,Partial
227,1866,2024-03-08,1430.19,Partial
228,3788,2023-08-30,544.1,Full
229,1024,2023-08-01,945.88,Full
230,1911,2024-02-10,849.46,Full
231,2904,2024-04-10,652.49,Full
232,2781,2022-08-16,1298.63,Minimum
233,4449,2023-06-24,402.71,Full
234,25,2022-03-03,1130.45,Minimum
235,1562,2022-06-17,997.7,Partial
236,4703,2022-01-18,562.24,Minimum
237,2934,2022-05-07,298.2,Partial
238,247,2023-01-28,1436.43,Partial
239,4484,2024-06-13,1227.06,Full
240,2066,2024-02-25,543.37,Minimum
241,4082,2022-08-24,116.53,Partial
242,890,2022-02-28,1747.87,Full
243,886,2024-07-10,1459.61,Partial
244,3920,2024-03-06,1515.43,Partial
245,1684,2022-01-02,1765.19,Partial
246,8,2023-04-17,543.18,Full
247,3350,2022-10-08,1274.18,Minimum
248,2121,2023-08-07,1826.34,Full
249,4038,2022-07-01,1225.97,Partial
250,1843,2023-09-23,253.32,Full
251,366,2024-07-15,1773.33,Full
252,2187,2023-08-20,836.25,Minimum
253,4974,2023-01-02,676.22,Minimum
254,4671,2023-09-02,635.28,Minimum
255,2620,2023-05-13,1129.32,Minimum
256,3599,2023-06-13,1367.94,Minimum
257,280,2023-09-28,502.63,Partial
258,3786,2023-10-14,1321.72,Minimum
259,2946,2022-01-21,1255.0,Partial
260,3091,2023-04-29,1549.59,Full
261,450,2023-02-18,148.16,Partial
262,4383,2024-07-31,1756.44,Full
263,3354,2022-05-02,1330.35,Minimum
264,2285,2022-12-03,1750.94,Minimum
265,3807,2023-09-07,22.84,Partial
266,2531,2024-05-17,90.35,Partial
267,1564,2022-01-29,1085.9,Minimum
268,3852,2023-09-28,1089.85,Partial
269,1229,2022-10-10,1189.96,Partial
270,1931,2023-05-31,1157.53,Minimum
271,467,2024-11-02,632.22,Partial
272,825,2024-10-03,226.66,Minimum
273,4322,2023-10-19,1848.06,Full
274,4530,2023-07-19,1590.21,Minimum
275,4614,2023-11-22,1223.65,Full
276,4727,2022-12-30,1060.4,Partial
277,20,2024-11-26,812.46,Minimum
278,56,2022-07-01,624.76,Partial
279,1678,2024-02-05,329.1,Partial
280,4473,2023-11-16,1129.04,Partial
281,1150,2024-02-08,1390.95,Full
282,4568,2022-02-24,1269.74,Full
283,1309,2022-02-14,21.02,Partial
284,4889,2022-08-01,121.72,Full
285,2569,2024-06-18,1557.22,Minimum
286,3863,2022-03-12,1124.64,Partial
287,3499,2023-11-20,1362.46,Full
288,3997,2023-09-02,1345.21,Full
289,1870,2023-01-06,1549.33,Full
290,1114,2024-01-16,483.82,Partial
291,276,2023-03-23,758.8,Full
292,121,2024-11-24,1748.15,Full
293,3560,2023-01-17,845.24,Minimum
294,4876,2023-11-11,1068.13,Minimum
295,2895,2022-07-07,1849.01,Partial
296,2102,2023-10-16,1046.96,Partial
297,3254,2024-06-14,989.43,Full
298,29,2022-08-17,335.13,Full
299,4790,2022-10-22,889.97,Partial
300,2984,2023-05-02,1725.57,Partial
301,1248,2023-02-21,358.26,Full
302,2381,2024-10-24,635.86,Full
303,2300,2023-01-08,1804.0,Minimum
304,5000,2024-08-14,1931.94,Full
305,1183,2024-10-26,888.92,Minimum
306,4048,2023-08-24,42.45,Full
307,3421,2022-08-15,1842.95,Full
308,4765,2022-04-30,335.12,Full
309,3845,2024-02-29,1244.82,Partial
310,1200,2023-12-22,1034.13,Minimum
311,1115,2023-04-12,128.71,Minimum
312,119,2022-04-20,947.32,Minimum
313,4986,2022-03-10,779.98,Partial
314,509,2023-08-09,1471.05,Partial
315,1201,2023-07-13,1770.43,Minimum
316,2351,2023-11-04,273.41,Full
317,742,2022-09-25,583.31,Minimum
318,4458,2022-02-11,765.28,Minimum
319,4747,2023-12-20,807.78,Full
320,4778,2022-07-26,934.87,Partial
321,4807,2023-06-27,464.84,Minimum
322,3354,2022-05-19,876.9,Minimum
323,1092,2024-08-12,776.17,Full
324,3814,2023-06-01,323.33,Partial
325,1187,2024-04-23,57.31,Full
326,3976,2023-09-11,1299.68,Full
327,3093,2024-10-26,401.18,Partial
328,3389,2022-09-27,1242.72,Full
329,572,2023-11-25,230.43,Full
330,2617,2024-03-28,336.98,Minimum
331,4618,2023-07-05,1890.8,Partial
332,2795,2022-12-12,1741.84,Partial
333,2403,2022-09-19,1033.54,Full
334,964,2024-06-09,699.61,Minimum
335,4940,2024-12-01,1382.89,Minimum
336,1454,2023-11-22,1609.31,Minimum
337,4687,2024-02-14,1517.63,Full
338,1881,2023-01-12,1362.83,Full
339,2746,2023-03-15,116.12,Full
340,1639,2023-10-23,1554.13,Full
341,1205,2024-12-06,1604.69,Partial
342,208,2022-07-28,230.9,Partial
343,3627,2024-10-11,322.99,Partial
344,3275,2023-12-15,618.27,Minimum
345,2540,2022-07-16,335.18,Full
346,3959,2024-12-20,338.33,Partial
347,1799,2024-09-14,580.46,Minimum
348,2962,2022-04-08,1166.36,Minimum
349,670,2023-09-16,1296.07,Partial
350,3871,2024-07-21,619.25,Full
351,4636,2024-02-29,1820.06,Partial
352,839,2023-01-20,1575.19,Partial
353,3399,2023-12-12,1019.46,Full
354,2357,2024-10-26,461.27,Minimum
355,3377,2024-01-19,1245.08,Minimum
356,306,2023-10-26,92.05,Minimum
357,3069,2022-01-26,359.79,Partial
358,4702,2022-09-07,889.29,Partial
359,3481,2022-10-07,1621.32,Minimum
360,1965,2022-07-27,920.52,Full
361,3409,2023-11-11,498.55,Minimum
362,429,2023-06-30,536.17,Partial
363,3964,2024-11-17,743.53,Minimum
364,1568,2022-07-30,1186.34,Full
365,2854,2023-05-23,143.86,Minimum
366,540,2023-12-03,1058.02,Full
367,3675,2024-11-15,657.28,Full
368,1960,2024-02-07,1651.36,Minimum
369,3596,2024-04-01,582.5,Partial
370,1280,2022-04-28,519.67,Full
371,2212,2023-01-25,1139.55,Partial
372,937,2023-05-21,1545.95,Partial
373,3101,2023-01-13,943.88,Minimum
374,2800,2023-03-07,1506.34,Minimum
375,4930,2022-12-22,457.15,Full
376,3367,2024-10-26,1099.05,Minimum
377,4668,2022-04-04,1915.03,Minimum
378,4994,2023-03-12,1571.26,Full
379,2823,2022-10-27,546.85,Minimum
380,2184,2022-12-23,1933.63,Partial
381,339,2022-05-23,1721.47,Full
382,254,2022-07-30,326.81,Full
383,2001,2023-06-25,1191.25,Minimum
384,150,2024-09-14,1462.15,Full
385,3768,2023-07-27,615.32,Minimum
386,3744,2022-09-30,430.38,Full
387,75,2022-05-24,970.49,Partial
388,2177,2024-10-21,334.65,Minimum
389,1465,2023-04-06,1668.77,Minimum
390,4610,2023-08-15,1310.96,Minimum
391,4232,2023-05-18,203.55,Minimum
392,3149,2024-09-13,20.62,Minimum
393,913,2024-01-07,231.31,Partial
394,1935,2023-10-29,1076.23,Partial
395,2136,2023-09-20,1499.19,Minimum
396,3143,2024-09-29,385.95,Full
397,2971,2022-02-17,850.63,Partial
398,813,2024-10-11,1695.11,Full
399,3424,2023-01-11,397.06,Full
400,548,2022-02-17,1478.32,Minimum
401,1753,2022-12-11,1487.57,Full
402,2820,2022-01-13,218.71,Full
403,282,2024-06-23,509.11,Minimum
404,4206,2024-12-25,124.88,Minimum
405,2372,2024-01-22,1875.01,Minimum
406,2256,2023-05-06,1369.24,Minimum
407,1413,2023-12-24,1919.49,Partial
408,2462,2022-01-15,1077.61,Full
409,2144,2024-04-08,1279.19,Minimum
410,4944,2024-06-17,938.77,Full
411,271,2024-03-17,1223.76,Minimum
412,840,2022-08-28,1647.11,Minimum
413,2501,2023-01-16,1315.29,Partial
414,3588,2024-11-03,1921.85,Full
415,2207,2022-10-08,1663.66,Full
416,2231,2024-04-25,937.4,Full
417,4011,2022-08-05,452.98,Partial
418,2279,2024-09-22,1618.72,Partial
419,3713,2023-07-15,1895.23,Partial
420,2104,2024-06-13,1180.06,Full
421,3173,2023-02-12,267.69,Minimum
422,3796,2023-04-18,1486.43,Minimum
423,4707,2024-10-29,1948.8,Partial
424,1646,2022-04-24,346.08,Minimum
425,2000,2024-05-26,1539.39,Full
426,2371,2022-10-03,537.74,Minimum
427,1079,2023-08-09,239.87,Partial
428,4082,2022-04-02,1549.98,Full
429,4576,2023-04-28,1081.31,Full
430,1930,2024-04-17,1242.42,Minimum
431,3711,2023-07-24,37.53,Full
432,2925,2022-06-29,967.48,Minimum
433,1972,2024-10-27,1399.43,Full
434,338,2022-02-02,1309.06,Partial
435,73,2024-11-10,401.52,Full
436,3253,2022-11-15,560.14,Partial
437,687,2024-04-07,277.15,Partial
438,1303,2023-01-06,1652.71,Minimum
439,1214,2024-11-05,722.51,Full
440,4774,2022-04-07,329.95,Minimum
441,2408,2022-02-16,487.19,Minimum
442,2000,2024-07-23,354.72,Full
443,4831,2024-01-06,1499.92,Partial
444,508,2022-04-15,1537.39,Minimum
445,2737,2023-11-25,962.93,Minimum
446,2758,2024-11-17,1095.95,Full
447,630,2023-06-25,244.47,Full
448,568,2023-09-07,1978.01,Partial
449,4271,2023-08-04,1533.08,Full
450,2726,2024-03-14,1336.42,Full
451,1429,2024-02-14,814.42,Partial
452,3157,2022-01-18,895.62,Full
453,1669,2022-01-28,542.93,Minimum
454,1070,2023-12-14,609.25,Minimum
455,154,2022-06-11,1625.44,Minimum
456,303,2022-02-18,802.74,Full
457,4544,2024-11-09,859.78,Partial
458,673,2023-01-26,452.23,Minimum
459,4393,2022-03-06,1702.06,Minimum
460,175,2022-08-26,950.16,Partial
461,4773,2024-01-02,1826.33,Minimum
462,153,2024-01-31,1491.44,Partial
463,2826,2022-04-23,313.45,Minimum
464,3370,2022-04-25,1502.89,Minimum
465,546,2023-05-28,1950.47,Full
466,3628,2022-03-13,1192.15,Full
467,113,2023-09-05,291.2,Partial
468,355,2024-05-11,722.81,Full
469,2569,2024-10-25,298.5,Minimum
470,2860,2022-07-22,1572.81,Minimum
471,284,2024-05-20,618.47,Partial
472,3106,2023-11-26,1269.61,Partial
473,1834,2022-05-04,1322.34,Full
474,2911,2023-07-22,1813.75,Full
475,3494,2022-07-21,424.15,Partial
476,4209,2022-05-04,1266.46,Partial
477,4520,2022-04-05,1538.43,Minimum
478,3314,2022-04-28,677.05,Partial
479,4223,2022-01-20,209.54,Full
480,3406,2023-03-29,402.73,Partial
481,2424,2022-07-01,1806.48,Partial
482,2827,2023-11-07,1918.69,Partial
483,3365,2022-01-06,1211.01,Partial
484,3464,2024-06-04,1101.55,Partial
485,217,2024-12-13,1779.57,Full
486,4421,2022-08-15,1619.63,Full
487,1723,2024-11-05,1311.63,Full
488,1308,2023-09-23,1868.27,Minimum
489,2914,2023-09-30,1912.0,Full
490,4470,2023-12-15,1480.34,Full
491,1572,2023-10-05,1869.3,Full
492,4852,2023-01-03,779.06,Partial
493,3793,2023-08-12,1929.25,Partial
494,3378,2022-01-07,328.59,Minimum
495,396,2024-05-04,1654.76,Partial
496,2696,2023-01-29,108.52,Partial
497,4328,2024-03-02,1607.78,Minimum
498,422,2024-04-03,734.11,Full
499,1853,2024-05-31,942.39,Minimum
500,1016,2023-04-22,401.0,Minimum
501,2767,2024-10-18,1109.72,Partial
502,1292,2023-04-25,470.61,Full
503,1880,2023-12-31,1624.83,Partial
504,2204,2023-12-23,1568.57,Full
505,260,2024-09-02,1351.91,Full
506,2175,2022-11-01,421.26,Partial
507,1995,2023-09-03,321.62,Minimum
508,4335,2023-11-14,487.55,Minimum
509,1252,2024-05-21,671.29,Partial
510,4327,2024-05-01,715.46,Minimum
511,1969,2022-09-24,420.44,Minimum
512,4314,2023-10-10,1700.03,Full
513,2782,2024-08-08,561.45,Full
514,838,2023-08-15,176.66,Partial
515,4871,2024-01-22,273.77,Full
516,1227,2022-08-23,1072.92,Full
517,3147,2022-07-02,89.57,Partial
518,3463,2024-10-27,1149.95,Partial
519,2266,2024-02-04,1156.03,Partial
520,3611,2022-04-14,1433.52,Partial
521,2396,2024-10-10,745.02,Full
522,1537,2024-02-04,1024.64,Partial
523,1143,2023-08-11,85.64,Minimum
524,4585,2022-06-10,1574.12,Full
525,950,2024-01-13,909.66,Minimum
526,2183,2022-11-25,863.63,Partial
527,3688,2023-11-17,1108.89,Partial
528,3820,2023-03-14,1235.32,Full
529,2175,2023-04-06,1655.91,Full
530,4308,2023-11-27,1819.09,Partial
531,1458,2022-08-28,1780.78,Partial
532,3764,2024-02-08,911.07,Partial
533,746,2024-09-05,1530.56,Partial
534,4304,2022-09-22,1196.28,Minimum
535,3448,2023-11-21,1649.09,Partial
536,3515,2024-12-25,316.14,Minimum
537,3789,2024-07-14,191.51,Partial
538,4037,2023-10-17,1783.16,Full
539,1605,2024-08-16,1864.22,Minimum
540,1259,2022-07-19,859.37,Full
541,4708,2024-04-02,324.36,Minimum
542,3686,2024-04-20,1663.07,Full
543,1590,2022-12-13,1478.92,Minimum
544,3145,2022-04-02,1713.98,Partial
545,245,2022-06-26,1153.87,Minimum
546,1147,2024-02-11,1949.45,Minimum
547,1039,2023-07-27,1154.61,Full
548,2824,2024-11-23,430.79,Minimum
549,1331,2024-02-19,915.61,Partial
550,4980,2023-02-25,818.41,Partial
551,4930,2024-08-12,708.8,Partial
552,631,2022-12-07,1378.55,Full
553,2362,2022-07-24,1511.38,Full
554,1030,2023-07-29,1157.86,Minimum
555,4100,2022-09-18,1671.69,Minimum
556,3539,2024-01-23,1678.32,Full
557,1406,2023-04-27,1367.09,Full
558,3865,2024-09-03,728.16,Full
559,3812,2022-11-18,1934.99,Partial
560,2946,2022-11-16,793.38,Minimum
561,1029,2023-08-13,243.0,Minimum
562,539,2024-07-20,1329.66,Partial
563,2124,2023-03-26,1537.66,Minimum
564,2772,2023-02-08,1869.74,Partial
565,2492,2022-05-23,295.67,Full
566,1935,2024-01-22,265.49,Partial
567,2084,2022-11-29,1428.74,Partial
568,4942,2022-08-04,1321.22,Minimum
569,3623,2022-03-22,819.86,Full
570,1448,2024-12-09,1140.9,Full
571,5,2024-01-28,203.16,Partial
572,4446,2022-08-25,905.52,Full
573,4463,2024-09-11,1396.48,Minimum
574,4346,2022-12-08,1381.98,Partial
575,4067,2022-04-25,796.65,Full
576,4590,2023-04-24,1623.45,Full
577,1518,2023-12-28,1251.51,Minimum
578,4335,2022-05-20,1559.82,Minimum
579,4516,2022-06-18,1616.22,Full
580,290,2024-10-20,954.52,Minimum
581,2167,2022-11-14,738.15,Full
582,4051,2022-07-31,1112.09,Minimum
583,1216,2023-07-28,803.56,Minimum
584,1600,2022-09-07,541.93,Full
585,3926,2023-08-17,1522.33,Full
586,2549,2022-11-09,1081.98,Minimum
587,4745,2023-05-18,391.96,Partial
588,4186,2023-06-13,166.29,Minimum
589,2792,2022-08-02,919.03,Full
590,4876,2022-06-17,1600.38,Full
591,594,2024-05-24,368.84,Full
592,2989,2022-07-19,1016.62,Partial
593,2727,2023-05-23,1260.05,Full
594,4745,2024-11-23,1696.62,Minimum
595,4411,2023-11-07,131.6,Partial
596,1126,2024-07-23,720.24,Minimum
597,4197,2022-04-12,1551.93,Partial
598,2747,2022-03-06,1648.07,Partial
599,174,2023-12-20,1245.95,Full
600,2282,2022-11-20,1050.99,Partial
601,4545,2024-11-26,1011.44,Partial
602,4436,2024-07-18,1871.4,Full
603,621,2022-10-09,1850.58,Minimum
604,3409,2024-11-07,1818.47,Minimum
605,66,2024-08-20,1796.0,Partial
606,4298,2022-07-21,1660.1,Full
607,1933,2024-08-02,791.74,Minimum
608,2390,2022-01-19,1197.29,Minimum
609,4843,2024-12-22,1221.93,Partial
610,172,2022-11-04,1667.42,Full
611,1461,2023-04-02,866.12,Partial
612,1953,2024-08-07,1977.9,Partial
613,2650,2024-02-17,146.4,Full
614,3438,2024-12-18,155.49,Minimum
615,4516,2023-04-23,100.62,Minimum
616,1244,2024-05-02,1287.58,Full
617,2862,2024-05-25,443.11,Partial
618,2808,2024-10-30,970.04,Full
619,4815,2024-01-16,513.07,Minimum
620,2851,2022-09-21,170.41,Full
621,3653,2022-11-12,130.9,Minimum
622,1234,2022-12-12,1326.42,Partial
623,4872,2024-05-20,1036.76,Partial
624,2682,2024-12-27,1691.3,Partial
625,1127,2022-06-27,326.43,Minimum
626,3475,2022-11-07,1571.63,Partial
627,4299,2024-07-26,1538.24,Partial
628,2814,2023-10-17,27.44,Full
629,406,2022-08-11,1936.13,Minimum
630,3826,2023-09-01,926.11,Minimum
631,1696,2022-08-19,1360.51,Partial
632,2126,2024-03-15,1462.06,Full
633,3487,2023-08-16,1020.03,Minimum
634,2642,2023-12-06,163.59,Full
635,533,2022-10-18,392.24,Partial
636,2324,2024-05-23,1274.97,Minimum
637,3878,2024-03-10,934.64,Minimum
638,2986,2022-07-31,219.06,Minimum
639,3880,2022-10-06,1197.81,Partial
640,2765,2023-07-12,951.52,Full
641,2941,2024-04-16,1620.35,Partial
642,3980,2024-10-12,612.84,Full
643,810,2022-05-01,1500.25,Full
644,614,2024-10-31,1682.72,Full
645,497,2024-01-01,22.87,Partial
646,4328,2024-09-25,59.55,Partial
647,346,2024-10-01,1150.34,Partial
648,261,2023-11-07,278.8,Full
649,4822,2023-09-20,1024.51,Partial
650,2282,2022-11-25,1140.91,Full
651,1693,2023-09-03,84.09,Minimum
652,2268,2024-06-28,826.56,Minimum
653,1453,2022-04-16,1417.28,Partial
654,4726,2023-04-17,365.33,Partial
655,3716,2024-05-27,1487.81,Minimum
656,4264,2024-08-18,1337.43,Full
657,2964,2024-02-23,348.43,Minimum
658,3149,2022-07-10,1936.34,Partial
659,729,2022-08-08,1028.52,Partial
660,1370,2024-10-02,202.17,Minimum
661,930,2022-01-13,677.0,Full
662,3086,2023-04-17,1124.26,Full
663,3319,2022-07-15,487.39,Full
664,1395,2022-04-26,1200.02,Minimum
665,4950,2024-11-29,1346.12,Full
666,3967,2023-09-19,365.62,Partial
667,1279,2024-03-14,638.24,Full
668,2679,2023-09-26,625.05,Partial
669,4131,2023-06-04,123.51,Full
670,2596,2023-10-02,1926.6,Minimum
671,1187,2024-05-31,897.74,Full
672,643,2024-09-15,1162.69,Minimum
673,1961,2022-11-10,362.46,Partial
674,1021,2023-07-15,93.04,Minimum
675,320,2022-04-14,1232.06,Partial
676,2329,2022-11-27,1525.15,Full
677,2628,2024-09-06,1257.45,Full
678,2712,2022-08-23,1097.27,Full
679,1459,2022-06-19,1644.28,Partial
680,661,2022-09-03,851.24,Full
681,4340,2024-11-19,353.58,Full
682,96,2023-09-16,192.36,Minimum
683,4376,2022-11-01,1613.6,Minimum
684,2942,2024-02-12,1928.67,Partial
685,4857,2023-09-27,1084.27,Minimum
686,2496,2023-08-04,877.24,Partial
687,2929,2024-09-20,1972.13,Full
688,2687,2023-08-14,336.46,Partial
689,2386,2022-06-14,1319.13,Partial
690,2597,2024-06-14,91.1,Minimum
691,4189,2023-12-06,463.33,Full
692,4999,2023-05-02,232.57,Partial
693,162,2022-12-03,1155.96,Minimum
694,1979,2023-09-06,787.9,Partial
695,860,2022-08-30,685.48,Partial
696,3838,2022-02-03,1020.82,Full
697,3091,2023-12-23,424.81,Minimum
698,891,2023-03-23,1243.29,Partial
699,719,2023-07-14,502.24,Full
700,2132,2023-12-13,1863.48,Minimum
701,4899,2024-08-04,1295.65,Minimum
702,4863,2022-04-01,1453.65,Partial
703,4721,2024-02-28,1108.33,Full
704,2054,2024-11-21,583.62,Minimum
705,2646,2022-02-26,1769.32,Full
706,4541,2024-11-15,155.85,Full
707,4450,2024-11-25,1252.86,Minimum
708,846,2024-03-08,316.48,Minimum
709,1425,2022-01-15,310.59,Full
710,3145,2022-07-18,274.27,Full
711,3875,2023-10-15,1237.88,Full
712,1979,2022-04-09,1902.34,Partial
713,4665,2024-07-15,1118.93,Partial
714,1045,2022-01-11,1045.56,Partial
715,2689,2024-05-13,1531.61,Full
716,4862,2022-04-19,118.67,Full
717,2189,2023-06-15,1394.51,Partial
718,3308,2022-04-25,1101.17,Full
719,3245,2023-01-27,1408.9,Full
720,261,2023-02-28,1485.42,Partial
721,4430,2023-04-05,132.27,Minimum
722,88,2024-10-09,1536.71,Partial
723,3666,2022-06-19,214.98,Partial
724,2924,2023-02-06,1524.75,Partial
725,3618,2022-07-09,1686.01,Full
726,1770,2022-05-02,1369.8,Minimum
727,2963,2022-04-01,713.11,Partial
728,2019,2022-12-12,470.92,Full
729,2220,2022-07-10,1409.68,Minimum
730,3802,2024-02-09,1931.71,Partial
731,313,2022-04-03,1787.36,Partial
732,3462,2022-07-11,613.25,Full
733,3683,2022-02-25,815.11,Partial
734,1746,2022-10-01,1397.94,Minimum
735,3741,2023-09-27,412.94,Partial
736,1577,2023-03-18,660.91,Full
737,4827,2024-12-11,840.97,Partial
738,2771,2023-02-25,168.01,Minimum
739,3602,2023-03-13,1148.01,Full
740,1693,2024-12-05,1897.94,Partial
741,4469,2023-04-28,1638.36,Partial
742,1375,2024-06-01,1005.03,Minimum
743,467,2024-04-09,1444.89,Minimum
744,2543,2023-11-16,1980.2,Full
745,4775,2024-07-08,805.37,Full
746,4057,2023-06-23,48.95,Minimum
747,2432,2022-04-04,1293.68,Minimum
748,3555,2024-02-18,1937.03,Full
749,2875,2022-08-25,163.27,Full
750,1592,2024-05-27,973.5,Full
751,2418,2022-04-25,1237.94,Partial
752,4667,2022-05-03,360.69,Full
753,2255,2024-09-13,481.69,Full
754,4359,2022-01-18,414.59,Minimum
755,3404,2022-04-03,1595.64,Minimum
756,2044,2023-03-11,487.42,Minimum
757,1492,2023-07-07,628.26,Minimum
758,2362,2024-01-09,810.88,Minimum
759,4294,2024-12-18,84.15,Minimum
760,1760,2023-10-05,931.98,Full
761,4255,2022-11-28,1862.85,Minimum
762,2834,2024-07-22,658.58,Minimum
763,2627,2023-08-22,500.73,Full
764,2009,2024-10-24,1416.53,Partial
765,1195,2024-04-10,613.03,Minimum
766,4061,2023-07-15,774.36,Minimum
767,4090,2022-03-03,1727.31,Full
768,2476,2022-10-13,883.53,Partial
769,517,2022-01-16,203.01,Full
770,3453,2022-11-02,1993.55,Full
771,494,2022-12-08,223.73,Minimum
772,4724,2024-11-10,463.7,Full
773,4825,2024-11-05,1016.24,Full
774,1402,2024-03-29,416.8,Minimum
775,1478,2024-02-25,1066.54,Minimum
776,4301,2022-03-31,704.85,Full
777,2936,2023-01-19,286.72,Partial
778,2646,2024-11-15,302.0,Partial
779,4451,2022-10-06,943.9,Partial
780,4679,2022-07-07,1162.76,Partial
781,2727,2022-06-05,187.73,Minimum
782,2624,2023-07-05,1464.21,Full
783,289,2024-01-10,977.8,Minimum
784,2143,2023-02-07,1031.37,Full
785,1824,2023-11-15,198.05,Full
786,3845,2023-09-01,1354.17,Minimum
787,4746,2024-11-25,704.02,Minimum
788,2508,2022-09-24,1252.91,Minimum
789,4390,2023-07-02,1437.78,Full
790,2557,2024-07-05,1025.39,Full
791,537,2023-02-16,1516.92,Minimum
792,3912,2023-08-15,559.51,Full
793,4117,2023-10-04,500.34,Minimum
794,2733,2022-09-21,971.33,Minimum
795,3425,2023-08-13,971.62,Full
796,420,2023-07-27,492.05,Full
797,1588,2023-04-11,1436.24,Full
798,702,2023-10-14,1212.43,Minimum
799,4180,2024-01-30,873.41,Partial
800,1395,2022-04-02,1762.66,Full
801,3787,2024-08-28,1009.79,Full
802,1748,2023-12-22,138.39,Full
803,4697,2023-02-08,872.26,Minimum
804,2928,2023-06-02,981.12,Minimum
805,2696,2023-09-17,1157.39,Full
806,4122,2024-02-09,36.55,Full
807,4420,2024-05-23,747.71,Full
808,761,2022-03-14,899.4,Minimum
809,3510,2022-03-23,1915.67,Full
810,3294,2023-10-09,1403.28,Full
811,1889,2023-09-06,1297.6,Full
812,4873,2024-11-13,883.26,Full
813,4521,2022-03-09,187.83,Full
814,4773,2024-05-11,973.9,Full
815,1411,2023-02-06,652.18,Full
816,4921,2022-09-22,1430.84,Minimum
817,4201,2024-01-15,1428.69,Full
818,3710,2022-06-01,1571.02,Partial
819,2038,2023-04-30,1999.03,Partial
820,4513,2024-02-12,1151.12,Partial
821,1553,2024-09-15,1351.94,Partial
822,4250,2024-04-11,729.07,Minimum
823,45,2022-07-16,110.36,Partial
824,2239,2023-11-14,1949.65,Minimum
825,1178,2024-07-13,221.36,Partial
826,1258,2023-05-08,557.47,Minimum
827,1850,2023-06-15,504.56,Minimum
828,4720,2023-03-07,717.34,Full
829,553,2022-01-02,1504.53,Full
830,1748,2023-01-06,1810.64,Full
831,369,2022-11-19,783.74,Full
832,73,2024-08-06,292.02,Partial
833,4112,2024-01-31,66.26,Full
834,4472,2024-01-04,106.41,Full
835,3633,2023-05-02,1208.38,Minimum
836,1676,2024-09-25,675.11,Minimum
837,2513,2022-02-21,450.8,Partial
838,2843,2024-09-18,468.26,Minimum
839,4815,2024-02-21,23.77,Full
840,4585,2022-11-07,423.96,Minimum
841,2883,2023-06-13,338.82,Partial
842,1680,2022-01-14,1335.21,Full
843,4682,2023-09-27,1201.21,Minimum
844,4460,2023-01-28,1764.75,Partial
845,1734,2024-05-28,287.8,Partial
846,98,2023-08-02,1975.12,Minimum
847,2126,2023-03-26,632.35,Full
848,915,2024-09-26,973.95,Minimum
849,1531,2024-08-11,989.23,Full
850,2366,2024-02-24,1032.51,Minimum
851,4179,2024-04-24,1207.77,Minimum
852,194,2024-01-27,397.2,Partial
853,87,2024-09-26,83.01,Minimum
854,2616,2024-12-15,1676.15,Full
855,1875,2024-01-12,1364.34,Partial
856,2901,2023-10-11,957.79,Partial
857,4693,2024-03-10,388.11,Minimum
858,3080,2023-04-20,1379.69,Full
859,502,2023-03-15,1726.97,Full
860,4797,2024-04-18,197.84,Partial
861,677,2022-11-02,296.88,Full
862,1288,2023-08-03,214.89,Partial
863,642,2022-07-12,1112.14,Minimum
864,2879,2023-11-10,1407.4,Partial
865,2854,2022-01-30,1659.99,Minimum
866,3063,2023-04-01,206.18,Partial
867,2445,2024-08-23,1690.13,Full
868,3093,2024-08-28,1637.78,Minimum
869,1567,2022-05-15,1093.58,Partial
870,3080,2022-11-12,1469.97,Partial
871,795,2023-11-12,846.46,Minimum
872,1298,2023-12-15,115.73,Minimum
873,2428,2023-09-03,1456.79,Minimum
874,2960,2023-10-30,565.0,Minimum
875,1291,2024-10-12,220.75,Full
876,1950,2023-12-29,286.06,Minimum
877,2972,2024-06-02,1151.35,Full
878,4609,2024-12-21,797.28,Partial
879,4726,2023-01-03,766.65,Partial
880,2048,2022-10-09,343.97,Full
881,3119,2022-09-20,539.53,Full
882,3926,2024-07-11,588.93,Partial
883,2077,2024-10-06,1737.9,Minimum
884,2748,2022-11-30,1405.47,Partial
885,1379,2022-10-09,693.76,Minimum
886,2297,2023-09-04,1090.69,Minimum
887,2325,2023-10-02,428.34,Full
888,2314,2022-02-14,1399.53,Partial
889,3411,2024-06-16,1291.96,Minimum
890,2870,2024-11-02,1280.62,Full
891,2976,2022-02-06,834.56,Minimum
892,1301,2024-09-04,951.94,Partial
893,3258,2023-08-29,132.19,Minimum
894,4163,2022-04-10,614.85,Full
895,1605,2022-08-05,1408.77,Minimum
896,3222,2024-01-06,1798.32,Minimum
897,1042,2022-02-03,567.63,Partial
898,2991,2024-12-31,1740.92,Full
899,4514,2024-02-22,96.79,Partial
900,3226,2024-07-17,1509.96,Full
901,882,2024-12-07,1226.08,Partial
902,2563,2024-03-30,1533.87,Partial
903,302,2024-02-24,1887.4,Minimum
904,1063,2022-05-29,1496.35,Partial
905,1210,2022-04-22,364.96,Partial
906,4220,2024-11-08,1833.34,Minimum
907,4957,2023-12-21,1464.15,Partial
908,953,2023-12-04,541.69,Full
909,1571,2024-12-17,433.02,Full
910,266,2024-11-26,1353.94,Full
911,65,2023-01-02,788.4,Partial
912,3520,2022-05-03,440.68,Minimum
913,2693,2023-11-26,132.35,Full
914,438,2023-08-13,1625.98,Minimum
915,3852,2023-04-18,514.05,Minimum
916,3114,2024-08-06,132.65,Minimum
917,4405,2022-07-19,314.97,Full
918,1792,2022-10-13,1030.08,Partial
919,1320,2023-12-05,1640.56,Full
920,659,2022-10-29,1290.77,Full
921,2930,2022-01-09,742.44,Partial
922,1349,2024-10-17,502.81,Full
923,214,2024-10-13,1440.47,Full
924,3603,2022-02-16,1589.65,Full
925,4135,2023-01-02,128.37,Full
926,3372,2023-04-23,451.88,Partial
927,325,2022-01-03,860.37,Partial
928,1868,2022-07-02,1889.53,Minimum
929,574,2023-10-14,101.72,Minimum
930,4443,2024-12-21,160.03,Minimum
931,4925,2024-01-25,1633.58,Minimum
932,737,2024-07-03,1180.33,Full
933,1939,2023-05-07,799.0,Partial
934,4666,2024-10-17,1614.7,Full
935,4308,2024-02-14,1847.03,Minimum
936,1033,2022-08-27,1109.52,Partial
937,414,2024-02-24,952.36,Full
938,3859,2023-07-09,1946.2,Minimum
939,1967,2022-12-30,716.79,Full
940,1380,2022-04-03,1795.06,Minimum
941,4160,2023-12-26,89.56,Minimum
942,4282,2024-10-10,497.53,Full
943,1753,2023-11-22,1206.8,Full
944,2844,2022-09-08,1919.18,Full
945,3070,2024-03-19,1997.72,Partial
946,3308,2022-02-15,735.08,Partial
947,3725,2023-07-03,516.76,Full
948,3087,2023-07-23,715.34,Full
949,2717,2024-08-30,898.01,Minimum
950,495,2022-10-22,1202.59,Minimum
951,4441,2024-10-14,1944.86,Minimum
952,395,2022-05-26,1995.85,Partial
953,4126,2022-11-08,1891.96,Full
954,2304,2022-01-21,1443.24,Full
955,4687,2023-03-21,1815.37,Minimum
956,4197,2023-06-22,1115.15,Minimum
957,2753,2022-10-19,431.3,Partial
958,1585,2023-12-01,276.15,Full
959,3109,2022-11-12,519.87,Full
960,2051,2022-08-06,1037.47,Minimum
961,628,2022-04-02,1421.83,Full
962,3098,2022-02-03,681.45,Full
963,3350,2023-01-04,664.49,Minimum
964,2213,2023-12-13,916.07,Minimum
965,3159,2023-08-04,795.75,Full
966,347,2022-06-05,616.12,Full
967,504,2022-06-11,432.89,Partial
968,3604,2023-10-28,362.96,Minimum
969,1188,2024-10-13,52.79,Partial
970,1537,2024-01-01,385.41,Full
971,988,2023-05-22,1915.34,Full
972,628,2024-05-01,472.82,Partial
973,3146,2022-01-14,1128.17,Full
974,4056,2024-12-31,1600.85,Full
975,2682,2023-12-10,1185.62,Partial
976,3348,2024-05-13,1671.64,Partial
977,3035,2023-10-27,332.0,Partial
978,4093,2022-09-25,1816.1,Minimum
979,870,2022-07-22,463.12,Partial
980,423,2023-10-15,1753.33,Partial
981,4082,2022-12-07,645.03,Full
982,597,2023-03-28,1404.67,Minimum
983,2330,2024-10-11,382.45,Full
984,457,2024-07-14,928.1,Partial
985,3955,2023-07-17,1486.48,Partial
986,3103,2023-09-07,1183.57,Minimum
987,3422,2023-06-25,822.66,Full
988,3264,2022-09-26,1044.39,Minimum
989,942,2023-10-31,978.49,Minimum
990,4932,2023-05-03,1279.32,Minimum
991,512,2022-10-26,1093.68,Minimum
992,4371,2024-08-29,1890.52,Full
993,2541,2024-06-10,447.63,Full
994,3801,2024-03-05,728.34,Minimum
995,1527,2023-07-15,1534.57,Partial
996,1121,2022-05-05,1866.02,Minimum
997,600,2022-08-31,1968.56,Minimum
998,1357,2023-01-10,1993.69,Partial
999,3050,2024-08-25,1642.33,Full
1000,2419,2023-06-28,1375.86,Minimum
1001,4617,2023-10-20,121.36,Partial
1002,4647,2024-11-23,515.42,Full
1003,2179,2024-11-07,1682.2,Partial
1004,3532,2024-09-03,1800.78,Full
1005,336,2024-04-30,1575.33,Partial
1006,2172,2022-11-08,130.56,Minimum
1007,4797,2022-06-10,520.5,Partial
1008,4213,2022-02-03,776.26,Partial
1009,1874,2024-02-13,1448.35,Partial
1010,1000,2023-06-17,935.12,Full
1011,1786,2024-04-16,876.84,Full
1012,461,2024-08-25,1832.33,Full
1013,4676,2023-08-15,1189.37,Full
1014,2051,2022-12-01,336.81,Partial
1015,222,2024-10-30,1094.54,Partial
1016,2611,2022-05-05,1641.61,Minimum
1017,1370,2024-08-14,1811.21,Partial
1018,840,2024-06-18,1264.05,Full
1019,1162,2023-05-09,132.39,Partial
1020,584,2022-04-21,46.9,Partial
1021,305,2023-07-15,78.47,Minimum
1022,2520,2023-02-28,1034.28,Minimum
1023,4225,2022-11-13,705.37,Full
1024,4665,2022-03-12,1962.04,Minimum
1025,1732,2023-03-29,1736.3,Partial
1026,3258,2024-04-18,1468.69,Minimum
1027,1615,2023-12-14,389.52,Partial
1028,4592,2022-12-06,1311.4,Partial
1029,4420,2023-08-26,102.09,Partial
1030,1330,2024-01-19,1959.79,Full
1031,1857,2022-07-14,590.72,Minimum
1032,3999,2023-01-04,1046.27,Minimum
1033,2458,2024-03-19,1767.87,Minimum
1034,1527,2023-09-23,65.45,Minimum
1035,2765,2023-02-16,104.26,Full
1036,3348,2023-10-07,71.4,Partial
1037,4933,2024-06-09,236.44,Partial
1038,4126,2023-11-01,68.74,Minimum
1039,4911,2022-01-02,1303.88,Minimum
1040,4668,2023-04-24,1963.15,Minimum
1041,4874,2024-10-03,1719.17,Minimum
1042,965,2023-08-16,1889.96,Partial
1043,2580,2024-07-14,882.98,Full
1044,2261,2024-05-11,1986.51,Full
1045,1037,2024-02-06,302.75,Full
1046,919,2022-10-10,1547.42,Full
1047,3628,2023-03-03,1649.23,Minimum
1048,4465,2023-06-18,1373.06,Full
1049,1553,2023-04-25,454.55,Full
1050,2446,2024-07-17,936.51,Minimum
1051,2248,2023-06-30,368.82,Partial
1052,4663,2023-11-20,1628.13,Minimum
1053,4245,2023-06-24,1099.35,Minimum
1054,4800,2022-04-09,1972.23,Partial
1055,1761,2023-10-16,1080.16,Minimum
1056,1912,2023-12-11,529.29,Partial
1057,3806,2024-09-04,619.61,Full
1058,3686,2023-06-29,1657.07,Minimum
1059,3222,2023-03-30,300.72,Minimum
1060,4486,2024-11-12,91.48,Minimum
1061,971,2022-11-17,1071.61,Partial
1062,1578,2024-04-18,695.68,Minimum
1063,1356,2024-08-30,1431.62,Partial
1064,4551,2023-03-25,951.9,Partial
1065,3866,2024-04-09,1219.94,Full
1066,4976,2024-03-23,886.42,Partial
1067,2424,2024-01-29,107.39,Minimum
1068,1940,2024-10-22,160.18,Partial
1069,1233,2023-04-11,1009.24,Full
1070,1916,2022-09-02,1818.89,Minimum
1071,1362,2023-11-17,471.07,Partial
1072,1332,2022-08-03,493.52,Partial
1073,4526,2022-09-29,1418.24,Full
1074,1623,2022-09-21,1917.21,Partial
1075,2189,2022-12-09,1702.5,Partial
1076,4770,2023-05-28,956.8,Partial
1077,4739,2024-10-19,925.94,Minimum
1078,4891,2023-05-12,331.19,Minimum
1079,2539,2022-11-09,660.96,Minimum
1080,2049,2022-11-14,275.3,Partial
1081,4176,2023-02-24,930.6,Full
1082,1735,2024-04-27,1862.59,Full
1083,2790,2024-02-20,928.69,Partial
1084,4746,2023-06-17,1943.35,Partial
1085,1936,2024-03-28,913.43,Minimum
1086,679,2023-02-04,947.98,Partial
1087,4311,2023-10-09,1501.65,Full
1088,1725,2023-09-25,750.34,Partial
1089,1095,2024-05-12,770.33,Minimum
1090,945,2023-07-03,1598.16,Full
1091,3469,2023-09-09,1581.87,Minimum
1092,4138,2022-05-27,1492.54,Full
1093,575,2024-07-16,1147.29,Minimum
1094,2281,2023-10-13,1718.55,Partial
1095,4070,2022-08-13,1686.73,Partial
1096,1757,2024-05-01,1981.17,Partial
1097,1793,2022-06-17,1854.02,Full
1098,2324,2022-02-25,1957.61,Minimum
1099,1154,2024-11-18,1874.81,Full
1100,1610,2024-01-24,1599.21,Minimum
1101,1755,2022-12-12,1242.13,Full
1102,2522,2023-08-09,923.02,Partial
1103,3975,2024-02-09,1053.45,Full
1104,4987,2024-08-17,1923.34,Minimum
1105,920,2023-12-26,1775.83,Full
1106,3161,2023-09-26,1635.64,Full
1107,1390,2024-10-25,588.91,Full
1108,502,2022-10-14,1566.83,Full
1109,3601,2023-04-19,783.33,Partial
1110,1881,2024-09-13,1726.63,Minimum
1111,3870,2024-10-21,1565.74,Partial
1112,1161,2022-05-19,367.91,Partial
1113,209,2022-08-09,1162.94,Full
1114,4028,2023-05-31,1274.64,Full
1115,4748,2022-11-20,1203.98,Partial
1116,4481,2022-01-24,985.47,Partial
1117,1219,2022-08-27,1553.43,Minimum
1118,988,2024-03-20,1458.45,Partial
1119,4434,2024-09-09,156.56,Full
1120,2840,2023-01-28,824.03,Partial
1121,82,2024-05-23,1689.34,Partial
1122,2483,2022-12-30,473.58,Minimum
1123,3194,2022-08-12,1091.46,Full
1124,4868,2022-09-19,1632.97,Full
1125,2234,2024-09-27,1723.07,Full
1126,1778,2023-03-19,1219.29,Partial
1127,1888,2022-05-26,432.18,Partial
1128,3736,2023-12-25,1857.08,Partial
1129,349,2024-07-01,967.07,Partial
1130,848,2023-04-15,969.11,Full
1131,3593,2023-07-31,607.5,Partial
1132,1845,2022-11-05,960.4,Partial
1133,230,2022-09-30,1041.15,Partial
1134,3030,2023-12-28,291.43,Full
1135,1450,2022-05-14,552.57,Partial
1136,4550,2024-02-24,580.58,Partial
1137,2236,2022-06-25,1973.77,Minimum
1138,498,2023-07-31,109.85,Minimum
1139,4817,2024-09-29,1178.53,Minimum
1140,2750,2022-08-20,1663.3,Partial
1141,4526,2024-05-23,1129.35,Full
1142,4065,2024-03-07,780.49,Partial
1143,869,2024-09-25,1802.53,Full
1144,4317,2023-10-31,1050.81,Minimum
1145,2923,2024-01-08,1106.14,Minimum
1146,3997,2022-12-14,395.29,Partial
1147,4217,2024-07-08,1910.26,Full
1148,928,2024-08-30,833.83,Full
1149,3056,2024-12-04,353.38,Full
1150,1058,2022-03-01,959.66,Minimum
1151,2177,2022-07-03,1586.8,Full
1152,538,2024-07-23,246.6,Minimum
1153,3686,2024-11-26,899.94,Full
1154,2983,2023-01-01,870.63,Minimum
1155,2878,2022-11-21,1666.56,Full
1156,318,2022-09-05,267.64,Full
1157,4396,2023-12-12,1770.7,Full
1158,1171,2024-03-11,704.73,Partial
1159,3372,2022-06-16,659.01,Minimum
1160,3735,2022-01-02,937.48,Minimum
1161,3021,2022-03-26,334.88,Minimum
1162,3113,2024-12-26,1911.59,Partial
1163,4038,2023-06-15,530.27,Partial
1164,2017,2023-01-20,172.18,Partial
1165,200,2024-10-15,808.69,Partial
1166,715,2022-04-19,176.23,Full
1167,1346,2022-09-16,311.31,Full
1168,3035,2023-09-17,357.04,Partial
1169,2071,2023-09-10,206.93,Minimum
1170,658,2024-11-23,1213.93,Minimum
1171,2179,2024-03-25,922.79,Minimum
1172,2604,2022-05-10,946.7,Partial
1173,3077,2024-05-07,482.56,Full
1174,3816,2023-03-12,1356.47,Minimum
1175,3115,2023-07-21,1754.88,Full
1176,1337,2024-04-15,1290.74,Partial
1177,605,2024-08-31,1579.54,Full
1178,247,2023-10-06,1926.71,Partial
1179,1144,2023-05-30,1574.22,Full
1180,1776,2024-08-10,814.29,Partial
1181,1345,2024-12-25,1327.35,Full
1182,4047,2024-12-26,1317.77,Full
1183,4853,2024-04-06,1190.38,Minimum
1184,1003,2023-05-01,1218.81,Full
1185,112,2023-09-28,783.03,Full
1186,1174,2023-01-23,1123.7,Full
1187,4896,2023-03-24,1851.39,Partial
1188,3186,2022-09-30,1970.53,Minimum
1189,1362,2022-11-24,163.22,Partial
1190,1585,2023-04-28,403.91,Partial
1191,1881,2023-08-27,1853.01,Minimum
1192,909,2024-05-19,794.13,Minimum
1193,1444,2022-09-08,237.16,Minimum
1194,767,2023-07-25,928.92,Minimum
1195,4392,2022-09-22,544.57,Minimum
1196,4453,2022-05-27,1992.8,Minimum
1197,225,2023-05-27,1369.84,Partial
1198,2401,2024-02-23,1949.82,Full
1199,4028,2024-07-14,1279.58,Full
1200,396,2024-06-08,1097.04,Full
1201,4145,2022-02-22,130.3,Partial
1202,3772,2024-06-15,1291.99,Partial
1203,1317,2024-07-15,1028.87,Full
1204,2487,2024-01-17,1710.7,Full
1205,4134,2022-09-26,709.21,Full
1206,1439,2023-01-16,1151.48,Full
1207,4508,2024-05-05,627.55,Minimum
1208,648,2023-12-04,185.2,Minimum
1209,1379,2023-04-28,1914.97,Partial
1210,2835,2024-02-20,65.34,Minimum
1211,2590,2024-06-05,771.65,Full
1212,863,2023-10-05,642.52,Full
1213,271,2023-02-28,1723.66,Minimum
1214,3285,2024-05-18,340.34,Minimum
1215,1680,2024-01-31,1808.11,Partial
1216,1454,2023-12-05,1281.82,Minimum
1217,4610,2022-04-27,1239.46,Full
1218,3800,2022-03-26,1493.08,Full
1219,1516,2023-03-15,970.82,Minimum
1220,2784,2022-01-29,514.66,Partial
1221,4341,2022-02-04,586.4,Minimum
1222,3762,2023-10-31,513.22,Partial
1223,3389,2022-04-21,1053.09,Partial
1224,4339,2022-08-14,1984.94,Partial
1225,4625,2023-07-08,593.9,Full
1226,1027,2024-02-26,1605.87,Full
1227,4816,2022-09-15,613.41,Minimum
1228,1224,2022-10-01,1704.62,Partial
1229,2216,2023-03-08,1493.12,Full
1230,4704,2022-01-27,511.16,Minimum
1231,3425,2024-11-11,1023.25,Minimum
1232,1396,2023-05-06,1374.42,Partial
1233,844,2024-12-10,1403.46,Minimum
1234,1378,2022-01-31,394.54,Minimum
1235,412,2023-10-25,1830.19,Minimum
1236,2321,2022-09-12,592.45,Partial
1237,4553,2022-01-26,1569.05,Full
1238,176,2022-10-11,1071.92,Full
1239,997,2022-12-02,1417.76,Minimum
1240,2692,2024-09-25,1490.15,Minimum
1241,4293,2024-12-06,1154.76,Minimum
1242,310,2024-01-12,1360.61,Minimum
1243,4605,2024-05-24,1880.35,Minimum
1244,4186,2022-01-10,160.92,Minimum
1245,3334,2023-01-02,337.0,Minimum
1246,4229,2023-04-26,1362.95,Full
1247,2401,2024-06-30,1221.23,Full
1248,3200,2023-05-09,544.9,Minimum
1249,2856,2024-09-15,1199.05,Minimum
1250,2579,2022-07-16,1196.18,Minimum
1251,2846,2024-05-29,439.83,Partial
1252,1206,2023-03-30,731.12,Full
1253,1370,2024-04-11,566.55,Full
1254,3685,2023-03-31,956.44,Partial
1255,1700,2022-03-31,1016.06,Minimum
1256,2121,2023-12-23,335.77,Partial
1257,2256,2024-07-13,583.06,Full
1258,4909,2023-05-04,1846.05,Partial
1259,2196,2022-05-05,1287.59,Partial
1260,1653,2022-12-02,739.84,Partial
1261,1236,2023-03-03,1808.59,Full
1262,970,2024-08-20,441.29,Full
1263,1233,2023-09-08,1152.63,Minimum
1264,4621,2024-07-21,192.41,Minimum
1265,1385,2024-05-02,847.33,Partial
1266,3034,2024-10-03,1495.04,Full
1267,736,2024-06-25,187.59,Full
1268,1240,2023-08-30,1607.02,Full
1269,1525,2022-04-27,356.06,Full
1270,3429,2022-01-26,1981.21,Partial
1271,415,2022-09-22,1478.44,Full
1272,4652,2024-03-05,1655.04,Partial
1273,2653,2024-01-02,764.28,Minimum
1274,2705,2024-10-09,260.29,Minimum
1275,2857,2022-03-04,1324.46,Partial
1276,4917,2023-05-07,1228.02,Partial
1277,3992,2023-04-02,1237.01,Partial
1278,2482,2024-09-04,1522.97,Full
1279,1725,2023-04-27,292.12,Full
1280,1905,2022-06-05,525.1,Minimum
1281,2775,2022-09-25,163.42,Full
1282,2777,2024-03-28,1311.08,Partial
1283,4936,2024-04-28,1214.13,Full
1284,4883,2024-09-23,515.49,Minimum
1285,3862,2023-11-04,87.19,Minimum
1286,3383,2024-04-02,227.1,Minimum
1287,3124,2022-01-06,403.2,Minimum
1288,1578,2024-09-28,1771.87,Minimum
1289,2784,2024-10-27,1758.34,Minimum
1290,2502,2022-10-09,906.78,Minimum
1291,894,2024-04-05,1278.78,Partial
1292,3936,2023-01-27,1450.9,Minimum
1293,3264,2024-01-21,570.09,Full
1294,2428,2024-05-14,1464.26,Full
1295,45,2022-01-19,946.0,Partial
1296,2822,2023-03-11,1606.45,Partial
1297,1524,2023-05-16,728.53,Partial
1298,392,2022-06-20,1172.74,Partial
1299,1374,2023-11-08,1682.9,Partial
1300,204,2023-01-31,74.4,Full
1301,3974,2023-07-21,747.02,Minimum
1302,4802,2023-04-02,1233.58,Full
1303,2701,2024-08-18,870.93,Full
1304,3851,2023-09-06,1330.34,Minimum
1305,2253,2022-05-30,412.95,Partial
1306,2278,2023-03-12,117.94,Partial
1307,1348,2023-03-29,372.92,Minimum
1308,4424,2022-12-12,883.65,Full
1309,2979,2022-02-21,1409.97,Minimum
1310,3550,2023-03-24,574.26,Full
1311,2848,2023-11-16,294.95,Full
1312,601,2022-12-17,963.07,Full
1313,4640,2023-07-05,1939.41,Full
1314,1276,2022-01-12,1170.04,Partial
1315,2911,2023-06-10,1793.63,Full
1316,12,2022-10-26,1610.15,Minimum
1317,4037,2024-09-13,369.87,Minimum
1318,266,2022-07-05,533.7,Full
1319,675,2024-10-26,1021.54,Full
1320,163,2024-05-04,991.98,Partial
1321,2238,2022-10-06,838.66,Full
1322,338,2022-08-05,1555.43,Partial
1323,4188,2024-11-25,905.34,Full
1324,550,2024-03-18,520.85,Minimum
1325,3794,2022-01-23,784.76,Partial
1326,815,2024-04-30,236.21,Full
1327,3760,2022-09-09,187.93,Partial
1328,4610,2024-01-08,1120.93,Full
1329,1205,2024-11-05,1642.39,Minimum
1330,1511,2023-03-24,632.06,Partial
1331,271,2022-09-02,138.85,Partial
1332,1592,2022-07-13,395.69,Full
1333,3186,2023-09-25,1081.58,Minimum
1334,4791,2022-04-23,1348.43,Partial
1335,2084,2023-04-08,1623.74,Minimum
1336,2328,2022-11-07,605.14,Full
1337,3027,2023-11-25,1735.2,Minimum
1338,1085,2022-12-24,521.69,Partial
1339,1725,2023-03-25,1446.57,Partial
1340,4795,2023-04-21,194.62,Minimum
1341,3975,2024-12-31,208.63,Partial
1342,1483,2024-11-16,1542.36,Partial
1343,119,2022-07-08,948.11,Minimum
1344,1540,2024-03-30,376.62,Partial
1345,4430,2024-08-16,1939.62,Full
1346,632,2023-07-06,839.67,Full
1347,2809,2024-10-29,1632.53,Partial
1348,2119,2023-11-14,1219.05,Partial
1349,2791,2022-01-03,1559.19,Partial
1350,590,2023-05-12,418.89,Partial
1351,2183,2022-03-08,46.87,Partial
1352,4075,2024-02-17,422.08,Full
1353,3812,2024-07-02,93.29,Full
1354,4699,2023-06-02,1110.59,Minimum
1355,2419,2022-10-16,541.08,Partial
1356,4824,2022-11-27,1707.45,Full
1357,1700,2023-01-22,1193.36,Full
1358,10,2023-03-15,29.45,Full
1359,3381,2024-12-14,962.15,Minimum
1360,571,2022-05-12,1002.47,Full
1361,3306,2023-03-05,895.83,Minimum
1362,4532,2024-07-31,1330.18,Minimum
1363,4226,2022-06-01,1447.3,Full
1364,4297,2024-10-13,73.52,Partial
1365,3516,2022-01-28,1322.38,Minimum
1366,2806,2022-07-28,1955.59,Minimum
1367,282,2023-11-14,571.36,Full
1368,3356,2022-05-13,1500.86,Full
1369,2305,2023-07-19,764.38,Minimum
1370,807,2022-04-08,203.03,Full
1371,2987,2023-09-28,1401.09,Minimum
1372,3556,2022-10-21,1920.72,Partial
1373,1151,2024-10-21,1546.13,Partial
1374,2463,2023-12-03,1418.41,Partial
1375,4388,2024-02-26,1828.15,Partial
1376,2406,2023-04-04,1380.33,Full
1377,4967,2024-11-06,1628.23,Full
1378,1288,2024-11-30,1648.13,Full
1379,861,2022-02-06,1984.07,Minimum
1380,2429,2023-02-25,74.61,Partial
1381,3869,2023-07-21,309.65,Full
1382,4674,2022-05-21,1807.93,Partial
1383,2643,2024-03-15,1892.34,Minimum
1384,2289,2022-02-27,422.57,Minimum
1385,1912,2022-07-21,135.05,Minimum
1386,904,2022-07-01,1275.16,Minimum
1387,839,2022-07-10,1769.95,Full
1388,3021,2024-03-27,922.38,Partial
1389,4158,2023-01-13,1704.01,Minimum
1390,3138,2024-02-12,1532.75,Minimum
1391,1259,2023-12-28,1439.2,Full
1392,3238,2023-04-23,1238.44,Full
1393,416,2023-09-06,410.8,Minimum
1394,1451,2023-02-22,1589.68,Minimum
1395,2892,2023-01-23,1757.17,Partial
1396,2812,2022-08-23,1690.69,Partial
1397,2450,2023-10-02,673.12,Partial
1398,2451,2022-09-08,1098.39,Partial
1399,2595,2024-05-21,216.7,Partial
1400,4520,2024-05-10,1438.58,Partial
1401,788,2023-08-25,1754.47,Full
1402,508,2023-01-20,1423.75,Full
1403,4443,2024-11-26,482.95,Partial
1404,3646,2024-06-22,282.59,Full
1405,2402,2024-11-14,1252.93,Minimum
1406,2277,2022-11-30,1720.79,Partial
1407,204,2024-06-07,1359.07,Full
1408,4720,2022-03-24,757.73,Minimum
1409,612,2023-05-04,578.11,Partial
1410,4711,2023-04-24,1885.56,Full
1411,1785,2024-02-19,344.69,Full
1412,4122,2023-03-23,719.12,Partial
1413,3857,2023-07-21,463.62,Partial
1414,3511,2023-04-10,683.73,Full
1415,3422,2023-06-22,1572.66,Minimum
1416,3785,2024-10-14,113.14,Full
1417,4149,2022-09-04,201.61,Minimum
1418,212,2022-02-11,952.04,Full
1419,1841,2023-05-15,1419.0,Full
1420,3841,2024-10-03,809.49,Full
1421,2492,2022-08-11,1684.13,Partial
1422,4249,2024-07-13,29.86,Full
1423,2219,2023-01-15,723.86,Full
1424,113,2024-05-25,371.6,Full
1425,1151,2024-10-08,1953.02,Partial
1426,3355,2022-03-05,1835.32,Minimum
1427,2048,2022-08-03,1789.59,Minimum
1428,915,2023-08-06,1508.73,Minimum
1429,233,2023-06-01,169.4,Full
1430,346,2024-02-14,1744.12,Minimum
1431,2576,2024-06-06,92.97,Partial
1432,76,2024-12-27,1131.23,Full
1433,815,2024-08-03,1954.8,Minimum
1434,1055,2022-11-22,100.02,Full
1435,3551,2024-05-25,378.67,Minimum
1436,4933,2024-08-16,1822.95,Full
1437,3794,2024-08-19,1022.05,Full
1438,3557,2024-10-17,480.01,Full
1439,1766,2023-02-27,722.71,Full
1440,2293,2024-12-23,1231.21,Partial
1441,4851,2022-02-09,1911.6,Minimum
1442,4638,2024-01-31,373.7,Full
1443,1561,2024-03-10,608.3,Partial
1444,829,2023-08-02,967.4,Full
1445,4172,2024-08-23,1572.39,Full
1446,2394,2023-03-13,1581.73,Minimum
1447,2583,2023-03-14,1042.49,Minimum
1448,4400,2024-06-11,132.64,Full
1449,2102,2023-12-12,1585.47,Partial
1450,567,2022-06-06,1697.94,Minimum
1451,3002,2022-12-26,1407.23,Minimum
1452,3603,2023-07-14,1879.76,Full
1453,326,2024-04-16,1114.14,Partial
1454,3295,2024-07-16,1195.31,Full
1455,3095,2024-02-14,1874.27,Full
1456,2268,2023-11-05,1997.01,Full
1457,4643,2022-03-10,1667.01,Minimum
1458,4755,2023-10-23,87.9,Full
1459,998,2023-09-11,1077.29,Minimum
1460,2927,2024-10-13,1991.27,Partial
1461,4194,2024-01-10,1510.64,Minimum
1462,4854,2023-12-06,1129.96,Partial
1463,2803,2024-05-06,1373.18,Partial
1464,1347,2023-07-09,1162.16,Minimum
1465,3891,2023-01-27,1205.82,Minimum
1466,4794,2022-08-26,1816.53,Minimum
1467,2732,2024-08-07,1507.73,Full
1468,2030,2023-09-11,686.14,Minimum
1469,1254,2024-07-12,165.59,Full
1470,2341,2023-11-21,1717.56,Minimum
1471,2182,2024-01-27,37.66,Full
1472,3810,2023-01-23,549.64,Minimum
1473,1820,2022-11-28,1358.39,Partial
1474,279,2022-11-24,893.69,Minimum
1475,4797,2024-12-30,707.1,Full
1476,2815,2024-07-19,712.15,Partial
1477,3369,2023-04-12,1756.59,Partial
1478,2090,2022-05-28,1625.15,Full
1479,909,2024-12-16,564.05,Full
1480,3611,2024-10-30,1962.5,Partial
1481,2890,2022-05-04,1284.46,Full
1482,1612,2024-04-16,1342.43,Minimum
1483,811,2023-10-26,1394.23,Minimum
1484,4920,2023-04-29,1955.27,Full
1485,561,2022-01-11,1586.86,Full
1486,376,2024-04-04,1950.56,Partial
1487,4885,2022-05-01,1473.41,Minimum
1488,4561,2023-06-26,1758.66,Partial
1489,4418,2022-01-26,1887.81,Full
1490,2374,2022-06-20,1262.97,Full
1491,2338,2024-06-03,302.63,Full
1492,1368,2022-11-02,1021.01,Full
1493,4951,2023-12-25,1010.88,Full
1494,2837,2022-11-22,712.39,Full
1495,4306,2022-12-21,739.08,Minimum
1496,2266,2022-03-14,970.82,Minimum
1497,1745,2023-09-04,821.88,Partial
1498,2472,2023-12-14,1392.89,Full
1499,371,2023-10-18,153.16,Minimum
1500,3890,2024-05-18,750.22,Minimum
1501,3511,2024-03-30,1791.07,Full
1502,1140,2022-07-23,877.08,Minimum
1503,2516,2023-10-25,170.62,Partial
1504,2429,2023-01-03,394.52,Minimum
1505,3380,2023-06-23,1592.19,Minimum
1506,2940,2024-05-06,1048.88,Partial
1507,475,2022-11-29,452.05,Full
1508,1806,2022-04-11,957.64,Full
1509,35,2024-05-28,44.21,Minimum
1510,2767,2022-11-03,231.37,Minimum
1511,1087,2024-08-19,579.48,Full
1512,2548,2023-03-26,822.09,Full
1513,4575,2023-07-05,136.88,Full
1514,4184,2024-03-12,764.29,Minimum
1515,3895,2024-03-20,244.77,Partial
1516,3490,2024-12-01,1594.84,Partial
1517,1751,2023-03-17,1075.71,Partial
1518,3398,2022-11-22,580.21,Full
1519,110,2023-04-12,482.79,Minimum
1520,2091,2024-03-02,205.53,Partial
1521,1752,2023-02-10,1618.06,Full
1522,4244,2024-11-25,684.87,Full
1523,3586,2022-12-24,1628.93,Partial
1524,3238,2024-04-03,1998.64,Partial
1525,2651,2023-08-06,1201.13,Minimum
1526,3721,2024-05-25,407.27,Partial
1527,1812,2024-05-01,1295.94,Partial
1528,3116,2023-11-16,875.97,Minimum
1529,39,2023-05-25,1293.63,Minimum
1530,3324,2024-11-26,1577.33,Minimum
1531,4857,2023-02-28,1357.18,Partial
1532,4246,2022-12-16,1301.85,Full
1533,2874,2024-08-09,1253.3,Minimum
1534,4271,2024-03-07,421.29,Full
1535,567,2022-06-19,1560.16,Minimum
1536,1629,2022-04-04,863.52,Minimum
1537,153,2022-10-21,1297.19,Minimum
1538,442,2024-04-21,422.11,Partial
1539,2280,2024-03-04,1391.46,Full
1540,3448,2023-02-25,822.62,Partial
1541,4251,2023-07-02,439.32,Partial
1542,2713,2022-06-20,195.71,Full
1543,3340,2022-10-17,1877.09,Minimum
1544,4181,2022-12-16,31.6,Full
1545,2355,2023-04-17,189.99,Full
1546,4907,2023-02-02,189.62,Partial
1547,4895,2023-07-15,1879.14,Minimum
1548,1450,2022-03-31,1931.43,Partial
1549,4432,2022-06-18,1951.02,Partial
1550,1748,2023-09-08,1336.47,Full
1551,4163,2024-08-29,1906.78,Minimum
1552,584,2024-02-15,719.65,Partial
1553,1470,2023-01-23,1884.1,Full
1554,1004,2022-10-10,398.54,Partial
1555,2899,2023-06-14,453.81,Full
1556,1434,2023-10-12,1360.33,Minimum
1557,2479,2023-09-21,1852.21,Partial
1558,4827,2023-09-19,487.21,Partial
1559,3791,2022-12-17,1837.0,Full
1560,2239,2024-02-06,1765.41,Full
1561,3744,2024-08-31,127.17,Full
1562,100,2024-05-26,1942.76,Full
1563,982,2022-04-22,1587.05,Full
1564,838,2022-05-28,1121.48,Full
1565,2716,2023-03-13,413.79,Partial
1566,3525,2023-06-16,1240.73,Full
1567,3152,2022-11-16,1401.02,Minimum
1568,435,2022-05-05,870.74,Minimum
1569,2470,2022-05-16,1397.29,Full
1570,59,2023-05-29,1454.19,Minimum
1571,4167,2022-06-03,980.66,Minimum
1572,1298,2023-06-03,155.97,Full
1573,4143,2023-10-04,335.06,Minimum
1574,1348,2023-11-12,643.67,Full
1575,2785,2024-07-08,38.84,Partial
1576,892,2023-11-29,287.64,Partial
1577,1422,2023-07-22,1798.98,Partial
1578,2441,2024-07-18,1806.88,Full
1579,4187,2023-06-06,589.89,Full
1580,3448,2024-11-26,1601.95,Full
1581,1609,2023-08-05,1446.99,Partial
1582,2261,2022-08-13,627.47,Minimum
1583,4310,2022-04-18,1024.48,Partial
1584,4149,2022-10-13,1437.39,Partial
1585,3399,2023-12-28,1695.71,Full
1586,67,2024-11-25,120.44,Minimum
1587,252,2024-11-16,1002.83,Partial
1588,2580,2022-01-13,384.26,Full
1589,2273,2024-07-25,749.32,Minimum
1590,2856,2022-03-11,367.61,Full
1591,4476,2022-12-16,1845.39,Minimum
1592,4860,2022-12-11,1063.12,Full
1593,3354,2023-05-14,182.86,Full
1594,1981,2022-05-03,1217.14,Full
1595,3535,2023-01-27,1207.69,Minimum
1596,869,2022-02-16,1455.92,Minimum
1597,2320,2024-09-29,1016.22,Partial
1598,2185,2022-06-26,1529.99,Full
1599,2847,2024-07-30,421.19,Minimum
1600,4070,2022-03-21,1226.17,Full
1601,1458,2023-04-10,1973.04,Partial
1602,2550,2024-09-30,159.44,Full
1603,2527,2023-06-24,512.63,Full
1604,3951,2023-04-11,1406.13,Minimum
1605,1516,2022-06-15,448.17,Full
1606,1932,2024-09-05,335.47,Partial
1607,505,2023-01-13,282.91,Partial
1608,2437,2024-04-15,1219.63,Full
1609,4837,2024-05-16,293.89,Minimum
1610,1305,2022-04-06,73.56,Minimum
1611,3559,2024-11-12,942.52,Partial
1612,1770,2024-08-02,1151.58,Full
1613,3944,2023-05-10,41.06,Minimum
1614,1374,2023-01-14,50.37,Minimum
1615,3743,2024-04-24,994.58,Minimum
1616,2217,2024-01-28,648.07,Full
1617,4062,2024-12-23,1595.98,Full
1618,4151,2023-08-06,1166.59,Partial
1619,510,2023-05-24,1424.1,Partial
1620,3138,2024-12-14,1475.12,Partial
1621,2312,2024-03-24,1524.32,Partial
1622,413,2022-06-24,1544.37,Minimum
1623,982,2023-02-27,295.55,Full
1624,3337,2022-12-17,1076.97,Full
1625,3955,2023-01-04,828.32,Full
1626,2566,2023-09-05,322.2,Minimum
1627,76,2022-05-30,158.9,Minimum
1628,2467,2022-04-14,1674.66,Full
1629,4365,2024-11-20,1720.8,Full
1630,1122,2022-06-09,939.61,Minimum
1631,3864,2024-02-03,124.9,Partial
1632,3685,2024-08-03,1335.44,Partial
1633,4817,2022-11-02,1061.61,Partial
1634,4176,2022-07-14,1176.6,Minimum
1635,1653,2023-09-06,589.12,Minimum
1636,1057,2022-09-10,274.85,Partial
1637,4000,2022-04-12,1065.53,Partial
1638,2612,2022-02-17,936.69,Partial
1639,2266,2024-12-15,1403.39,Partial
1640,99,2023-11-02,1465.42,Partial
1641,3480,2022-06-21,1440.32,Minimum
1642,2879,2023-07-23,879.4,Minimum
1643,20,2023-10-06,619.86,Partial
1644,1186,2023-07-09,1066.61,Full
1645,2181,2022-08-20,143.22,Partial
1646,1147,2022-11-15,795.67,Partial
1647,12,2022-03-10,624.09,Minimum
1648,2147,2023-07-29,878.48,Partial
1649,1613,2022-12-29,381.91,Full
1650,4942,2024-07-31,1161.14,Partial
1651,3396,2022-06-29,635.17,Partial
1652,2618,2024-03-13,1412.06,Minimum
1653,2009,2023-09-17,580.07,Partial
1654,2316,2022-07-09,656.38,Partial
1655,2386,2023-08-15,1000.56,Full
1656,166,2023-09-07,1789.64,Minimum
1657,2194,2023-01-30,212.84,Full
1658,4276,2023-03-19,436.68,Minimum
1659,4150,2022-07-18,1375.79,Minimum
1660,1932,2024-09-08,1251.93,Minimum
1661,2208,2024-04-23,501.15,Partial
1662,4178,2022-12-01,917.06,Full
1663,3358,2022-01-10,1527.03,Partial
1664,1177,2022-02-08,1679.29,Full
1665,2340,2024-02-18,898.76,Full
1666,4175,2022-04-08,964.87,Full
1667,1504,2023-01-23,1297.75,Partial
1668,4711,2023-09-01,884.99,Partial
1669,373,2023-11-19,1101.56,Partial
1670,2564,2022-02-14,401.24,Partial
1671,1595,2023-10-05,734.86,Minimum
1672,1661,2023-10-19,1361.17,Full
1673,3229,2024-10-16,1864.25,Full
1674,175,2023-11-21,1603.27,Minimum
1675,1186,2025-01-01,1561.56,Partial
1676,160,2024-01-16,202.32,Minimum
1677,4139,2024-06-21,1867.04,Full
1678,1885,2022-08-22,1926.29,Full
1679,3271,2022-05-14,556.31,Full
1680,3732,2024-02-26,1543.03,Full
1681,4671,2022-06-11,1268.12,Full
1682,2274,2024-08-23,708.36,Partial
1683,483,2024-07-06,356.98,Partial
1684,50,2022-03-04,990.84,Partial
1685,1936,2022-08-16,686.88,Minimum
1686,3449,2024-01-31,66.3,Partial
1687,4713,2023-05-27,1478.27,Minimum
1688,2636,2022-08-02,1661.35,Full
1689,3566,2022-09-01,844.45,Full
1690,3932,2024-12-30,1254.51,Full
1691,3311,2023-01-20,1409.4,Partial
1692,2300,2023-02-28,257.21,Minimum
1693,3232,2023-08-05,1238.7,Partial
1694,123,2023-01-05,1227.43,Minimum
1695,2144,2024-03-16,602.36,Full
1696,1111,2023-12-29,1569.33,Partial
1697,4760,2024-03-24,1358.45,Full
1698,3896,2022-08-05,227.65,Full
1699,283,2024-08-06,1112.05,Minimum
1700,619,2024-10-16,876.54,Full
1701,583,2022-09-23,1379.05,Partial
1702,1527,2024-09-03,1153.26,Minimum
1703,1266,2022-03-09,585.83,Minimum
1704,4833,2024-06-01,524.49,Partial
1705,2769,2023-05-07,927.88,Minimum
1706,2315,2024-10-30,1518.76,Minimum
1707,3298,2022-12-28,1910.31,Partial
1708,3032,2023-12-21,1535.26,Partial
1709,2598,2024-11-24,746.09,Full
1710,1075,2022-06-12,1099.22,Partial
1711,4735,2024-11-17,785.76,Full
1712,4599,2024-08-13,103.62,Partial
1713,403,2024-11-03,587.31,Full
1714,3653,2023-06-02,49.76,Partial
1715,1015,2023-06-28,1473.54,Minimum
1716,385,2024-02-23,1771.68,Partial
1717,3143,2022-06-22,1745.23,Full
1718,3260,2023-12-29,1601.2,Full
1719,3532,2024-06-11,217.52,Minimum
1720,3528,2023-05-09,1385.16,Full
1721,1107,2023-01-18,1632.95,Partial
1722,2067,2023-09-10,768.89,Minimum
1723,2771,2022-07-11,152.99,Minimum
1724,3867,2023-01-29,915.5,Partial
1725,2481,2022-08-26,747.05,Minimum
1726,2614,2022-10-24,1681.9,Full
1727,330,2023-11-15,510.9,Full
1728,794,2024-09-30,1567.71,Minimum
1729,4104,2024-12-15,901.75,Minimum
1730,537,2023-09-06,527.1,Minimum
1731,2171,2024-11-23,769.52,Minimum
1732,4018,2022-10-08,228.66,Partial
1733,2563,2022-11-27,1648.11,Partial
1734,1078,2023-09-10,321.49,Minimum
1735,1767,2023-04-11,1655.57,Minimum
1736,3908,2023-06-08,125.06,Full
1737,1532,2024-09-28,104.19,Partial
1738,150,2023-11-02,1721.12,Partial
1739,168,2023-01-26,1136.99,Partial
1740,2899,2022-04-30,39.8,Partial
1741,601,2024-05-06,1176.47,Minimum
1742,1910,2022-05-11,851.91,Full
1743,1170,2022-08-14,1199.55,Full
1744,1267,2023-03-18,1421.11,Partial
1745,4975,2023-03-18,1284.59,Minimum
1746,1212,2023-11-11,1902.51,Minimum
1747,2227,2023-07-27,1132.13,Full
1748,2560,2023-04-05,906.59,Full
1749,4391,2022-08-21,676.18,Minimum
1750,3675,2023-08-13,386.49,Partial
1751,2523,2022-10-21,1300.91,Partial
1752,4456,2023-08-03,1110.94,Full
1753,1009,2022-04-10,1217.49,Minimum
1754,1385,2023-09-20,1842.59,Minimum
1755,159,2024-03-12,1752.83,Full
1756,2015,2023-03-21,676.76,Partial
1757,2392,2024-01-18,233.7,Partial
1758,4457,2024-07-19,788.52,Minimum
1759,921,2022-04-03,1182.6,Full
1760,4823,2022-11-16,566.82,Full
1761,1292,2024-11-12,612.37,Minimum
1762,243,2024-05-03,1585.81,Minimum
1763,2957,2022-06-25,1471.45,Partial
1764,592,2024-12-28,1396.79,Full
1765,319,2023-04-27,926.99,Minimum
1766,4740,2023-06-05,901.21,Minimum
1767,2369,2022-05-04,47.51,Partial
1768,279,2022-03-27,987.95,Minimum
1769,1473,2022-01-02,62.79,Full
1770,4795,2023-01-31,1114.13,Full
1771,3221,2022-01-05,39.09,Partial
1772,1826,2024-05-28,1153.3,Full
1773,4327,2024-06-16,418.0,Partial
1774,3414,2024-12-15,1793.95,Full
1775,3769,2023-09-16,1406.48,Full
1776,336,2023-08-21,953.44,Partial
1777,3602,2023-12-25,1141.12,Full
1778,4340,2022-12-18,925.69,Partial
1779,2749,2023-03-25,694.58,Minimum
1780,2281,2022-08-13,289.44,Full
1781,2654,2023-06-27,1547.14,Minimum
1782,3736,2023-04-11,865.81,Full
1783,1197,2023-09-09,1687.13,Partial
1784,1319,2024-11-24,1478.77,Full
1785,3881,2022-07-10,768.72,Full
1786,4633,2023-03-12,1399.55,Partial
1787,3670,2023-02-10,1377.01,Minimum
1788,3287,2022-06-06,1049.54,Minimum
1789,3162,2022-01-04,1437.38,Minimum
1790,1234,2023-08-01,625.46,Minimum
1791,4555,2022-11-22,815.09,Minimum
1792,3108,2024-01-16,94.31,Full
1793,1849,2022-02-27,403.17,Full
1794,636,2022-09-01,1481.98,Partial
1795,1783,2023-06-30,1564.78,Partial
1796,231,2024-01-22,1658.72,Full
1797,215,2022-06-04,1959.27,Full
1798,171,2022-10-24,1844.44,Partial
1799,193,2023-06-26,909.65,Partial
1800,2947,2023-11-07,1910.29,Full
1801,3537,2024-07-12,1172.07,Full
1802,2577,2023-09-04,241.1,Minimum
1803,4222,2022-07-28,1586.83,Minimum
1804,4327,2022-02-13,1117.6,Minimum
1805,2756,2022-10-19,789.48,Minimum
1806,4101,2024-10-20,1516.31,Partial
1807,182,2023-11-28,1160.68,Full
1808,1337,2024-06-14,1667.91,Full
1809,3678,2024-12-24,1329.31,Partial
1810,906,2022-11-09,1493.26,Minimum
1811,3878,2022-03-04,788.25,Minimum
1812,1667,2024-12-23,1631.36,Minimum
1813,4361,2024-10-03,175.35,Full
1814,1080,2022-12-24,1556.07,Full
1815,3657,2022-07-11,1868.86,Full
1816,4707,2022-12-03,533.36,Partial
1817,4707,2022-11-07,1704.37,Minimum
1818,2565,2024-01-02,970.41,Minimum
1819,4104,2022-11-15,1972.57,Full
1820,3089,2023-12-21,1814.25,Partial
1821,102,2022-01-16,1699.82,Full
1822,1976,2023-11-30,1160.05,Minimum
1823,3129,2022-08-21,1985.63,Minimum
1824,1107,2022-04-17,254.89,Partial
1825,1293,2024-12-01,582.41,Full
1826,933,2022-05-15,1744.0,Partial
1827,2350,2023-05-14,635.55,Full
1828,2979,2022-06-13,1347.83,Full
1829,4476,2022-04-02,1747.33,Full
1830,452,2022-01-17,1586.11,Minimum
1831,3801,2024-09-21,1528.98,Full
1832,2137,2022-06-04,1712.66,Full
1833,3761,2022-01-20,441.05,Full
1834,3229,2023-05-26,36.88,Minimum
1835,2185,2024-12-30,1615.96,Partial
1836,150,2024-03-11,1438.39,Minimum
1837,987,2023-08-13,1772.32,Minimum
1838,1557,2023-05-08,583.81,Minimum
1839,4784,2024-03-02,1955.02,Full
1840,4445,2023-11-02,247.21,Partial
1841,389,2024-07-27,346.19,Minimum
1842,2703,2024-08-02,1039.16,Minimum
1843,4421,2024-12-27,1446.68,Partial
1844,1867,2022-01-09,963.87,Minimum
1845,2620,2022-08-26,1133.61,Partial
1846,393,2023-07-24,501.01,Full
1847,4027,2024-06-16,557.77,Full
1848,847,2022-08-02,1651.55,Partial
1849,4149,2024-09-08,550.51,Partial
1850,3691,2023-08-10,923.16,Full
1851,4391,2022-11-10,1892.6,Minimum
1852,3116,2023-08-02,460.73,Full
1853,1766,2024-04-19,1151.61,Minimum
1854,3490,2022-12-14,1600.83,Full
1855,2525,2022-12-15,1041.54,Full
1856,1163,2022-02-24,1585.98,Partial
1857,3734,2022-12-05,1221.88,Partial
1858,1420,2022-12-25,507.43,Partial
1859,4136,2023-01-02,875.24,Minimum
1860,18,2024-07-25,1711.82,Minimum
1861,3337,2024-05-31,989.25,Full
1862,1297,2022-09-28,1473.46,Full
1863,1045,2022-06-05,1622.9,Minimum
1864,31,2023-12-16,1156.09,Full
1865,845,2024-02-05,1139.53,Minimum
1866,2924,2024-04-23,105.57,Partial
1867,845,2023-11-03,1070.49,Full
1868,4690,2023-03-14,535.8,Minimum
1869,2486,2024-06-26,565.05,Partial
1870,3869,2023-01-25,135.08,Full
1871,4954,2024-07-09,447.13,Partial
1872,3589,2023-12-31,1405.4,Full
1873,3962,2022-08-12,1774.76,Minimum
1874,1314,2022-02-25,876.7,Partial
1875,505,2022-08-18,855.14,Minimum
1876,794,2024-07-30,1554.21,Partial
1877,1987,2022-02-28,143.05,Partial
1878,1755,2024-10-26,1852.51,Minimum
1879,3285,2022-10-14,140.5,Full
1880,4157,2023-10-27,306.74,Minimum
1881,3291,2022-02-08,343.92,Full
1882,3707,2024-09-23,1772.28,Minimum
1883,1024,2022-12-13,1158.98,Minimum
1884,283,2023-03-30,1167.6,Minimum
1885,838,2023-02-10,1782.95,Full
1886,2726,2022-12-24,1636.25,Minimum
1887,4826,2024-03-17,1988.53,Full
1888,4051,2024-02-07,1622.13,Partial
1889,538,2023-06-19,1231.3,Partial
1890,4392,2023-03-02,137.32,Minimum
1891,1829,2023-04-12,421.6,Full
1892,3885,2023-12-16,1382.43,Minimum
1893,3612,2023-12-24,1189.21,Partial
1894,844,2023-02-12,329.99,Full
1895,4731,2023-01-27,708.31,Full
1896,3342,2024-02-18,1883.67,Minimum
1897,197,2022-09-21,1399.94,Full
1898,2078,2022-09-02,455.04,Full
1899,2014,2024-06-05,1521.14,Minimum
1900,1167,2022-05-01,175.72,Minimum
1901,1081,2023-04-06,1659.0,Full
1902,2761,2023-10-03,1903.3,Partial
1903,1096,2023-08-08,1284.12,Minimum
1904,537,2022-07-18,362.6,Partial
1905,3367,2024-04-17,88.27,Minimum
1906,1374,2024-10-01,1225.69,Partial
1907,4376,2024-03-19,253.82,Full
1908,3410,2023-02-01,1928.94,Partial
1909,3257,2022-06-27,1159.46,Partial
1910,4258,2024-11-15,856.72,Partial
1911,4818,2025-01-01,31.95,Minimum
1912,3658,2024-07-14,1422.04,Full
1913,2997,2022-04-06,1270.53,Full
1914,1308,2024-10-02,905.87,Minimum
1915,1695,2022-11-13,1773.8,Full
1916,3558,2022-12-21,830.95,Full
1917,4331,2023-12-21,494.86,Full
1918,4969,2022-10-29,1331.99,Minimum
1919,2152,2023-04-27,1831.91,Full
1920,4417,2022-07-06,1951.28,Minimum
1921,1076,2024-09-25,27.89,Minimum
1922,3645,2024-05-24,681.8,Minimum
1923,3114,2022-02-15,956.56,Full
1924,1205,2023-12-14,1483.22,Minimum
1925,4079,2023-02-13,787.83,Minimum
1926,2438,2022-05-09,1101.31,Full
1927,259,2024-04-30,788.5,Partial
1928,4450,2022-09-24,108.43,Partial
1929,3616,2023-05-31,970.9,Full
1930,375,2024-03-18,1842.34,Partial
1931,1843,2023-01-31,860.85,Partial
1932,1096,2023-05-19,1159.81,Partial
1933,2486,2022-08-15,68.35,Partial
1934,2879,2022-12-09,1571.87,Partial
1935,2972,2022-05-23,1882.79,Full
1936,3171,2023-06-02,1977.72,Minimum
1937,3909,2024-04-03,579.03,Minimum
1938,2306,2024-03-20,481.57,Minimum
1939,267,2024-05-26,1717.93,Partial
1940,535,2024-10-29,1896.42,Full
1941,550,2022-03-04,1881.01,Minimum
1942,4552,2023-01-12,198.81,Minimum
1943,4415,2023-08-27,870.67,Partial
1944,4734,2022-12-06,338.66,Full
1945,968,2023-11-15,834.56,Minimum
1946,2342,2024-10-10,783.99,Minimum
1947,86,2022-10-12,1124.63,Full
1948,120,2023-04-07,705.67,Minimum
1949,893,2023-11-02,807.47,Minimum
1950,2769,2024-05-17,213.63,Minimum
1951,857,2022-06-05,323.79,Full
1952,4327,2024-02-11,1626.92,Partial
1953,4265,2024-07-31,1118.31,Partial
1954,1338,2023-01-30,701.49,Minimum
1955,2330,2023-12-20,1407.12,Minimum
1956,3392,2024-04-26,931.71,Partial
1957,1379,2023-12-02,1986.95,Minimum
1958,4146,2024-06-08,899.83,Full
1959,4084,2022-01-14,1958.15,Full
1960,3056,2023-02-10,77.08,Partial
1961,3152,2023-03-26,1236.69,Partial
1962,4469,2022-11-17,114.31,Partial
1963,4965,2024-01-15,1381.69,Minimum
1964,4595,2023-02-02,1251.09,Partial
1965,212,2024-11-24,839.53,Partial
1966,1082,2024-01-05,1083.77,Full
1967,91,2022-04-12,410.32,Partial
1968,3553,2024-11-24,669.26,Minimum
1969,65,2024-04-01,559.87,Partial
1970,4992,2024-08-16,36.24,Full
1971,1495,2024-12-13,384.29,Partial
1972,3024,2022-08-16,1367.57,Partial
1973,3466,2023-05-04,253.16,Minimum
1974,4575,2024-05-24,1053.07,Minimum
1975,108,2024-10-30,1514.39,Minimum
1976,3798,2023-03-31,1616.45,Full
1977,301,2023-04-06,1842.47,Minimum
1978,1556,2022-08-25,979.21,Partial
1979,2373,2024-06-01,1033.72,Partial
1980,150,2022-04-25,1747.36,Full
1981,3297,2023-10-26,1392.48,Minimum
1982,3291,2023-08-10,1263.93,Minimum
1983,1729,2024-12-27,637.93,Partial
1984,1453,2024-03-13,1869.03,Minimum
1985,3219,2023-11-12,1418.02,Minimum
1986,4625,2022-05-04,1598.43,Full
1987,3564,2023-12-11,681.95,Minimum
1988,1526,2022-04-17,418.98,Minimum
1989,3177,2022-01-11,1097.99,Full
1990,2346,2024-04-10,1633.22,Partial
1991,2302,2024-12-15,648.09,Minimum
1992,3046,2024-11-20,1871.7,Partial
1993,3559,2023-04-11,776.42,Partial
1994,2381,2022-08-02,1423.32,Partial
1995,4956,2023-05-30,1475.73,Partial
1996,1323,2022-12-12,1442.48,Partial
1997,2778,2022-12-14,1066.89,Partial
1998,87,2023-05-21,1628.59,Full
1999,4574,2023-09-13,1452.0,Full
2000,3942,2024-06-01,1522.27,Minimum
2001,3143,2023-07-19,1835.03,Minimum
2002,1158,2023-01-26,703.56,Full
2003,3994,2022-03-17,1926.0,Minimum
2004,3333,2022-07-28,1841.22,Minimum
2005,1156,2022-04-19,1547.99,Minimum
2006,4149,2024-07-01,1109.57,Partial
2007,3007,2022-06-24,30.99,Minimum
2008,4116,2022-12-07,1519.03,Partial
2009,2359,2024-01-25,1840.49,Minimum
2010,1424,2022-01-07,904.15,Full
2011,1648,2022-02-09,455.49,Full
2012,3094,2022-05-11,1484.44,Partial
2013,1797,2024-10-20,1211.16,Full
2014,4568,2023-03-12,1997.53,Minimum
2015,3467,2022-07-06,375.82,Full
2016,1592,2023-09-19,646.03,Partial
2017,1153,2022-02-17,1709.35,Full
2018,805,2024-10-07,1327.57,Minimum
2019,1522,2023-01-28,1655.2,Full
2020,949,2023-03-03,1391.06,Minimum
2021,4181,2023-01-13,461.17,Minimum
2022,473,2022-07-15,1215.26,Partial
2023,561,2024-10-10,1879.03,Partial
2024,4290,2023-12-27,1314.39,Minimum
2025,1754,2024-04-13,1298.46,Partial
2026,3336,2024-04-03,1654.56,Minimum
2027,2758,2024-06-08,1416.97,Partial
2028,2028,2024-01-05,1615.6,Partial
2029,3260,2022-09-07,601.0,Full
2030,4338,2022-09-14,1060.94,Full
2031,907,2024-01-20,1746.88,Partial
2032,1037,2024-01-21,1291.22,Full
2033,3091,2023-04-08,673.02,Full
2034,208,2023-08-17,578.45,Minimum
2035,3908,2022-04-04,1535.56,Minimum
2036,2678,2024-12-06,1389.25,Minimum
2037,1998,2024-03-12,991.31,Partial
2038,3521,2024-12-11,413.11,Full
2039,1185,2023-05-03,601.36,Minimum
2040,1347,2022-08-16,1765.56,Full
2041,1579,2022-07-18,696.89,Full
2042,2032,2024-01-10,1040.11,Full
2043,2096,2024-02-17,656.22,Partial
2044,336,2023-08-15,1576.6,Minimum
2045,1308,2022-02-27,410.11,Partial
2046,4954,2024-07-13,1664.97,Full
2047,4870,2022-02-01,913.56,Minimum
2048,585,2022-11-09,889.81,Partial
2049,405,2022-04-08,1846.48,Partial
2050,232,2024-12-30,501.46,Full
2051,1701,2024-06-03,1558.18,Minimum
2052,3369,2022-05-17,1930.75,Minimum
2053,1762,2022-09-28,1916.41,Minimum
2054,3600,2023-03-13,1501.75,Partial
2055,3670,2024-06-21,551.38,Minimum
2056,4081,2024-09-21,1792.75,Full
2057,2001,2024-11-16,833.82,Minimum
2058,1372,2022-02-10,782.32,Minimum
2059,746,2024-09-13,793.1,Minimum
2060,4690,2022-09-01,140.11,Minimum
2061,563,2022-08-11,724.98,Partial
2062,342,2024-09-24,1845.19,Partial
2063,3696,2024-09-19,551.82,Full
2064,306,2023-02-01,617.09,Minimum
2065,867,2024-03-27,1555.44,Full
2066,4644,2024-07-18,143.17,Minimum
2067,935,2024-11-30,1653.09,Full
2068,2477,2024-05-17,1716.83,Full
2069,4838,2023-12-04,303.66,Minimum
2070,4393,2023-01-09,485.93,Full
2071,2461,2024-05-06,1443.57,Partial
2072,738,2023-10-28,951.88,Minimum
2073,52,2022-08-28,640.91,Full
2074,321,2023-03-30,805.61,Full
2075,4705,2022-12-29,1557.3,Minimum
2076,1215,2023-07-01,262.05,Partial
2077,3226,2022-07-28,1569.73,Partial
2078,780,2022-02-04,553.73,Minimum
2079,742,2023-09-21,1545.17,Minimum
2080,2072,2022-12-18,1909.58,Full
2081,138,2023-05-26,1868.97,Minimum
2082,4516,2022-08-20,1976.12,Minimum
2083,3580,2023-03-30,451.87,Minimum
2084,681,2023-07-18,1942.24,Partial
2085,2207,2024-11-14,406.36,Partial
2086,2084,2023-06-28,117.07,Partial
2087,176,2023-06-09,360.13,Full
2088,2900,2024-02-09,62.87,Minimum
2089,283,2024-03-19,30.9,Minimum
2090,4519,2024-01-29,1216.8,Full
2091,4634,2023-01-05,107.94,Partial
2092,1062,2022-11-21,599.59,Partial
2093,3614,2024-07-09,912.45,Full
2094,671,2022-03-19,460.34,Full
2095,3229,2023-03-31,1907.02,Partial
2096,76,2024-05-21,628.61,Full
2097,2712,2023-11-16,65.82,Full
2098,1522,2024-06-08,815.67,Full
2099,3670,2022-07-01,244.33,Minimum
2100,4536,2023-03-23,1703.3,Partial
2101,4864,2023-06-09,1079.89,Partial
2102,224,2022-08-12,201.23,Minimum
2103,1230,2023-10-16,743.86,Minimum
2104,3963,2024-09-12,757.45,Partial
2105,2215,2022-11-21,1541.18,Minimum
2106,57,2024-02-07,1943.11,Full
2107,2118,2022-02-15,632.84,Minimum
2108,2878,2024-06-19,449.97,Full
2109,3428,2023-08-12,1493.74,Partial
2110,1509,2024-12-17,1034.73,Minimum
2111,2537,2023-06-06,1478.4,Minimum
2112,4182,2024-01-10,125.85,Partial
2113,3857,2024-06-26,1994.07,Partial
2114,394,2023-01-06,978.84,Full
2115,3171,2022-09-17,1673.18,Full
2116,4637,2023-05-19,374.63,Minimum
2117,1211,2024-04-10,330.43,Full
2118,4032,2023-01-27,730.4,Full
2119,4734,2022-05-05,500.79,Minimum
2120,754,2024-07-19,341.16,Minimum
2121,4819,2023-01-03,208.53,Minimum
2122,4011,2024-02-16,227.41,Minimum
2123,476,2022-04-19,346.98,Partial
2124,2497,2022-07-18,220.37,Minimum
2125,3087,2024-10-20,1118.45,Full
2126,2769,2023-01-05,1699.41,Full
2127,2808,2022-04-10,1712.09,Partial
2128,2811,2024-08-16,1897.79,Partial
2129,1640,2024-09-09,842.89,Minimum
2130,2940,2022-07-01,1640.83,Full
2131,18,2023-09-28,1428.0,Partial
2132,2461,2022-04-17,1839.43,Full
2133,1229,2022-01-05,1230.75,Minimum
2134,2027,2023-01-07,405.24,Minimum
2135,4728,2022-09-28,1630.02,Partial
2136,3667,2022-02-07,402.48,Partial
2137,2401,2024-07-22,879.99,Minimum
2138,2063,2024-10-12,1426.84,Minimum
2139,802,2024-11-11,1771.87,Minimum
2140,1956,2023-04-21,580.5,Minimum
2141,3154,2024-01-01,320.0,Partial
2142,143,2023-03-17,1238.29,Minimum
2143,453,2022-06-17,791.85,Full
2144,3622,2024-06-07,1297.13,Partial
2145,2874,2022-04-04,1694.59,Full
2146,3579,2024-01-21,996.5,Partial
2147,122,2022-07-05,180.06,Full
2148,1867,2023-12-27,1865.46,Minimum
2149,2294,2024-05-26,600.7,Full
2150,2450,2024-09-17,1944.24,Full
2151,1301,2023-03-29,1687.24,Full
2152,2090,2022-08-27,659.72,Full
2153,3533,2023-02-25,852.55,Minimum
2154,4442,2022-01-25,171.21,Minimum
2155,3260,2023-01-19,1570.45,Minimum
2156,899,2022-01-21,635.82,Partial
2157,2431,2023-08-09,357.54,Minimum
2158,1069,2024-11-15,1628.92,Full
2159,2646,2024-02-12,1692.17,Minimum
2160,2822,2024-12-14,747.16,Full
2161,3009,2024-08-21,528.63,Minimum
2162,148,2024-06-11,1321.24,Minimum
2163,1209,2023-04-30,600.44,Full
2164,2361,2024-11-24,1027.54,Partial
2165,4745,2022-04-11,1292.12,Minimum
2166,911,2023-02-27,1242.67,Partial
2167,1719,2023-01-09,1405.24,Partial
2168,3597,2023-12-18,743.39,Full
2169,900,2023-10-21,1087.64,Partial
2170,787,2022-08-13,333.43,Full
2171,2799,2023-09-06,362.58,Partial
2172,557,2023-10-22,1168.26,Partial
2173,1949,2023-10-29,585.94,Partial
2174,1079,2024-03-01,22.44,Minimum
2175,721,2022-12-19,1615.6,Full
2176,4506,2023-10-08,331.96,Full
2177,649,2023-09-20,1118.0,Full
2178,4971,2024-01-01,897.6,Full
2179,3082,2024-05-16,388.89,Minimum
2180,3240,2022-08-26,1039.27,Partial
2181,2090,2022-04-20,1395.53,Full
2182,2102,2023-04-08,589.98,Full
2183,1615,2022-10-31,1468.46,Full
2184,322,2024-12-09,1715.5,Partial
2185,2998,2022-09-21,1075.87,Partial
2186,182,2022-12-28,154.65,Partial
2187,1853,2023-03-19,50.2,Minimum
2188,4020,2022-12-14,441.0,Minimum
2189,1594,2024-04-19,1977.35,Minimum
2190,3999,2024-06-20,1143.2,Partial
2191,4980,2022-10-15,1327.71,Partial
2192,3095,2022-02-03,1315.34,Full
2193,1113,2024-04-28,729.16,Partial
2194,2531,2023-02-06,287.89,Full
2195,4411,2024-09-29,1307.77,Partial
2196,3998,2024-08-01,1747.09,Minimum
2197,1484,2022-06-01,1020.23,Minimum
2198,2412,2022-09-06,1070.23,Partial
2199,3917,2023-11-17,1580.68,Full
2200,2069,2024-11-16,1491.01,Full
2201,2108,2022-09-14,1130.42,Full
2202,2794,2023-11-27,105.51,Minimum
2203,2392,2022-09-23,1109.81,Partial
2204,3683,2024-12-04,984.38,Minimum
2205,3515,2022-06-21,306.16,Full
2206,4641,2024-10-15,1877.88,Partial
2207,2249,2023-11-23,986.03,Full
2208,1621,2023-03-04,581.94,Partial
2209,4294,2024-06-16,903.22,Minimum
2210,1004,2023-01-28,1264.53,Minimum
2211,3038,2022-06-14,845.77,Minimum
2212,1298,2024-09-06,1338.4,Full
2213,2122,2022-07-09,1288.05,Partial
2214,3832,2022-09-24,796.57,Partial
2215,1102,2023-07-29,271.97,Minimum
2216,4282,2023-10-04,608.92,Full
2217,3117,2023-04-05,1235.45,Partial
2218,3644,2024-04-21,851.83,Partial
2219,1084,2022-05-05,782.29,Full
2220,4131,2023-06-07,1569.59,Full
2221,1085,2022-04-13,633.24,Full
2222,1194,2022-03-27,1750.88,Partial
2223,4851,2024-08-06,1433.81,Minimum
2224,1840,2022-08-15,434.82,Minimum
2225,4751,2023-07-13,798.65,Partial
2226,3960,2023-04-23,69.31,Partial
2227,1736,2024-06-21,1051.84,Partial
2228,3792,2023-03-07,1741.71,Minimum
2229,940,2022-06-19,558.71,Full
2230,678,2022-11-18,111.3,Full
2231,798,2023-06-12,1155.36,Partial
2232,2627,2024-02-21,253.42,Partial
2233,1241,2022-08-01,1016.89,Minimum
2234,591,2024-08-06,710.73,Partial
2235,2888,2024-08-16,246.5,Partial
2236,2252,2023-04-17,1166.41,Full
2237,4794,2022-08-03,505.67,Partial
2238,4487,2024-03-18,1601.49,Full
2239,4788,2022-09-06,68.4,Partial
2240,3704,2023-09-14,791.38,Minimum
2241,3737,2022-04-17,697.54,Minimum
2242,862,2023-04-01,1272.39,Minimum
2243,1106,2023-09-27,148.77,Full
2244,4170,2024-03-12,847.64,Full
2245,4648,2024-11-18,997.45,Minimum
2246,1021,2022-07-15,1458.02,Partial
2247,1557,2022-09-29,755.58,Minimum
2248,1244,2024-02-24,393.52,Minimum
2249,226,2023-12-12,1243.96,Full
2250,132,2022-05-09,1635.22,Partial
2251,2017,2023-04-14,545.51,Full
2252,2601,2024-06-17,376.5,Minimum
2253,4913,2023-04-04,677.74,Full
2254,1951,2023-09-07,1242.35,Full
2255,2249,2023-12-28,224.62,Partial
2256,546,2022-11-03,1667.73,Partial
2257,2473,2022-08-23,1188.82,Minimum
2258,1321,2024-12-07,1871.85,Partial
2259,4860,2022-04-04,1286.63,Full
2260,4565,2023-09-02,314.93,Partial
2261,4158,2022-08-19,640.33,Full
2262,2629,2024-10-06,807.12,Minimum
2263,4273,2022-07-12,277.15,Partial
2264,330,2024-08-25,406.34,Full
2265,773,2023-05-01,777.31,Full
2266,3208,2023-03-12,1332.94,Minimum
2267,2670,2024-06-04,867.01,Full
2268,4848,2022-12-10,825.84,Partial
2269,1413,2022-09-11,235.68,Partial
2270,4738,2024-10-31,986.6,Full
2271,2623,2024-08-13,866.8,Full
2272,2592,2023-04-03,385.18,Full
2273,3094,2024-08-02,1994.04,Partial
2274,1862,2023-04-14,721.55,Minimum
2275,1788,2024-12-25,1711.73,Partial
2276,4604,2022-04-01,1808.48,Partial
2277,4320,2023-02-14,1665.66,Full
2278,4636,2022-08-31,587.7,Full
2279,2208,2023-07-09,612.81,Partial
2280,4521,2024-09-16,1695.6,Partial
2281,631,2022-02-21,1331.33,Minimum
2282,3871,2024-02-11,984.42,Partial
2283,3166,2022-06-09,1032.15,Partial
2284,1214,2023-02-23,1032.16,Minimum
2285,1588,2024-11-20,158.09,Partial
2286,1558,2022-01-03,1449.28,Full
2287,2355,2024-12-15,1313.1,Full
2288,4933,2022-06-01,614.23,Minimum
2289,2928,2022-12-23,287.68,Minimum
2290,1769,2022-07-23,1473.35,Partial
2291,4090,2024-02-29,265.77,Minimum
2292,4884,2022-10-01,1492.41,Partial
2293,3085,2022-08-30,1418.43,Minimum
2294,1078,2023-06-24,315.25,Partial
2295,4078,2024-05-19,1225.27,Partial
2296,2691,2023-11-22,1243.39,Full
2297,339,2022-01-19,1071.03,Minimum
2298,632,2023-08-09,712.48,Full
2299,3729,2024-07-29,1442.42,Minimum
2300,613,2022-05-07,1900.24,Partial
2301,1181,2023-10-10,49.29,Minimum
2302,963,2024-10-19,1142.83,Full
2303,3366,2024-10-02,1058.9,Partial
2304,249,2024-06-04,806.5,Full
2305,2981,2024-02-05,1421.36,Partial
2306,2157,2023-08-30,1677.43,Full
2307,2601,2023-10-15,425.61,Partial
2308,1918,2024-10-22,938.36,Full
2309,1597,2023-03-03,204.41,Minimum
2310,1096,2024-09-15,1549.75,Full
2311,1260,2022-04-25,1930.23,Minimum
2312,2258,2024-08-27,1928.6,Full
2313,3251,2024-10-11,148.1,Full
2314,1181,2024-10-04,1968.22,Minimum
2315,1380,2024-02-07,959.52,Partial
2316,4612,2024-12-15,1240.74,Full
2317,425,2024-06-08,943.66,Full
2318,4487,2024-12-26,1550.81,Full
2319,4517,2022-09-29,891.95,Minimum
2320,4543,2022-08-13,411.27,Partial
2321,811,2023-11-09,1997.31,Full
2322,2672,2024-02-10,1795.78,Full
2323,1996,2024-12-23,66.95,Partial
2324,3676,2022-07-07,1038.77,Minimum
2325,3437,2023-08-14,1690.92,Partial
2326,2067,2023-09-23,351.01,Full
2327,3188,2022-12-15,1869.52,Minimum
2328,1957,2023-08-05,934.7,Minimum
2329,3559,2024-12-12,692.94,Minimum
2330,4173,2024-03-13,1789.75,Minimum
2331,2765,2024-06-17,1045.99,Minimum
2332,1253,2022-10-31,344.43,Minimum
2333,337,2024-07-02,432.44,Partial
2334,1802,2022-08-19,1582.45,Minimum
2335,4010,2023-11-08,261.07,Minimum
2336,4647,2023-02-13,1830.25,Partial
2337,1984,2023-05-27,1778.21,Minimum
2338,2449,2023-06-24,376.57,Full
2339,4305,2022-03-26,1625.72,Full
2340,1658,2022-08-10,383.49,Minimum
2341,2101,2024-06-09,397.18,Full
2342,1628,2024-03-18,65.41,Minimum
2343,4654,2024-03-08,61.53,Minimum
2344,1113,2024-07-18,1642.22,Minimum
2345,3833,2024-08-19,1129.22,Partial
2346,4225,2024-04-17,1065.82,Minimum
2347,243,2024-05-24,1335.56,Full
2348,4643,2023-12-26,1884.75,Full
2349,1982,2024-01-29,1276.2,Minimum
2350,728,2022-08-30,930.19,Minimum
2351,4082,2022-05-17,1054.27,Full
2352,3023,2022-11-13,1307.94,Full
2353,1004,2024-12-14,735.51,Partial
2354,3206,2022-12-13,880.11,Partial
2355,1333,2022-10-04,222.79,Minimum
2356,252,2022-10-16,898.39,Minimum
2357,3930,2024-10-14,1971.21,Partial
2358,2671,2023-06-08,522.11,Partial
2359,2497,2023-02-21,898.09,Minimum
2360,2790,2023-10-01,1482.26,Full
2361,4699,2023-12-02,484.67,Minimum
2362,2590,2024-02-17,1929.53,Minimum
2363,1725,2024-11-19,1497.51,Partial
2364,2128,2023-03-11,1625.71,Partial
2365,2354,2022-01-09,1020.31,Minimum
2366,4825,2023-09-26,560.69,Partial
2367,876,2024-02-16,1713.22,Full
2368,749,2023-06-18,1314.09,Partial
2369,101,2024-10-29,1873.94,Partial
2370,4342,2022-05-15,301.63,Full
2371,1600,2022-10-07,1051.98,Partial
2372,96,2023-11-14,972.51,Minimum
2373,3631,2022-10-28,615.09,Minimum
2374,1817,2023-01-11,888.25,Full
2375,2828,2024-06-26,206.39,Minimum
2376,3522,2023-12-07,1583.91,Partial
2377,4743,2023-04-06,964.18,Partial
2378,624,2022-01-31,63.33,Partial
2379,198,2022-01-05,758.92,Partial
2380,1762,2024-12-27,1343.58,Partial
2381,4061,2023-06-03,1155.02,Partial
2382,150,2023-04-26,1273.02,Minimum
2383,2037,2023-12-04,476.15,Partial
2384,4303,2023-11-20,1488.64,Full
2385,712,2022-12-18,1371.43,Full
2386,1948,2022-08-22,1086.85,Full
2387,2233,2024-08-17,1902.83,Minimum
2388,2463,2024-04-25,1917.7,Partial
2389,3315,2022-03-24,495.95,Minimum
2390,1152,2022-01-05,1308.51,Partial
2391,4328,2022-03-08,808.8,Minimum
2392,3935,2023-06-22,812.48,Minimum
2393,3018,2022-01-23,1105.25,Minimum
2394,4322,2022-03-15,24.39,Partial
2395,1035,2024-11-13,716.36,Partial
2396,2777,2023-11-25,1381.22,Partial
2397,1032,2023-03-04,1756.83,Partial
2398,2921,2024-05-12,1118.03,Full
2399,1088,2024-03-28,585.56,Minimum
2400,2439,2024-03-08,1093.29,Partial
2401,3704,2024-02-05,331.16,Full
2402,1603,2024-12-16,269.96,Partial
2403,1698,2024-03-26,1370.03,Minimum
2404,2056,2023-11-22,217.14,Partial
2405,1075,2022-06-15,1567.57,Minimum
2406,3187,2024-10-19,895.42,Full
2407,113,2024-07-18,1770.56,Minimum
2408,4440,2024-07-01,539.2,Partial
2409,3265,2024-04-15,668.61,Minimum
2410,2303,2022-04-05,1854.96,Full
2411,1921,2022-11-05,44.53,Minimum
2412,2693,2022-07-18,894.13,Full
2413,1972,2022-11-04,1157.06,Partial
2414,644,2024-06-23,1267.93,Full
2415,2013,2023-08-31,995.24,Full
2416,1936,2022-11-11,1278.66,Partial
2417,1040,2023-03-16,911.41,Partial
2418,267,2023-02-25,929.03,Partial
2419,3809,2022-06-25,1235.71,Full
2420,3697,2024-06-02,465.14,Minimum
2421,3943,2023-04-29,1508.43,Minimum
2422,295,2024-12-03,1527.6,Minimum
2423,4638,2024-10-29,550.04,Minimum
2424,1093,2024-03-08,73.11,Minimum
2425,1721,2022-07-04,967.01,Partial
2426,1290,2024-02-24,1104.06,Partial
2427,1970,2023-12-25,1775.73,Full
2428,457,2022-09-08,904.51,Minimum
2429,3560,2024-07-26,375.91,Minimum
2430,461,2023-09-13,1017.58,Minimum
2431,3903,2022-03-13,1945.77,Full
2432,2746,2024-07-11,1565.4,Minimum
2433,1104,2024-01-18,1586.11,Partial
2434,4306,2023-04-20,1942.82,Minimum
2435,1832,2024-10-15,778.69,Full
2436,4867,2022-05-26,1799.84,Minimum
2437,2969,2023-10-25,185.52,Partial
2438,4246,2024-06-24,646.7,Partial
2439,2635,2022-02-01,1555.66,Partial
2440,1953,2023-03-01,480.48,Minimum
2441,3341,2023-05-14,1176.12,Minimum
2442,1913,2024-10-12,1100.49,Minimum
2443,3911,2022-04-18,1476.91,Minimum
2444,320,2024-12-31,257.2,Partial
2445,442,2022-08-27,1389.94,Partial
2446,1989,2022-10-30,1243.01,Partial
2447,1670,2022-01-11,854.0,Partial
2448,1920,2024-11-13,227.22,Full
2449,161,2024-02-09,236.71,Full
2450,4981,2024-03-28,1863.47,Partial
2451,429,2022-11-20,130.64,Minimum
2452,4490,2022-09-23,994.52,Partial
2453,1103,2023-08-29,403.28,Partial
2454,3584,2022-12-26,729.38,Full
2455,2238,2023-06-07,1987.16,Full
2456,1422,2024-04-18,661.56,Partial
2457,166,2023-10-12,869.91,Minimum
2458,3023,2023-01-03,1681.0,Partial
2459,4293,2022-12-31,394.43,Full
2460,4079,2022-10-14,665.66,Partial
2461,4986,2024-03-07,1459.71,Partial
2462,216,2024-05-12,1096.98,Minimum
2463,4973,2022-04-13,1695.84,Partial
2464,1773,2024-04-20,311.28,Full
2465,1486,2023-11-22,998.33,Full
2466,740,2022-01-07,1964.32,Minimum
2467,1149,2024-06-04,945.37,Partial
2468,2311,2024-11-21,509.46,Partial
2469,800,2024-06-13,1879.11,Partial
2470,606,2024-03-08,1914.38,Minimum
2471,2539,2024-08-13,1672.12,Partial
2472,472,2023-06-07,491.2,Partial
2473,204,2023-02-22,268.63,Partial
2474,1465,2024-09-27,254.18,Partial
2475,68,2023-02-07,714.62,Full
2476,1839,2023-09-07,1902.6,Full
2477,2196,2022-08-01,891.87,Partial
2478,4221,2024-11-11,1945.04,Partial
2479,1655,2024-02-17,674.81,Partial
2480,3186,2022-05-29,414.65,Minimum
2481,1138,2023-09-14,217.76,Minimum
2482,4509,2022-09-21,1375.54,Partial
2483,1797,2024-02-06,845.61,Minimum
2484,2660,2022-05-29,1567.47,Minimum
2485,699,2023-07-23,1304.93,Full
2486,1802,2024-02-04,840.55,Minimum
2487,1701,2022-06-23,1421.05,Partial
2488,4713,2022-11-13,1099.07,Full
2489,3948,2023-03-22,286.17,Full
2490,1633,2022-09-29,1452.23,Minimum
2491,2267,2024-06-10,74.09,Full
2492,3392,2023-11-30,941.7,Minimum
2493,3481,2024-04-27,1113.65,Partial
2494,763,2024-06-19,1689.96,Minimum
2495,4532,2022-01-10,1018.67,Partial
2496,951,2022-11-11,1108.48,Full
2497,3769,2023-11-13,985.9,Partial
2498,2933,2023-11-25,1164.6,Partial
2499,79,2023-04-11,1351.98,Full
2500,3022,2022-05-11,319.0,Minimum
2501,590,2022-03-17,1591.12,Full
2502,201,2024-11-09,806.3,Partial
2503,4025,2022-11-29,375.33,Minimum
2504,4855,2024-07-21,1458.83,Partial
2505,3114,2022-05-16,1468.86,Full
2506,3038,2022-02-13,1037.83,Minimum
2507,4861,2023-05-11,628.12,Minimum
2508,136,2023-12-19,1290.61,Partial
2509,2533,2023-08-05,1188.08,Minimum
2510,4350,2024-07-11,1286.65,Partial
2511,304,2022-05-26,1504.05,Partial
2512,948,2024-06-09,1215.31,Full
2513,2392,2024-11-20,388.4,Partial
2514,3480,2024-02-06,96.0,Minimum
2515,1275,2022-11-07,218.6,Minimum
2516,4957,2023-12-19,1413.87,Minimum
2517,4135,2023-10-22,1699.07,Partial
2518,3136,2023-06-18,25.58,Partial
2519,3205,2022-03-09,775.67,Minimum
2520,2285,2023-12-02,1326.29,Full
2521,4713,2023-08-10,1777.49,Partial
2522,3737,2022-12-07,114.71,Minimum
2523,352,2022-04-15,1317.1,Minimum
2524,1709,2024-06-23,896.12,Full
2525,4118,2022-10-26,202.87,Minimum
2526,3205,2024-06-15,1595.07,Partial
2527,2523,2024-05-06,1422.33,Minimum
2528,2620,2024-12-12,326.64,Minimum
2529,1474,2024-12-14,1597.58,Minimum
2530,4711,2022-04-17,1835.14,Partial
2531,1402,2022-02-18,399.07,Partial
2532,4965,2024-06-12,1165.08,Full
2533,4955,2023-02-28,416.36,Partial
2534,2416,2024-04-27,803.08,Partial
2535,3471,2023-12-04,158.56,Full
2536,3157,2024-08-07,1608.19,Partial
2537,2306,2022-02-24,47.62,Minimum
2538,4473,2022-04-24,1580.93,Partial
2539,2088,2022-05-18,147.32,Full
2540,4595,2022-09-18,1241.6,Full
2541,3369,2023-08-12,1238.65,Minimum
2542,850,2022-12-01,1110.55,Minimum
2543,2862,2023-08-11,262.13,Minimum
2544,2646,2024-11-30,1985.36,Minimum
2545,2221,2022-06-29,1741.72,Minimum
2546,3863,2023-10-13,729.47,Minimum
2547,2751,2023-09-04,1013.96,Minimum
2548,364,2023-12-08,985.74,Minimum
2549,2663,2022-12-30,830.27,Partial
2550,1644,2022-08-17,1628.35,Partial
2551,842,2023-01-24,1108.71,Partial
2552,3568,2022-10-13,682.4,Partial
2553,1224,2023-09-27,1757.75,Partial
2554,406,2024-11-29,1410.52,Minimum
2555,1687,2024-08-16,1813.5,Full
2556,4346,2022-06-07,1538.99,Minimum
2557,3243,2023-02-24,65.26,Minimum
2558,2066,2022-05-19,1931.34,Full
2559,2703,2023-12-06,1325.56,Partial
2560,3971,2024-04-02,501.54,Partial
2561,3079,2022-06-03,819.55,Minimum
2562,2665,2023-09-28,1292.13,Partial
2563,4082,2023-12-18,149.86,Partial
2564,2941,2022-09-29,914.39,Partial
2565,1535,2022-05-28,1393.96,Minimum
2566,4503,2024-08-06,178.23,Full
2567,935,2022-11-29,258.28,Partial
2568,4828,2024-04-14,1557.94,Partial
2569,975,2022-09-13,1250.62,Partial
2570,2991,2024-04-17,1430.26,Minimum
2571,1930,2024-12-31,1370.9,Partial
2572,818,2022-02-24,1127.52,Partial
2573,3721,2023-09-19,95.49,Full
2574,1249,2023-12-12,879.56,Partial
2575,3288,2024-01-18,677.05,Minimum
2576,3112,2023-07-18,1808.99,Partial
2577,2199,2023-11-03,965.12,Minimum
2578,1110,2022-08-03,1534.23,Full
2579,4505,2024-05-25,562.18,Full
2580,1087,2022-05-30,1471.84,Full
2581,4229,2023-01-29,619.56,Partial
2582,1859,2023-01-11,352.72,Minimum
2583,365,2024-10-08,1739.06,Partial
2584,4886,2024-05-17,1199.5,Partial
2585,187,2022-08-13,937.62,Partial
2586,57,2024-06-07,1455.82,Minimum
2587,1335,2022-02-08,1913.56,Full
2588,2784,2024-06-29,1657.34,Full
2589,4626,2023-12-04,45.45,Minimum
2590,1435,2024-09-21,1135.82,Partial
2591,232,2024-09-29,94.19,Minimum
2592,42,2024-06-29,941.08,Full
2593,2749,2024-08-16,1025.74,Full
2594,472,2022-05-15,351.58,Full
2595,2188,2024-08-05,1726.91,Partial
2596,3435,2023-06-27,622.97,Full
2597,3883,2023-12-21,414.9,Full
2598,4820,2023-07-29,463.34,Full
2599,3968,2024-06-08,231.8,Full
2600,2429,2022-01-21,1197.73,Full
2601,4829,2022-12-27,1663.46,Full
2602,4544,2024-12-25,1366.32,Partial
2603,775,2022-01-16,615.43,Full
2604,1571,2022-12-15,883.63,Minimum
2605,3641,2022-11-03,686.26,Full
2606,780,2022-10-14,1816.5,Full
2607,2208,2023-02-01,710.86,Full
2608,3868,2024-05-15,770.58,Full
2609,4063,2024-07-14,339.55,Full
2610,2623,2022-10-19,1296.56,Minimum
2611,3762,2022-09-02,918.36,Minimum
2612,4511,2024-12-05,1213.93,Partial
2613,2649,2022-02-09,1420.88,Minimum
2614,2796,2023-04-04,1869.43,Partial
2615,230,2022-11-04,1259.75,Partial
2616,2992,2022-03-09,781.91,Partial
2617,1951,2022-05-24,1951.39,Full
2618,2208,2024-09-16,1513.19,Full
2619,765,2024-12-22,1160.15,Minimum
2620,3849,2024-05-15,952.52,Full
2621,1469,2024-05-03,74.87,Minimum
2622,457,2022-04-17,1589.97,Full
2623,4531,2024-06-28,1333.4,Partial
2624,4973,2023-04-16,805.87,Full
2625,1438,2023-07-17,290.92,Full
2626,3567,2023-04-21,1930.14,Minimum
2627,4882,2023-12-31,380.55,Minimum
2628,4860,2024-04-04,51.11,Partial
2629,2539,2022-03-22,1560.02,Partial
2630,2342,2023-10-07,700.98,Minimum
2631,4751,2023-09-22,591.06,Partial
2632,2732,2023-01-28,1115.61,Minimum
2633,895,2023-11-07,214.77,Minimum
2634,4375,2024-11-16,1767.12,Minimum
2635,4262,2024-08-10,857.68,Full
2636,1883,2024-05-29,1239.52,Full
2637,4916,2022-08-16,188.73,Full
2638,3919,2023-09-16,1013.47,Minimum
2639,743,2024-06-15,1548.6,Partial
2640,2674,2024-06-06,114.51,Full
2641,1772,2022-09-30,1863.46,Minimum
2642,2388,2024-06-14,1103.46,Partial
2643,4646,2023-07-25,402.11,Full
2644,1921,2022-01-03,876.04,Full
2645,4981,2023-11-17,1193.05,Partial
2646,1773,2022-07-10,131.79,Minimum
2647,2779,2024-02-26,1435.46,Partial
2648,3654,2023-06-17,489.68,Full
2649,2539,2023-06-03,1340.61,Partial
2650,3714,2022-10-09,405.68,Partial
2651,867,2022-10-05,1209.59,Minimum
2652,519,2022-07-25,958.32,Partial
2653,531,2024-10-07,1633.36,Minimum
2654,2926,2022-03-26,1386.24,Partial
2655,1647,2022-05-05,1715.53,Full
2656,395,2022-01-05,675.48,Partial
2657,2960,2023-05-23,269.94,Full
2658,2568,2024-06-20,213.36,Minimum
2659,3357,2023-12-03,1928.96,Partial
2660,3415,2023-02-21,1976.3,Full
2661,3407,2023-02-16,27.4,Full
2662,2024,2023-06-23,986.86,Minimum
2663,2106,2022-09-21,437.96,Minimum
2664,3714,2024-01-15,1225.23,Full
2665,2528,2023-11-07,346.48,Partial
2666,622,2023-06-18,521.27,Partial
2667,3147,2024-08-27,1138.27,Minimum
2668,696,2023-04-01,1189.28,Partial
2669,1941,2022-05-22,1561.39,Partial
2670,4582,2024-01-16,481.4,Full
2671,4604,2023-05-17,1754.6,Full
2672,3970,2022-09-02,638.4,Partial
2673,2710,2024-09-06,839.5,Minimum
2674,2871,2024-05-10,1749.14,Minimum
2675,1206,2022-05-08,1190.04,Full
2676,4138,2022-06-27,182.71,Full
2677,234,2024-03-02,1945.92,Full
2678,3258,2023-08-14,733.74,Minimum
2679,3830,2024-12-22,1364.11,Minimum
2680,3729,2023-08-04,1810.17,Partial
2681,1027,2023-09-13,707.6,Partial
2682,4245,2022-01-03,1815.77,Partial
2683,1984,2022-04-20,1137.25,Partial
2684,3090,2022-12-11,25.79,Partial
2685,2389,2024-03-25,168.43,Partial
2686,3909,2022-09-10,1150.46,Minimum
2687,3904,2024-06-30,1704.31,Minimum
2688,2872,2023-04-30,637.97,Partial
2689,3079,2024-04-16,1129.76,Full
2690,2776,2023-05-08,809.6,Full
2691,594,2024-01-05,291.11,Full
2692,3988,2024-12-26,1143.94,Partial
2693,339,2022-03-19,1318.49,Minimum
2694,3657,2023-02-08,1794.04,Partial
2695,3115,2023-09-16,1314.71,Full
2696,1797,2022-06-03,1876.86,Partial
2697,4023,2022-10-25,1826.18,Minimum
2698,2559,2024-05-14,1861.85,Full
2699,879,2022-01-07,722.37,Minimum
2700,4798,2024-11-24,183.51,Minimum
2701,1784,2023-01-18,1896.51,Minimum
2702,1612,2024-03-16,1164.35,Full
2703,4746,2022-03-27,422.8,Partial
2704,1123,2022-09-24,394.59,Partial
2705,1130,2022-07-02,1123.97,Minimum
2706,125,2022-05-15,1637.37,Full
2707,2847,2022-09-12,312.7,Minimum
2708,4958,2023-03-01,159.89,Partial
2709,3276,2023-08-18,1327.5,Full
2710,4372,2022-03-13,1038.56,Partial
2711,2419,2022-01-26,1376.01,Full
2712,1483,2024-10-18,1170.53,Full
2713,4772,2024-07-02,1532.36,Full
2714,2377,2023-04-02,1692.27,Full
2715,1414,2023-05-11,923.88,Full
2716,644,2023-04-04,1275.76,Minimum
2717,3924,2022-09-01,1404.56,Partial
2718,4470,2023-10-02,587.09,Full
2719,2786,2022-04-30,1708.8,Partial
2720,1460,2023-02-27,385.84,Full
2721,2787,2024-06-26,1606.56,Partial
2722,3327,2023-12-13,140.94,Full
2723,1328,2024-12-17,209.28,Minimum
2724,3995,2024-07-23,1505.87,Minimum
2725,489,2023-08-23,1301.96,Partial
2726,1654,2023-12-12,128.02,Partial
2727,2733,2024-11-05,1657.1,Minimum
2728,863,2023-07-18,426.81,Partial
2729,3780,2024-05-24,1618.19,Full
2730,2963,2022-09-23,1110.22,Partial
2731,4649,2022-08-12,52.15,Full
2732,3564,2024-02-13,497.03,Minimum
2733,3354,2023-04-21,1675.92,Minimum
2734,4954,2022-01-30,255.75,Partial
2735,1882,2022-08-02,1867.41,Full
2736,2644,2024-03-17,953.11,Partial
2737,2770,2022-04-15,209.0,Full
2738,2125,2024-06-04,56.71,Partial
2739,4836,2024-12-18,1914.36,Partial
2740,1519,2023-02-25,338.04,Partial
2741,4417,2022-03-11,1597.74,Partial
2742,80,2022-11-28,1435.51,Minimum
2743,1369,2022-04-02,790.73,Full
2744,3292,2022-12-11,1817.22,Partial
2745,4871,2022-03-08,1153.79,Full
2746,1112,2024-02-07,210.04,Partial
2747,504,2024-05-16,451.74,Minimum
2748,4578,2023-05-03,1405.21,Partial
2749,78,2024-06-23,716.79,Partial
2750,2487,2024-05-10,1819.56,Partial
2751,1101,2023-10-31,1233.8,Partial
2752,3825,2024-01-05,1746.17,Full
2753,259,2024-07-02,1243.11,Minimum
2754,488,2024-09-13,1192.66,Full
2755,2160,2023-10-06,583.07,Partial
2756,391,2023-12-03,472.39,Full
2757,2673,2022-11-25,97.31,Minimum
2758,2533,2023-06-25,211.27,Partial
2759,4999,2022-07-25,1631.38,Partial
2760,2495,2024-12-14,1499.78,Minimum
2761,4582,2023-08-03,120.43,Partial
2762,2611,2023-10-16,489.13,Full
2763,1372,2024-01-11,1514.97,Minimum
2764,4908,2024-01-12,167.02,Partial
2765,4482,2022-05-10,587.03,Full
2766,4270,2024-02-22,472.08,Minimum
2767,3867,2022-02-09,1539.73,Full
2768,4101,2023-12-11,973.07,Partial
2769,3806,2023-01-15,1570.7,Partial
2770,2641,2023-07-24,547.53,Minimum
2771,4032,2022-01-05,1397.21,Minimum
2772,2901,2022-07-03,1025.85,Minimum
2773,4426,2022-05-31,1721.82,Full
2774,1208,2023-10-14,1933.47,Full
2775,4629,2022-05-28,58.98,Minimum
2776,1282,2024-03-22,68.61,Full
2777,943,2023-09-11,1807.66,Full
2778,3028,2023-04-16,514.26,Minimum
2779,2086,2022-04-21,1526.71,Minimum
2780,2249,2022-10-18,190.79,Minimum
2781,4115,2024-09-17,802.17,Full
2782,2714,2024-02-27,1126.87,Partial
2783,1564,2023-12-05,32.98,Full
2784,553,2022-08-05,61.19,Partial
2785,1109,2023-06-22,898.21,Full
2786,2053,2023-03-05,1528.76,Full
2787,1896,2023-08-01,209.58,Full
2788,3774,2023-01-04,262.18,Full
2789,1522,2024-06-20,1193.6,Minimum
2790,2672,2024-12-25,944.81,Minimum
2791,1055,2024-08-02,1853.8,Partial
2792,407,2024-09-28,1019.78,Full
2793,1227,2024-10-19,1882.19,Minimum
2794,2780,2022-02-17,1419.93,Full
2795,2494,2024-02-03,1598.22,Minimum
2796,522,2023-09-22,769.66,Minimum
2797,861,2024-12-11,1458.75,Full
2798,3788,2024-10-25,1984.03,Full
2799,276,2024-08-03,951.41,Minimum
2800,2937,2024-04-17,1228.59,Partial
2801,35,2024-04-21,1114.15,Full
2802,3405,2024-11-01,1348.36,Partial
2803,2868,2023-10-08,628.02,Full
2804,4111,2022-01-01,734.55,Full
2805,3870,2023-12-24,680.73,Partial
2806,42,2023-06-18,1627.44,Full
2807,775,2024-11-26,1714.61,Minimum
2808,2088,2022-02-21,1442.65,Partial
2809,2361,2022-10-28,890.0,Minimum
2810,1272,2023-01-05,1543.62,Partial
2811,1960,2024-08-22,1753.66,Minimum
2812,1451,2023-03-06,806.64,Full
2813,4517,2023-11-02,1644.1,Full
2814,4327,2024-07-04,1691.16,Partial
2815,722,2023-07-06,171.82,Minimum
2816,3407,2023-08-16,1467.0,Partial
2817,206,2024-12-02,1448.11,Partial
2818,3457,2024-12-27,1555.04,Partial
2819,283,2024-07-22,570.73,Minimum
2820,1304,2023-05-16,1988.25,Minimum
2821,4155,2023-08-01,864.94,Full
2822,1849,2024-01-25,1311.05,Minimum
2823,3644,2024-05-04,1134.6,Full
2824,1009,2023-10-10,1783.68,Full
2825,2503,2024-05-25,1024.62,Minimum
2826,3633,2023-06-24,1324.44,Full
2827,4003,2024-07-12,254.58,Full
2828,3405,2023-11-29,1361.54,Full
2829,3316,2023-09-25,105.21,Full
2830,2450,2024-11-01,1964.36,Minimum
2831,3655,2024-10-11,1554.97,Full
2832,1976,2024-02-04,973.57,Full
2833,643,2024-11-11,1621.84,Partial
2834,1108,2022-03-01,258.19,Partial
2835,75,2023-12-12,1729.45,Partial
2836,2074,2023-01-28,59.2,Full
2837,696,2023-12-12,1850.62,Minimum
2838,18,2022-06-26,425.96,Minimum
2839,3780,2023-04-27,1994.17,Full
2840,4953,2022-12-23,1307.37,Full
2841,3440,2023-03-17,953.1,Minimum
2842,1159,2022-12-24,1978.16,Full
2843,1936,2023-05-26,1630.13,Partial
2844,2383,2023-04-04,1357.6,Minimum
2845,4657,2024-03-03,1746.39,Full
2846,978,2023-11-24,1851.39,Full
2847,2440,2022-02-03,1756.25,Full
2848,4060,2023-04-12,112.62,Partial
2849,1690,2024-08-18,1195.06,Partial
2850,3060,2024-05-27,1676.57,Full
2851,1498,2024-08-28,1000.62,Minimum
2852,2222,2022-07-09,51.21,Full
2853,518,2024-02-20,1885.68,Full
2854,2212,2022-04-13,1821.83,Partial
2855,681,2022-02-22,837.74,Full
2856,2762,2024-03-30,1286.45,Partial
2857,4151,2023-04-22,697.28,Full
2858,2179,2022-01-10,1778.97,Full
2859,959,2024-01-22,679.24,Partial
2860,1681,2023-12-12,549.01,Full
2861,4664,2024-01-11,1812.48,Full
2862,4124,2022-09-22,1063.01,Partial
2863,4225,2024-01-15,1252.29,Minimum
2864,3435,2023-01-10,1125.51,Full
2865,2840,2023-10-16,1218.75,Minimum
2866,1021,2024-12-27,560.67,Minimum
2867,1762,2024-02-14,1068.67,Partial
2868,4396,2023-01-21,699.48,Partial
2869,1590,2022-09-22,1309.24,Full
2870,213,2024-03-23,1316.79,Minimum
2871,545,2022-07-05,789.81,Partial
2872,4267,2024-08-09,891.12,Full
2873,4809,2023-11-07,730.13,Minimum
2874,4560,2022-01-01,725.28,Full
2875,865,2023-02-19,1601.91,Minimum
2876,4647,2023-01-01,630.71,Partial
2877,3302,2022-04-02,1972.98,Minimum
2878,4860,2023-11-17,493.83,Full
2879,530,2023-10-27,746.06,Full
2880,2229,2024-11-02,87.95,Full
2881,1557,2022-06-03,966.65,Minimum
2882,44,2024-03-06,1874.75,Minimum
2883,3786,2022-02-03,881.04,Partial
2884,2365,2022-11-28,1795.73,Full
2885,2054,2023-01-25,1093.41,Minimum
2886,1279,2024-04-21,173.74,Full
2887,2461,2024-10-23,1915.18,Full
2888,2193,2023-01-08,1990.98,Minimum
2889,215,2024-08-10,1893.85,Partial
2890,267,2022-02-13,1114.55,Partial
2891,3931,2023-06-18,147.18,Full
2892,1888,2023-09-15,1194.72,Full
2893,1355,2022-03-03,1213.18,Full
2894,3899,2023-03-26,380.56,Minimum
2895,989,2022-03-02,1260.29,Partial
2896,617,2022-05-31,205.29,Partial
2897,2818,2024-11-09,1582.51,Minimum
2898,1432,2022-02-12,1128.9,Partial
2899,3687,2023-02-11,1038.9,Minimum
2900,1702,2022-11-19,1980.26,Full
2901,2637,2024-06-07,1676.39,Partial
2902,4650,2024-02-17,433.97,Partial
2903,3590,2023-11-04,1984.43,Partial
2904,4665,2023-03-07,241.3,Full
2905,992,2024-01-12,42.25,Full
2906,3950,2022-08-01,1557.89,Full
2907,2865,2022-08-09,230.19,Full
2908,35,2023-03-20,853.66,Partial
2909,548,2024-01-30,675.88,Minimum
2910,4897,2022-06-14,520.27,Partial
2911,794,2022-03-28,1432.17,Partial
2912,3867,2024-01-28,390.87,Minimum
2913,4686,2024-05-24,157.89,Full
2914,117,2024-05-03,1115.45,Partial
2915,1781,2023-04-22,917.23,Partial
2916,3272,2024-02-03,770.94,Partial
2917,1184,2024-09-29,1951.39,Partial
2918,1432,2023-01-10,1082.07,Full
2919,981,2022-07-18,88.69,Partial
2920,2085,2022-07-15,1794.25,Full
2921,4924,2022-08-16,1271.0,Minimum
2922,3285,2022-06-07,357.74,Partial
2923,3432,2023-11-15,476.15,Minimum
2924,2541,2022-02-21,1829.96,Partial
2925,1316,2023-05-02,1716.08,Full
2926,1903,2023-08-08,1301.89,Partial
2927,3452,2023-05-23,250.23,Partial
2928,2412,2024-05-16,1472.92,Minimum
2929,4154,2024-06-16,1396.64,Full
2930,1009,2022-02-24,643.84,Full
2931,3881,2024-11-24,1852.2,Minimum
2932,4765,2024-04-10,1335.61,Full
2933,2669,2023-01-24,1901.34,Minimum
2934,393,2024-12-27,1158.99,Partial
2935,927,2024-06-15,1755.73,Minimum
2936,268,2022-01-30,1209.43,Partial
2937,1577,2022-08-23,1160.0,Partial
2938,2267,2023-09-24,561.99,Partial
2939,4815,2023-02-12,1207.09,Partial
2940,3557,2022-07-12,539.92,Full
2941,259,2024-11-05,216.76,Minimum
2942,2107,2024-01-03,548.33,Full
2943,4865,2024-05-21,1817.89,Full
2944,1389,2022-05-29,960.2,Partial
2945,3847,2023-09-12,116.1,Partial
2946,873,2024-02-17,1540.95,Partial
2947,866,2022-01-27,168.8,Partial
2948,4541,2023-07-28,626.56,Partial
2949,3879,2022-05-24,879.24,Partial
2950,1341,2024-02-21,1175.85,Partial
2951,2442,2023-11-16,1618.7,Minimum
2952,4932,2023-12-11,234.76,Partial
2953,3637,2023-07-30,103.16,Full
2954,2671,2022-07-24,682.56,Minimum
2955,1021,2022-05-21,1235.24,Minimum
2956,214,2022-06-09,546.24,Partial
2957,3990,2022-12-21,529.56,Minimum
2958,969,2022-10-31,1019.94,Full
2959,2654,2024-03-22,958.4,Partial
2960,681,2024-04-15,661.16,Minimum
2961,1586,2024-01-25,608.88,Minimum
2962,2562,2024-10-02,746.97,Partial
2963,3137,2022-01-18,1838.23,Partial
2964,1055,2023-03-31,1491.99,Partial
2965,2872,2022-08-08,793.19,Partial
2966,1721,2023-03-02,109.61,Minimum
2967,1230,2023-02-06,621.16,Partial
2968,1794,2023-09-09,124.03,Full
2969,1026,2023-03-02,705.22,Partial
2970,1276,2022-06-08,1700.41,Full
2971,1818,2024-12-23,133.34,Partial
2972,3897,2024-09-09,610.33,Partial
2973,763,2023-04-18,140.26,Full
2974,3276,2024-11-24,705.5,Partial
2975,4405,2023-07-22,789.03,Minimum
2976,2241,2024-12-27,1042.93,Partial
2977,1661,2023-03-11,1144.71,Full
2978,1159,2024-04-21,1360.21,Full
2979,3527,2022-12-06,1170.71,Minimum
2980,2922,2023-01-31,591.0,Minimum
2981,1829,2024-01-29,498.74,Minimum
2982,3662,2023-10-29,44.64,Partial
2983,2023,2023-02-09,1263.29,Minimum
2984,4064,2023-04-19,1717.16,Partial
2985,2816,2023-06-12,608.13,Full
2986,2739,2023-03-11,1716.52,Partial
2987,43,2022-05-06,1185.03,Partial
2988,2173,2024-01-17,1404.74,Minimum
2989,3709,2023-09-30,1516.14,Minimum
2990,2394,2022-03-12,1639.76,Partial
2991,832,2023-01-06,473.62,Full
2992,3683,2022-02-17,576.74,Partial
2993,1356,2024-02-17,1420.65,Partial
2994,353,2023-02-25,328.26,Partial
2995,2483,2023-08-12,1870.87,Partial
2996,2436,2022-02-10,854.22,Full
2997,2517,2022-05-04,1036.58,Partial
2998,3342,2022-10-03,492.27,Minimum
2999,1109,2024-06-21,180.63,Partial
3000,1367,2023-09-30,573.19,Full
3001,1318,2023-11-27,1783.68,Minimum
3002,4278,2024-07-19,1284.6,Partial
3003,654,2023-06-21,987.06,Full
3004,2677,2023-01-01,99.1,Minimum
3005,3640,2022-05-06,472.15,Partial
3006,557,2022-10-06,389.6,Minimum
3007,2316,2024-10-17,361.91,Partial
3008,3373,2022-01-08,1830.81,Minimum
3009,605,2024-01-16,1306.28,Partial
3010,2456,2022-07-28,1683.69,Full
3011,460,2023-12-23,269.55,Minimum
3012,93,2022-02-19,81.93,Partial
3013,3147,2023-12-21,1108.52,Minimum
3014,3507,2024-11-07,739.12,Full
3015,154,2024-11-26,66.52,Full
3016,2853,2022-04-11,1040.51,Minimum
3017,2352,2023-11-06,468.65,Minimum
3018,2417,2024-10-19,1821.93,Full
3019,739,2024-02-19,1754.0,Minimum
3020,1116,2023-10-07,504.69,Full
3021,3025,2022-02-19,847.57,Partial
3022,1469,2024-11-22,1517.31,Full
3023,2508,2024-09-03,922.46,Partial
3024,2845,2024-09-23,1306.02,Minimum
3025,1816,2024-08-21,1822.93,Partial
3026,520,2024-10-04,829.99,Partial
3027,1372,2022-11-23,1571.9,Minimum
3028,1119,2024-10-21,1251.31,Full
3029,2312,2022-07-22,961.68,Partial
3030,2085,2023-10-09,716.22,Minimum
3031,1286,2022-09-22,1847.34,Minimum
3032,4084,2023-03-03,234.24,Partial
3033,238,2022-01-15,1448.26,Minimum
3034,1229,2022-08-22,955.78,Full
3035,4327,2024-05-21,500.06,Full
3036,4867,2024-07-04,26.7,Minimum
3037,179,2024-11-06,537.26,Full
3038,3976,2024-11-12,1168.16,Partial
3039,3292,2024-04-21,1601.47,Full
3040,4212,2023-04-10,1277.09,Partial
3041,3886,2024-01-17,211.75,Partial
3042,2267,2024-12-21,755.47,Partial
3043,987,2023-12-28,145.49,Partial
3044,2749,2023-04-14,1300.68,Full
3045,2303,2024-12-25,1617.6,Partial
3046,623,2022-06-20,1740.27,Partial
3047,4272,2022-04-16,853.24,Full
3048,4674,2023-03-29,1822.23,Partial
3049,3179,2023-06-08,1060.46,Full
3050,2744,2024-03-23,643.91,Minimum
3051,3366,2023-06-06,1861.86,Minimum
3052,3923,2024-08-26,521.53,Partial
3053,944,2022-09-19,809.5,Full
3054,2291,2024-08-31,63.3,Partial
3055,1946,2023-09-04,688.34,Minimum
3056,1910,2024-01-22,279.72,Full
3057,918,2024-10-29,237.48,Minimum
3058,4320,2024-08-23,1309.18,Partial
3059,4001,2024-03-10,902.14,Full
3060,1696,2022-07-26,1152.43,Minimum
3061,475,2023-09-13,570.74,Full
3062,965,2022-01-26,333.67,Minimum
3063,523,2024-05-17,1053.66,Full
3064,4578,2024-03-30,855.34,Partial
3065,807,2023-08-14,1616.54,Minimum
3066,2360,2022-06-11,1123.3,Minimum
3067,51,2022-09-15,926.77,Partial
3068,2632,2024-03-07,777.31,Minimum
3069,1811,2022-04-13,1313.44,Partial
3070,3672,2022-10-27,640.39,Partial
3071,3751,2022-02-21,203.19,Partial
3072,1089,2024-11-20,1355.02,Partial
3073,2130,2024-07-30,469.11,Minimum
3074,4912,2023-06-10,167.7,Full
3075,3557,2022-12-29,1787.95,Minimum
3076,4103,2024-04-16,824.82,Full
3077,4669,2023-08-12,675.73,Minimum
3078,3382,2023-08-08,880.01,Partial
3079,511,2023-04-23,621.01,Minimum
3080,2478,2022-03-10,395.32,Full
3081,2393,2024-03-03,1183.06,Minimum
3082,1521,2022-07-07,439.16,Partial
3083,233,2023-03-16,1030.92,Minimum
3084,1091,2022-01-29,1163.75,Full
3085,3980,2023-07-21,1827.7,Minimum
3086,3278,2023-11-27,328.91,Partial
3087,2414,2022-09-10,1947.13,Minimum
3088,3544,2022-09-26,1826.32,Minimum
3089,4586,2024-12-18,879.04,Partial
3090,2803,2022-04-20,1849.43,Minimum
3091,1570,2024-07-26,1684.33,Partial
3092,1743,2024-01-01,683.05,Partial
3093,845,2022-06-29,1867.61,Partial
3094,1689,2023-04-13,133.35,Full
3095,3266,2023-08-11,344.61,Partial
3096,630,2024-07-17,1190.9,Partial
3097,4642,2023-08-13,35.54,Partial
3098,4065,2024-06-25,1515.95,Full
3099,3747,2022-01-28,1298.63,Minimum
3100,3507,2022-07-24,1818.38,Partial
3101,588,2024-06-23,1092.51,Full
3102,3233,2022-04-17,1632.17,Full
3103,3107,2023-06-24,41.79,Minimum
3104,4652,2022-02-27,803.08,Partial
3105,4418,2023-03-21,646.6,Partial
3106,3828,2024-09-15,173.25,Full
3107,1845,2024-03-01,257.29,Full
3108,1110,2023-09-03,1990.09,Minimum
3109,3856,2024-01-17,127.19,Partial
3110,1453,2022-04-03,1094.42,Full
3111,4682,2022-06-15,618.7,Partial
3112,4389,2022-06-08,1927.55,Minimum
3113,4305,2022-11-26,674.09,Minimum
3114,4815,2023-05-25,700.04,Partial
3115,1311,2022-06-23,1102.14,Full
3116,557,2024-12-03,335.92,Full
3117,2198,2023-05-10,1811.13,Full
3118,2994,2022-04-14,1483.87,Partial
3119,3530,2022-08-26,1769.21,Minimum
3120,4898,2023-08-23,1970.78,Partial
3121,4364,2023-05-06,1962.28,Full
3122,2621,2024-01-29,858.94,Full
3123,4331,2023-03-08,1792.3,Full
3124,3915,2023-01-18,1168.28,Full
3125,1529,2024-01-14,1952.0,Full
3126,4243,2022-08-10,971.23,Minimum
3127,1842,2022-02-08,1000.49,Partial
3128,2892,2024-04-04,1426.58,Full
3129,4519,2022-10-08,157.57,Minimum
3130,3943,2022-06-18,222.59,Full
3131,3093,2022-01-06,1201.59,Minimum
3132,3629,2024-03-08,1385.4,Partial
3133,2896,2023-11-03,1308.25,Full
3134,4207,2022-12-24,1471.82,Partial
3135,2835,2024-07-25,854.4,Partial
3136,3883,2024-03-18,470.7,Partial
3137,3515,2024-11-22,941.76,Full
3138,3252,2022-08-20,203.46,Partial
3139,1382,2024-08-23,1187.49,Partial
3140,3590,2023-12-25,882.41,Partial
3141,1021,2022-08-15,283.82,Partial
3142,4310,2022-09-25,1978.08,Partial
3143,1711,2024-03-18,1828.7,Partial
3144,3393,2024-06-28,1867.98,Minimum
3145,2764,2022-07-08,839.45,Minimum
3146,4798,2022-08-09,1102.46,Partial
3147,3725,2022-05-17,1663.31,Minimum
3148,3736,2024-04-28,1028.25,Full
3149,2349,2024-08-11,890.11,Partial
3150,3190,2022-05-11,1278.72,Minimum
3151,2271,2022-12-22,370.86,Partial
3152,1777,2024-03-20,121.68,Minimum
3153,763,2024-03-22,1766.34,Full
3154,615,2024-12-28,730.44,Minimum
3155,249,2022-10-04,63.91,Partial
3156,2925,2023-10-05,1192.74,Full
3157,4582,2022-09-14,135.5,Partial
3158,354,2024-10-16,1265.72,Minimum
3159,4615,2023-08-22,1183.4,Partial
3160,3219,2022-03-06,627.55,Full
3161,2203,2023-07-10,128.96,Full
3162,3116,2023-03-06,762.24,Partial
3163,583,2023-10-05,162.73,Partial
3164,2757,2023-09-23,855.87,Minimum
3165,3643,2022-10-27,1979.8,Partial
3166,3401,2024-11-14,583.4,Full
3167,4039,2023-01-21,784.92,Partial
3168,4601,2023-11-27,921.24,Full
3169,1714,2022-07-06,176.79,Partial
3170,2056,2022-08-15,825.18,Partial
3171,4408,2022-01-19,1497.01,Minimum
3172,2384,2022-01-12,651.4,Full
3173,645,2023-09-12,1022.0,Minimum
3174,1670,2024-04-25,493.87,Minimum
3175,4872,2022-01-15,1993.3,Full
3176,2560,2024-03-21,970.37,Full
3177,2665,2023-12-26,975.02,Minimum
3178,4291,2023-05-19,1057.24,Minimum
3179,1509,2023-04-21,1369.76,Partial
3180,2551,2022-02-09,1896.25,Minimum
3181,2212,2024-03-19,74.97,Minimum
3182,2580,2024-12-08,495.75,Full
3183,721,2022-01-30,1986.55,Minimum
3184,3758,2023-01-12,675.3,Minimum
3185,24,2023-04-13,419.08,Partial
3186,4735,2022-10-08,1541.8,Partial
3187,547,2024-06-16,857.69,Full
3188,2367,2022-06-15,1750.48,Partial
3189,264,2024-03-18,1628.91,Minimum
3190,2629,2024-08-23,1262.75,Minimum
3191,3460,2024-08-08,1496.29,Minimum
3192,2803,2022-05-27,346.29,Full
3193,583,2023-05-08,1901.08,Partial
3194,209,2022-04-18,857.38,Minimum
3195,2439,2024-12-31,1065.16,Full
3196,3126,2023-07-14,57.07,Minimum
3197,1516,2023-08-15,708.31,Minimum
3198,1059,2022-12-21,1139.47,Minimum
3199,3025,2023-11-26,950.39,Minimum
3200,1564,2023-01-24,1361.44,Minimum
3201,424,2024-02-01,333.27,Minimum
3202,4555,2023-11-19,41.63,Full
3203,2250,2023-07-28,1375.86,Full
3204,2086,2024-09-14,1444.59,Partial
3205,4887,2024-09-16,322.78,Full
3206,180,2023-04-10,1939.94,Partial
3207,2989,2022-11-18,161.49,Full
3208,3542,2023-11-20,1053.6,Partial
3209,64,2024-09-02,1325.38,Partial
3210,381,2023-05-22,1041.04,Full
3211,3852,2022-08-03,1095.28,Minimum
3212,4910,2022-12-31,832.2,Minimum
3213,686,2023-12-27,881.22,Full
3214,3729,2023-02-19,986.42,Minimum
3215,247,2022-02-05,851.66,Partial
3216,2227,2023-08-05,719.24,Minimum
3217,4691,2024-07-24,160.74,Full
3218,825,2022-04-28,1589.5,Partial
3219,4812,2022-12-07,895.69,Minimum
3220,4756,2024-03-31,324.57,Partial
3221,961,2024-03-07,1848.81,Partial
3222,1317,2024-03-31,1184.01,Partial
3223,3457,2024-12-23,624.21,Minimum
3224,409,2023-05-05,1649.37,Partial
3225,74,2022-06-08,1213.99,Partial
3226,724,2024-12-28,1423.89,Minimum
3227,3898,2023-01-27,1148.83,Minimum
3228,747,2024-02-05,1397.96,Full
3229,235,2024-10-19,443.99,Minimum
3230,2587,2024-10-23,466.74,Full
3231,3468,2023-10-18,1623.16,Partial
3232,3337,2022-03-04,1999.14,Minimum
3233,463,2023-03-15,710.13,Full
3234,1383,2023-12-30,560.39,Minimum
3235,1185,2024-12-15,136.41,Minimum
3236,2996,2023-06-27,952.14,Partial
3237,3309,2023-05-24,1797.16,Full
3238,1861,2023-07-31,562.34,Partial
3239,489,2023-11-16,1085.11,Partial
3240,585,2024-04-27,1001.4,Minimum
3241,1902,2024-12-21,1237.03,Partial
3242,2670,2023-05-30,979.78,Full
3243,4175,2022-10-01,277.51,Minimum
3244,2001,2024-05-05,292.27,Partial
3245,180,2023-04-17,473.33,Minimum
3246,4328,2022-11-05,482.06,Minimum
3247,1146,2024-02-14,1153.54,Partial
3248,4071,2022-05-03,1282.32,Minimum
3249,1329,2023-08-10,211.94,Full
3250,1303,2024-07-10,888.1,Partial
3251,3792,2023-03-09,1112.11,Full
3252,2659,2022-09-01,1757.61,Partial
3253,1267,2024-09-05,755.55,Full
3254,1043,2024-07-23,1374.82,Partial
3255,3880,2024-12-10,1562.51,Full
3256,3117,2024-04-02,150.12,Minimum
3257,4822,2024-01-11,1834.21,Minimum
3258,3399,2024-10-21,708.2,Partial
3259,1483,2023-06-15,231.3,Full
3260,1098,2024-07-04,1730.4,Minimum
3261,3894,2023-04-21,1968.59,Full
3262,2308,2024-07-12,542.33,Full
3263,2974,2022-03-03,322.32,Partial
3264,934,2022-02-15,1418.7,Partial
3265,2993,2023-06-07,39.26,Full
3266,966,2023-01-23,1594.32,Full
3267,993,2022-04-18,1196.78,Partial
3268,3854,2022-09-08,1952.78,Minimum
3269,1943,2024-09-13,1353.86,Partial
3270,1557,2024-01-01,726.58,Full
3271,1891,2022-04-03,934.01,Partial
3272,4340,2022-11-15,724.46,Minimum
3273,4074,2023-07-08,1459.41,Minimum
3274,1553,2024-01-17,1563.29,Partial
3275,349,2023-07-07,453.8,Full
3276,1206,2024-07-17,931.81,Full
3277,815,2023-06-18,577.93,Minimum
3278,3583,2022-06-21,622.32,Partial
3279,422,2022-02-02,1580.63,Partial
3280,1701,2023-04-03,138.76,Minimum
3281,695,2023-05-26,1156.63,Partial
3282,2213,2024-02-18,841.19,Minimum
3283,3677,2024-10-20,906.72,Minimum
3284,3264,2023-12-07,1297.58,Minimum
3285,932,2022-05-12,1042.53,Partial
3286,2288,2023-04-08,622.65,Minimum
3287,399,2022-08-16,1799.09,Full
3288,3543,2022-04-10,1050.03,Full
3289,3042,2022-01-11,1477.14,Full
3290,3788,2022-10-19,1861.72,Minimum
3291,2539,2023-08-07,1989.73,Minimum
3292,3260,2024-10-08,820.06,Full
3293,3977,2023-01-08,305.68,Minimum
3294,4579,2024-04-20,1742.55,Full
3295,4677,2024-05-28,891.22,Full
3296,3192,2022-03-08,281.38,Partial
3297,3534,2024-11-28,1319.58,Full
3298,4273,2022-06-24,1201.33,Partial
3299,4433,2022-12-15,292.73,Partial
3300,3670,2024-03-26,249.52,Minimum
3301,1566,2023-12-02,1888.48,Minimum
3302,4587,2024-07-16,1344.08,Minimum
3303,3229,2022-03-03,1844.03,Full
3304,1185,2022-08-13,628.11,Minimum
3305,4563,2022-11-05,1220.95,Minimum
3306,1457,2022-08-02,626.7,Full
3307,2447,2024-04-24,1902.81,Partial
3308,1237,2023-07-19,557.67,Minimum
3309,601,2022-02-23,978.55,Partial
3310,2241,2022-12-04,1422.52,Partial
3311,3054,2024-06-10,327.84,Minimum
3312,2775,2024-01-02,1243.0,Full
3313,740,2022-02-25,855.04,Full
3314,3362,2024-01-26,1609.34,Full
3315,2901,2022-08-27,1211.45,Full
3316,1488,2022-06-22,217.41,Full
3317,723,2022-01-13,342.43,Partial
3318,2625,2023-11-05,531.42,Full
3319,2538,2023-07-10,703.5,Full
3320,2170,2022-01-18,871.58,Full
3321,554,2022-12-11,1346.35,Full
3322,1260,2022-02-22,731.21,Full
3323,1308,2022-08-19,929.22,Full
3324,4790,2023-12-03,1802.61,Minimum
3325,93,2023-08-28,400.16,Minimum
3326,4077,2022-06-10,979.91,Minimum
3327,1653,2024-08-11,668.03,Full
3328,2332,2023-06-09,1617.51,Minimum
3329,1327,2024-10-04,75.9,Minimum
3330,2138,2022-03-18,341.64,Full
3331,354,2022-03-06,600.5,Minimum
3332,2168,2024-09-30,1744.03,Minimum
3333,983,2024-01-13,1399.6,Minimum
3334,4136,2023-03-31,838.78,Full
3335,830,2024-02-24,1833.48,Partial
3336,589,2024-01-16,938.63,Minimum
3337,2912,2024-12-06,293.22,Minimum
3338,1136,2022-11-11,1410.44,Minimum
3339,1257,2022-07-17,1837.88,Minimum
3340,1292,2023-01-11,204.75,Full
3341,689,2022-09-24,639.9,Partial
3342,1721,2024-09-22,1414.62,Partial
3343,1768,2024-09-08,413.01,Full
3344,3663,2024-03-08,677.2,Minimum
3345,3512,2023-04-21,1334.35,Full
3346,3958,2023-11-02,82.42,Partial
3347,1736,2022-04-24,1684.28,Full
3348,344,2023-02-23,23.78,Minimum
3349,3726,2022-10-27,672.1,Partial
3350,875,2024-03-01,515.23,Full
3351,3074,2023-11-11,1569.3,Partial
3352,4120,2022-04-22,78.58,Partial
3353,736,2022-08-26,1739.53,Partial
3354,1504,2023-06-06,902.32,Full
3355,2384,2024-03-09,1447.81,Partial
3356,766,2024-12-01,494.42,Full
3357,2424,2024-04-27,1428.03,Full
3358,597,2024-09-13,323.93,Partial
3359,3907,2022-07-17,1348.65,Full
3360,3112,2024-07-02,1369.22,Full
3361,242,2024-03-29,1910.4,Full
3362,896,2023-09-11,1420.06,Full
3363,1226,2024-05-22,1687.99,Full
3364,1083,2024-12-29,151.82,Minimum
3365,3500,2022-06-19,1204.25,Full
3366,3262,2022-06-14,735.0,Full
3367,129,2022-11-16,604.51,Partial
3368,3395,2022-01-06,340.21,Partial
3369,3241,2024-10-08,482.17,Full
3370,1991,2023-05-07,1215.18,Minimum
3371,3771,2022-11-28,1482.28,Minimum
3372,986,2023-07-20,1039.11,Minimum
3373,1606,2022-07-12,776.61,Partial
3374,4707,2022-06-02,1658.3,Minimum
3375,1354,2024-09-19,1163.42,Full
3376,4727,2023-06-30,1620.1,Partial
3377,2187,2024-11-25,768.11,Full
3378,2553,2024-06-19,1277.97,Partial
3379,1504,2024-02-17,1921.97,Full
3380,2174,2023-10-04,147.86,Full
3381,4540,2024-01-18,1351.25,Partial
3382,1372,2022-02-13,1463.38,Full
3383,3642,2024-09-17,126.79,Partial
3384,4059,2024-06-08,1393.57,Full
3385,1584,2024-06-02,1148.59,Full
3386,461,2024-09-30,585.36,Minimum
3387,3814,2024-09-15,680.98,Partial
3388,3245,2022-07-03,1271.5,Partial
3389,2517,2023-01-12,1027.27,Full
3390,2153,2024-02-16,1833.22,Full
3391,1419,2022-01-20,1943.11,Full
3392,4312,2022-05-05,1202.55,Partial
3393,3818,2024-11-30,1011.08,Minimum
3394,1178,2022-10-15,1406.28,Full
3395,1668,2022-10-17,33.68,Partial
3396,2471,2022-02-25,1537.29,Partial
3397,4142,2024-12-06,41.83,Minimum
3398,4345,2023-12-02,1272.09,Partial
3399,1757,2024-04-04,465.6,Full
3400,3180,2023-12-20,1819.38,Full
3401,4732,2022-03-21,636.54,Minimum
3402,2693,2024-10-18,448.83,Full
3403,2470,2024-09-23,1859.82,Full
3404,3638,2024-05-31,566.82,Full
3405,2508,2023-01-23,942.18,Partial
3406,1606,2024-03-28,1218.98,Full
3407,4749,2024-11-09,1516.14,Full
3408,4680,2024-10-26,1358.84,Partial
3409,4460,2022-06-12,67.3,Minimum
3410,2436,2023-08-13,1978.14,Full
3411,2490,2024-09-17,1554.24,Minimum
3412,3385,2024-12-08,1249.87,Partial
3413,1980,2022-08-19,1031.93,Full
3414,3260,2022-07-04,1992.08,Minimum
3415,4044,2024-11-16,760.31,Partial
3416,3301,2024-10-12,1450.04,Minimum
3417,2810,2022-03-15,1799.44,Partial
3418,904,2022-11-30,225.71,Partial
3419,2508,2022-09-21,1328.99,Minimum
3420,313,2024-01-04,1580.01,Full
3421,1084,2022-09-30,852.38,Minimum
3422,4185,2024-09-17,1419.62,Minimum
3423,1209,2023-08-24,275.53,Partial
3424,3744,2023-03-09,317.86,Partial
3425,4316,2022-09-19,1435.59,Partial
3426,4493,2024-03-22,202.29,Minimum
3427,428,2024-01-09,473.14,Minimum
3428,1032,2024-03-18,504.75,Minimum
3429,3546,2023-02-09,1146.36,Full
3430,3338,2022-08-19,1467.63,Full
3431,2617,2024-01-09,1447.34,Minimum
3432,2185,2024-03-24,1905.17,Partial
3433,4678,2022-05-31,453.81,Full
3434,1544,2023-07-12,1251.7,Full
3435,4834,2024-08-05,378.03,Full
3436,4626,2023-08-06,1809.36,Minimum
3437,595,2024-05-24,1951.6,Full
3438,2576,2024-01-31,182.07,Minimum
3439,2036,2023-05-30,1704.16,Full
3440,1309,2022-10-16,943.07,Minimum
3441,3286,2022-03-12,1436.67,Full
3442,4566,2024-08-15,1483.92,Full
3443,4074,2023-12-19,905.98,Partial
3444,4585,2023-07-09,1148.31,Full
3445,3340,2022-10-02,317.22,Partial
3446,1552,2022-06-07,1960.49,Minimum
3447,618,2023-04-27,1912.98,Full
3448,1484,2023-03-21,1976.41,Minimum
3449,855,2023-05-18,1270.32,Minimum
3450,3857,2023-12-28,1783.66,Partial
3451,1248,2022-01-06,729.83,Full
3452,2377,2024-03-14,285.35,Partial
3453,2582,2022-03-27,271.12,Partial
3454,2179,2022-02-27,1376.69,Full
3455,3795,2023-07-22,1984.66,Minimum
3456,4404,2022-06-17,566.08,Full
3457,668,2023-02-12,1173.95,Full
3458,3723,2023-01-17,1618.44,Full
3459,1082,2023-03-13,512.21,Partial
3460,660,2024-09-19,1134.33,Minimum
3461,1638,2023-01-03,221.75,Minimum
3462,1617,2024-12-28,1413.37,Full
3463,1891,2024-06-25,1084.32,Minimum
3464,4362,2024-09-03,173.3,Partial
3465,2616,2023-08-04,1537.35,Full
3466,3606,2022-05-07,1145.67,Minimum
3467,3633,2023-10-13,1582.0,Full
3468,1173,2024-06-06,1132.41,Minimum
3469,466,2022-07-17,1207.44,Partial
3470,1229,2022-01-28,363.47,Minimum
3471,2061,2023-11-24,489.26,Minimum
3472,3521,2023-05-01,1712.71,Partial
3473,3402,2024-09-15,1266.55,Full
3474,35,2024-07-17,517.66,Minimum
3475,4603,2023-03-09,1298.82,Minimum
3476,4478,2022-08-05,1691.97,Minimum
3477,3458,2022-09-14,119.24,Minimum
3478,2496,2024-07-28,864.42,Minimum
3479,1324,2024-09-03,1667.98,Minimum
3480,4398,2024-07-05,1122.06,Full
3481,4474,2023-01-04,692.21,Minimum
3482,2376,2023-02-27,1947.45,Partial
3483,1538,2023-04-10,578.89,Partial
3484,4261,2023-01-20,1098.96,Minimum
3485,1306,2024-10-14,1940.63,Partial
3486,2298,2022-05-30,904.74,Minimum
3487,1161,2024-11-26,1731.54,Partial
3488,2958,2024-04-09,777.17,Minimum
3489,580,2023-11-09,331.8,Partial
3490,2233,2024-07-20,593.79,Full
3491,1176,2022-02-24,551.27,Partial
3492,2043,2023-08-19,1888.87,Full
3493,3573,2022-07-26,1244.81,Full
3494,2374,2023-10-02,1042.17,Minimum
3495,4812,2024-10-21,253.61,Full
3496,1755,2023-02-04,514.59,Partial
3497,4604,2023-09-16,493.49,Minimum
3498,1059,2022-03-09,741.72,Minimum
3499,2538,2024-04-26,945.67,Full
3500,4637,2022-04-01,301.99,Full
3501,4904,2022-12-26,1199.85,Partial
3502,712,2022-09-15,626.87,Full
3503,4788,2022-07-01,1172.81,Full
3504,1139,2023-11-15,1203.04,Full
3505,4609,2023-01-06,89.5,Partial
3506,185,2024-05-03,638.43,Minimum
3507,189,2022-01-19,456.22,Full
3508,4234,2024-04-06,174.62,Minimum
3509,1509,2023-09-22,1817.75,Full
3510,2307,2022-04-20,549.69,Partial
3511,519,2022-11-29,1447.35,Minimum
3512,2275,2023-01-19,1977.64,Partial
3513,4544,2024-09-17,852.81,Minimum
3514,2792,2022-12-27,982.46,Minimum
3515,1350,2024-10-23,352.57,Partial
3516,855,2023-01-20,1515.3,Full
3517,2106,2022-09-29,1868.89,Partial
3518,2545,2024-11-30,1857.87,Minimum
3519,3224,2022-10-12,952.25,Partial
3520,1643,2023-03-13,1211.64,Full
3521,4498,2022-02-15,1643.72,Partial
3522,2398,2023-04-21,1413.23,Full
3523,233,2022-11-16,679.99,Minimum
3524,661,2023-09-22,1829.28,Minimum
3525,2735,2023-09-13,1453.12,Partial
3526,3517,2022-11-10,1642.99,Partial
3527,3310,2023-01-26,403.69,Minimum
3528,1017,2023-12-26,1013.85,Partial
3529,2295,2023-06-23,1567.69,Full
3530,3451,2023-10-31,1231.0,Minimum
3531,962,2022-06-09,1423.38,Partial
3532,1278,2024-01-01,1402.3,Full
3533,1959,2024-06-29,30.99,Partial
3534,757,2023-05-07,1192.31,Partial
3535,487,2023-03-12,1487.75,Partial
3536,2168,2023-05-19,620.63,Full
3537,4236,2023-03-01,1022.16,Minimum
3538,3262,2022-02-22,797.15,Minimum
3539,363,2023-03-06,1022.22,Partial
3540,1873,2024-02-14,1872.72,Minimum
3541,3898,2023-11-11,969.07,Minimum
3542,423,2024-01-16,661.74,Full
3543,1660,2022-02-26,1528.39,Partial
3544,3534,2023-12-04,1427.25,Minimum
3545,2081,2024-06-01,823.86,Full
3546,3461,2023-08-13,1589.44,Full
3547,4030,2023-03-02,28.31,Partial
3548,3429,2022-06-02,1868.2,Full
3549,2122,2022-01-16,1347.89,Full
3550,1705,2023-08-06,1298.43,Full
3551,1306,2023-01-30,1516.71,Partial
3552,3223,2024-03-21,490.9,Full
3553,282,2023-06-08,349.38,Minimum
3554,235,2022-03-17,1724.47,Full
3555,4940,2023-01-19,1843.34,Partial
3556,3412,2023-06-22,1174.51,Partial
3557,3691,2024-05-19,961.35,Minimum
3558,610,2023-10-04,1625.55,Minimum
3559,904,2024-11-19,1369.01,Full
3560,1571,2023-04-08,730.65,Partial
3561,1696,2023-02-22,110.83,Minimum
3562,4136,2024-08-18,819.0,Minimum
3563,3155,2022-10-04,1405.73,Minimum
3564,840,2024-01-12,1651.89,Full
3565,2678,2022-01-16,125.99,Minimum
3566,4432,2022-10-27,1193.02,Partial
3567,3795,2023-11-05,147.54,Minimum
3568,1363,2024-06-09,30.79,Full
3569,4490,2023-02-10,1820.21,Minimum
3570,3417,2023-04-17,573.75,Partial
3571,2933,2024-12-31,452.14,Partial
3572,2791,2023-05-08,244.03,Partial
3573,3949,2022-11-05,1519.78,Full
3574,4603,2023-06-21,509.01,Minimum
3575,2319,2024-07-23,1600.72,Minimum
3576,1131,2023-02-07,371.8,Partial
3577,294,2024-07-23,95.23,Minimum
3578,4276,2023-11-06,1056.54,Full
3579,2257,2023-02-04,1037.02,Partial
3580,3045,2022-01-02,1414.15,Partial
3581,470,2022-04-15,1237.36,Minimum
3582,4943,2022-03-30,874.14,Partial
3583,41,2022-08-28,750.85,Partial
3584,3063,2023-07-27,1627.64,Minimum
3585,4940,2023-01-18,1829.8,Minimum
3586,2394,2022-05-06,1096.88,Minimum
3587,345,2022-08-19,1656.52,Partial
3588,4704,2024-11-14,1358.25,Partial
3589,3075,2022-05-07,101.15,Minimum
3590,2875,2024-12-08,1273.97,Minimum
3591,4332,2024-07-28,272.69,Full
3592,4535,2022-12-20,1101.73,Partial
3593,4763,2022-07-09,1197.15,Partial
3594,4030,2024-03-30,54.26,Partial
3595,954,2023-09-28,1450.07,Full
3596,2162,2024-01-07,1112.87,Partial
3597,2593,2023-08-05,1363.16,Full
3598,3442,2023-02-02,791.24,Partial
3599,1823,2022-06-05,784.11,Full
3600,3944,2023-04-04,1051.56,Partial
3601,1505,2022-04-01,959.54,Full
3602,3209,2024-12-23,1674.88,Full
3603,2237,2023-11-09,825.64,Partial
3604,4242,2023-04-23,1476.52,Partial
3605,2494,2022-06-27,1921.94,Full
3606,4327,2023-12-23,1487.63,Partial
3607,2085,2024-07-07,253.92,Full
3608,857,2024-01-15,1673.27,Partial
3609,4257,2023-06-21,1744.44,Minimum
3610,1301,2024-07-17,650.31,Partial
3611,215,2024-11-03,842.42,Minimum
3612,3520,2024-02-27,612.19,Full
3613,3367,2023-02-22,1886.09,Minimum
3614,2443,2022-11-14,420.34,Full
3615,3041,2022-02-14,771.31,Partial
3616,1972,2024-11-22,640.12,Full
3617,1650,2022-07-15,65.74,Partial
3618,3424,2024-10-28,1509.1,Partial
3619,1449,2022-04-13,804.12,Partial
3620,2344,2024-06-01,1355.63,Partial
3621,4959,2024-05-18,895.25,Minimum
3622,237,2022-12-24,979.76,Minimum
3623,2077,2022-10-25,929.01,Partial
3624,2772,2024-10-25,993.1,Full
3625,96,2022-02-15,1789.24,Minimum
3626,4284,2023-01-26,1305.57,Minimum
3627,1376,2023-05-29,502.46,Full
3628,1659,2022-05-10,1157.55,Minimum
3629,1090,2023-02-16,1941.7,Full
3630,1345,2024-09-14,870.58,Partial
3631,3397,2024-12-16,408.77,Full
3632,4157,2024-07-21,829.87,Partial
3633,2523,2022-12-11,577.93,Minimum
3634,3594,2022-06-18,1348.38,Partial
3635,1437,2024-02-02,1049.81,Full
3636,4813,2024-06-22,1945.17,Minimum
3637,2056,2023-06-08,1138.5,Full
3638,2731,2022-04-28,1092.43,Minimum
3639,2593,2022-01-23,428.78,Partial
3640,1104,2022-11-20,730.23,Full
3641,3526,2023-08-11,1391.5,Minimum
3642,1754,2023-04-07,1979.8,Full
3643,762,2022-11-24,1246.48,Full
3644,2793,2024-04-28,1965.94,Minimum
3645,409,2023-11-19,402.99,Partial
3646,4876,2024-06-08,1500.35,Minimum
3647,2070,2023-07-04,904.36,Full
3648,87,2024-04-26,160.16,Full
3649,3202,2024-11-02,332.23,Full
3650,1588,2022-06-13,1190.19,Partial
3651,2968,2022-03-14,487.45,Minimum
3652,4958,2022-08-26,175.53,Minimum
3653,1409,2024-10-01,900.31,Partial
3654,4455,2024-03-22,1890.33,Partial
3655,1044,2024-05-17,1323.32,Partial
3656,663,2023-10-30,1562.89,Minimum
3657,114,2022-07-06,952.48,Full
3658,885,2022-11-28,570.5,Full
3659,2758,2023-12-01,653.88,Partial
3660,113,2024-03-19,1454.41,Full
3661,3058,2023-07-09,1772.55,Full
3662,2319,2023-01-18,1556.93,Minimum
3663,581,2024-08-21,120.45,Full
3664,351,2022-07-09,1343.07,Minimum
3665,1863,2024-02-28,99.29,Minimum
3666,2459,2024-09-06,1089.95,Minimum
3667,3374,2022-04-01,1564.02,Full
3668,4652,2022-06-29,578.52,Full
3669,3226,2022-10-03,1248.24,Partial
3670,636,2024-01-06,979.26,Minimum
3671,2482,2022-09-22,1060.16,Partial
3672,2917,2022-04-28,432.98,Minimum
3673,860,2024-11-04,1508.53,Partial
3674,2499,2022-09-08,486.96,Partial
3675,3923,2024-08-21,1376.31,Full
3676,3230,2023-04-24,638.05,Minimum
3677,1243,2022-08-21,475.21,Minimum
3678,4497,2022-10-06,1387.88,Full
3679,4129,2022-01-15,1726.54,Full
3680,1386,2023-12-13,445.15,Full
3681,43,2024-10-26,1392.88,Full
3682,4291,2024-04-22,1620.89,Partial
3683,4786,2024-04-18,1331.16,Full
3684,2395,2024-06-09,976.5,Minimum
3685,1722,2023-02-01,665.25,Partial
3686,4853,2024-05-29,1442.12,Minimum
3687,894,2024-07-27,1932.38,Partial
3688,1479,2022-11-13,452.58,Minimum
3689,384,2022-12-24,113.37,Full
3690,442,2024-08-14,1509.81,Partial
3691,3109,2024-03-31,1354.16,Full
3692,2025,2023-07-20,1016.44,Partial
3693,1421,2023-08-21,1081.3,Minimum
3694,2699,2024-05-05,1957.42,Full
3695,4717,2023-12-22,347.8,Minimum
3696,1093,2022-09-10,766.62,Full
3697,2001,2024-10-05,158.04,Full
3698,2827,2024-05-28,517.95,Minimum
3699,3446,2023-10-07,21.7,Full
3700,4774,2022-06-21,1450.61,Partial
3701,2475,2023-04-28,457.72,Partial
3702,201,2023-11-24,74.63,Partial
3703,4099,2024-09-18,773.32,Full
3704,4239,2023-12-15,602.87,Partial
3705,1081,2023-11-21,1794.13,Minimum
3706,3371,2023-12-21,1769.82,Minimum
3707,3990,2023-05-20,577.56,Partial
3708,2795,2024-08-31,1356.49,Minimum
3709,2895,2024-07-14,1867.99,Partial
3710,1219,2022-01-27,652.68,Minimum
3711,3720,2022-11-29,1484.43,Full
3712,1230,2022-12-22,1167.12,Partial
3713,3014,2023-12-25,1063.77,Minimum
3714,2320,2024-04-11,45.96,Partial
3715,942,2024-01-27,864.65,Minimum
3716,3922,2022-04-14,1405.99,Full
3717,4393,2023-03-24,1976.14,Full
3718,3047,2023-10-04,810.84,Minimum
3719,3241,2024-05-07,1772.19,Minimum
3720,4036,2024-10-26,903.74,Full
3721,1719,2022-12-18,966.17,Full
3722,4502,2023-04-29,789.23,Full
3723,4286,2022-02-10,452.97,Partial
3724,2908,2023-03-01,1450.76,Minimum
3725,4097,2024-08-01,654.42,Full
3726,2951,2022-02-02,283.42,Partial
3727,1690,2022-08-21,1881.35,Partial
3728,633,2023-09-17,179.2,Partial
3729,2059,2023-01-26,1094.08,Partial
3730,1788,2024-04-27,1572.29,Full
3731,3108,2023-07-17,312.87,Partial
3732,683,2023-05-26,923.25,Partial
3733,372,2023-05-18,413.84,Minimum
3734,4318,2022-01-07,1100.16,Full
3735,2701,2022-08-21,953.76,Full
3736,528,2022-03-02,715.22,Minimum
3737,3434,2024-07-12,1888.43,Full
3738,3624,2023-03-10,1928.13,Minimum
3739,4191,2024-05-02,1724.47,Partial
3740,3924,2024-03-16,1933.38,Partial
3741,3815,2024-08-06,980.4,Partial
3742,3544,2023-09-18,769.94,Partial
3743,4444,2024-06-30,1331.78,Full
3744,2452,2022-04-26,1238.13,Full
3745,437,2023-04-11,1492.73,Full
3746,1533,2024-11-27,1428.06,Minimum
3747,3160,2022-12-06,241.2,Minimum
3748,973,2022-12-18,678.93,Minimum
3749,1953,2024-05-14,156.11,Minimum
3750,2776,2023-08-24,1786.77,Minimum
3751,1009,2023-09-26,1684.1,Minimum
3752,1083,2024-04-02,1430.55,Partial
3753,1213,2024-09-19,1002.72,Partial
3754,1705,2023-09-18,1960.61,Partial
3755,2552,2022-09-28,810.06,Minimum
3756,4266,2023-11-30,881.71,Partial
3757,187,2024-06-13,1689.64,Minimum
3758,476,2022-01-13,1024.89,Minimum
3759,686,2023-10-21,1224.18,Full
3760,3533,2024-09-06,345.28,Partial
3761,873,2022-11-03,1563.71,Full
3762,1447,2022-07-12,1706.43,Full
3763,1439,2023-05-05,683.24,Full
3764,2499,2024-08-03,827.27,Partial
3765,2688,2023-03-26,1099.85,Full
3766,1482,2024-07-22,225.63,Minimum
3767,3152,2024-06-02,781.08,Minimum
3768,1437,2024-04-30,185.28,Minimum
3769,3498,2022-12-27,246.71,Minimum
3770,1011,2023-10-04,449.53,Partial
3771,3614,2023-12-09,250.56,Partial
3772,2507,2022-03-09,1130.26,Full
3773,1145,2022-03-04,392.28,Partial
3774,3516,2024-09-24,1365.44,Partial
3775,638,2023-05-28,160.55,Full
3776,4965,2023-02-06,1303.07,Partial
3777,1645,2024-05-13,923.29,Partial
3778,4686,2023-07-26,127.86,Full
3779,2759,2022-01-28,1639.25,Full
3780,1755,2023-10-09,273.43,Partial
3781,1633,2023-07-16,1937.55,Minimum
3782,50,2023-03-27,1883.08,Full
3783,493,2022-03-18,651.75,Full
3784,4510,2024-03-24,1067.49,Full
3785,4377,2024-07-05,1976.4,Partial
3786,1898,2023-04-14,1637.94,Full
3787,4883,2023-07-20,1666.77,Full
3788,989,2022-06-24,1659.44,Partial
3789,180,2023-02-12,1865.14,Full
3790,1001,2022-04-25,1023.5,Partial
3791,4974,2022-03-21,382.2,Partial
3792,2214,2022-11-10,1173.61,Partial
3793,1680,2023-06-14,1151.8,Partial
3794,915,2023-08-16,1506.19,Minimum
3795,4091,2023-04-19,763.53,Full
3796,2706,2022-05-01,457.26,Partial
3797,461,2022-02-10,1595.74,Full
3798,4799,2023-04-19,338.65,Full
3799,103,2022-07-04,1161.48,Full
3800,3950,2024-07-30,1838.99,Full
3801,1553,2023-05-19,1568.53,Full
3802,1601,2024-11-05,1709.57,Full
3803,3247,2024-07-07,923.92,Partial
3804,4082,2024-10-18,806.19,Full
3805,156,2022-10-30,949.19,Partial
3806,1106,2024-01-26,822.92,Minimum
3807,1330,2022-01-19,380.25,Minimum
3808,2299,2022-10-22,896.34,Minimum
3809,2943,2022-08-02,1659.58,Minimum
3810,686,2023-08-10,359.8,Minimum
3811,2873,2023-06-15,130.87,Partial
3812,1804,2023-09-29,1472.92,Partial
3813,1759,2024-12-08,150.09,Minimum
3814,3032,2024-10-26,1340.45,Full
3815,3132,2024-01-10,1353.17,Full
3816,528,2023-04-22,440.12,Minimum
3817,4198,2023-04-17,160.05,Minimum
3818,835,2023-11-19,75.34,Full
3819,512,2022-04-13,1530.32,Partial
3820,1887,2024-04-19,1295.41,Minimum
3821,357,2024-05-13,672.79,Full
3822,4206,2022-04-20,870.52,Full
3823,1602,2023-12-10,636.43,Partial
3824,2456,2023-09-15,1090.88,Minimum
3825,893,2022-05-26,295.33,Partial
3826,4081,2024-04-20,979.34,Full
3827,4589,2024-12-16,424.36,Full
3828,1145,2024-04-06,946.73,Partial
3829,1580,2022-04-01,1708.02,Minimum
3830,2663,2023-09-20,1892.23,Full
3831,2164,2024-01-19,419.31,Minimum
3832,2180,2022-09-05,515.94,Full
3833,1440,2022-10-31,1647.82,Minimum
3834,4492,2023-12-07,1078.61,Full
3835,2899,2024-04-05,279.74,Partial
3836,3855,2022-09-27,1567.32,Full
3837,4085,2022-02-11,1228.08,Partial
3838,4459,2024-12-30,1688.5,Full
3839,4476,2023-11-12,958.55,Full
3840,405,2023-11-06,806.3,Partial
3841,1844,2024-06-15,495.48,Full
3842,1863,2023-11-18,294.31,Full
3843,4162,2023-09-26,1504.12,Full
3844,4971,2022-04-12,55.68,Minimum
3845,3176,2022-01-12,351.38,Minimum
3846,4122,2022-10-09,333.11,Full
3847,3606,2023-06-01,1983.46,Full
3848,3741,2023-04-10,374.66,Minimum
3849,2774,2024-02-19,1356.45,Full
3850,3846,2022-01-16,1207.13,Minimum
3851,2196,2022-05-19,80.83,Full
3852,429,2022-01-11,1394.84,Full
3853,3382,2024-10-12,1604.37,Full
3854,2004,2023-03-31,160.01,Full
3855,84,2024-09-18,1305.97,Partial
3856,544,2024-07-09,65.86,Minimum
3857,910,2022-07-08,749.55,Minimum
3858,4649,2023-06-30,1201.08,Minimum
3859,4815,2023-07-29,882.56,Minimum
3860,314,2023-04-25,227.53,Minimum
3861,2234,2023-01-06,1862.64,Minimum
3862,3513,2022-03-09,743.96,Partial
3863,3095,2022-06-12,1375.09,Full
3864,3251,2022-10-08,154.25,Full
3865,2114,2024-02-15,1446.82,Minimum
3866,3839,2022-01-28,1914.33,Partial
3867,2129,2024-04-08,1181.08,Minimum
3868,914,2023-04-04,1400.75,Full
3869,3966,2024-05-31,983.69,Minimum
3870,4772,2023-04-16,1216.48,Minimum
3871,2183,2022-04-10,1896.08,Partial
3872,2435,2023-01-07,829.07,Full
3873,1255,2023-08-08,112.53,Minimum
3874,647,2023-12-14,1650.01,Minimum
3875,1791,2022-05-22,1923.99,Full
3876,4996,2024-08-31,74.31,Partial
3877,2011,2024-12-12,32.3,Full
3878,4038,2023-11-23,1065.22,Partial
3879,2854,2024-06-03,1305.65,Full
3880,2135,2023-09-22,173.89,Partial
3881,1110,2023-02-05,88.74,Minimum
3882,4238,2022-08-14,1944.31,Full
3883,3423,2024-02-28,1955.59,Full
3884,1422,2024-05-25,411.2,Partial
3885,1986,2022-09-13,1746.35,Full
3886,707,2023-08-17,1791.61,Minimum
3887,2291,2024-06-26,1318.91,Partial
3888,1696,2022-06-05,139.14,Partial
3889,1029,2023-10-08,1580.47,Full
3890,1435,2023-09-08,425.43,Minimum
3891,4920,2023-11-29,1901.06,Full
3892,2974,2022-04-11,1908.25,Partial
3893,823,2024-04-17,487.61,Minimum
3894,3703,2022-11-09,389.67,Full
3895,902,2023-04-25,1273.31,Full
3896,952,2022-05-05,724.73,Partial
3897,4860,2024-05-09,1620.5,Partial
3898,3040,2023-08-03,297.72,Full
3899,2922,2023-09-27,1822.31,Full
3900,4209,2022-06-15,1938.57,Full
3901,2987,2023-05-17,1168.84,Partial
3902,4744,2022-09-14,610.58,Minimum
3903,1448,2022-05-13,1088.48,Minimum
3904,2435,2024-12-08,895.06,Partial
3905,4061,2023-04-02,1683.12,Full
3906,3148,2023-04-15,267.13,Full
3907,1532,2022-03-13,1213.99,Full
3908,3076,2023-02-26,95.01,Partial
3909,1058,2024-05-05,983.58,Minimum
3910,2163,2024-11-12,34.89,Full
3911,4723,2023-07-15,1710.34,Full
3912,895,2022-06-15,412.33,Partial
3913,3545,2022-10-28,996.38,Partial
3914,542,2024-11-10,1232.56,Minimum
3915,4639,2023-10-01,1142.05,Partial
3916,152,2024-11-26,1256.91,Full
3917,2417,2023-08-23,1676.08,Partial
3918,2662,2024-08-11,1276.67,Full
3919,386,2023-06-27,1964.21,Full
3920,2725,2024-07-05,587.58,Full
3921,2015,2024-01-23,894.09,Partial
3922,3409,2022-06-06,1125.03,Full
3923,547,2023-11-07,1501.05,Partial
3924,3572,2022-08-10,958.51,Full
3925,3234,2022-04-04,158.2,Full
3926,768,2022-10-03,583.25,Minimum
3927,1176,2024-02-07,608.48,Minimum
3928,259,2024-07-08,179.01,Full
3929,8,2023-12-14,1195.8,Minimum
3930,4788,2023-05-27,104.27,Full
3931,4725,2023-05-26,904.65,Partial
3932,4117,2024-08-28,438.24,Full
3933,2691,2023-05-22,567.23,Full
3934,3874,2024-02-25,975.24,Full
3935,2628,2024-03-31,1830.81,Full
3936,2438,2023-05-03,797.65,Minimum
3937,3495,2022-10-16,274.31,Partial
3938,153,2023-04-04,609.73,Minimum
3939,3637,2022-01-23,1785.05,Minimum
3940,645,2024-04-04,986.4,Minimum
3941,491,2023-12-10,1807.2,Partial
3942,4814,2024-08-06,79.05,Partial
3943,2465,2022-05-21,214.09,Minimum
3944,3664,2023-05-05,337.96,Minimum
3945,3087,2024-04-04,1651.02,Minimum
3946,4954,2024-06-06,235.77,Partial
3947,859,2022-03-26,1742.21,Partial
3948,202,2022-10-26,1284.41,Partial
3949,2312,2022-11-27,1259.44,Full
3950,1149,2022-02-25,41.97,Partial
3951,4312,2023-12-04,1074.48,Minimum
3952,150,2023-12-08,50.4,Full
3953,2994,2023-05-14,1226.85,Full
3954,3445,2022-01-24,1887.11,Minimum
3955,1172,2023-10-09,475.51,Minimum
3956,3973,2023-03-15,1894.45,Full
3957,1732,2022-07-31,37.96,Minimum
3958,3745,2024-04-25,33.03,Partial
3959,2855,2024-03-30,766.85,Minimum
3960,994,2024-07-16,431.76,Partial
3961,2274,2023-02-06,1102.61,Minimum
3962,248,2024-10-17,527.38,Partial
3963,4240,2023-12-16,1717.72,Full
3964,2483,2022-07-15,289.47,Minimum
3965,2582,2023-05-19,1519.01,Minimum
3966,5000,2023-11-11,1552.85,Full
3967,3484,2023-09-22,366.63,Minimum
3968,4066,2022-09-04,594.95,Partial
3969,2139,2023-06-02,402.67,Minimum
3970,1338,2023-04-10,1770.05,Minimum
3971,359,2024-11-15,775.42,Minimum
3972,4493,2022-11-25,1340.9,Partial
3973,4006,2024-09-21,240.37,Partial
3974,435,2024-01-09,901.23,Partial
3975,913,2024-04-01,656.7,Minimum
3976,471,2022-09-24,42.09,Minimum
3977,2398,2023-03-13,1562.87,Minimum
3978,4923,2023-08-31,458.94,Partial
3979,104,2022-07-10,133.89,Minimum
3980,1130,2022-02-15,1317.89,Full
3981,4047,2024-02-16,973.8,Minimum
3982,1184,2023-04-14,1392.77,Minimum
3983,2178,2022-03-19,521.05,Full
3984,3889,2023-10-31,1152.58,Full
3985,2190,2022-05-08,482.57,Minimum
3986,2375,2023-08-09,480.73,Full
3987,605,2023-01-10,883.68,Full
3988,4155,2023-02-15,1255.96,Full
3989,3718,2024-06-27,1584.62,Full
3990,1828,2024-03-11,1625.68,Partial
3991,3119,2023-06-23,783.4,Full
3992,3856,2023-01-29,1616.58,Minimum
3993,413,2022-04-12,1870.17,Partial
3994,3676,2023-02-07,1848.31,Full
3995,3463,2022-01-16,270.99,Full
3996,1042,2022-03-07,1917.07,Partial
3997,4534,2023-04-26,1729.05,Minimum
3998,2710,2023-01-15,251.35,Minimum
3999,2036,2024-07-26,572.79,Minimum
4000,291,2024-02-13,1362.14,Minimum
4001,31,2024-10-31,1645.75,Minimum
4002,3433,2022-08-07,1089.37,Partial
4003,2972,2023-07-27,336.76,Partial
4004,2922,2023-04-10,278.65,Full
4005,4389,2024-03-25,54.41,Full
4006,810,2023-03-02,699.34,Full
4007,4062,2022-05-09,25.62,Minimum
4008,1646,2022-06-03,1620.84,Minimum
4009,1948,2023-11-16,958.59,Partial
4010,126,2023-03-23,226.64,Partial
4011,386,2022-05-07,710.31,Partial
4012,1397,2023-08-14,1598.55,Partial
4013,1659,2023-05-02,1336.48,Full
4014,2247,2024-12-10,1694.72,Minimum
4015,2741,2024-01-04,493.16,Minimum
4016,4449,2024-11-24,410.69,Partial
4017,950,2022-06-03,1021.74,Full
4018,4194,2024-08-31,691.03,Partial
4019,3955,2023-08-02,1644.52,Full
4020,729,2022-04-25,942.12,Full
4021,3615,2023-04-07,227.16,Partial
4022,4903,2022-04-08,295.48,Minimum
4023,2749,2022-04-29,495.31,Full
4024,2792,2022-03-03,115.42,Full
4025,3273,2024-01-23,164.66,Partial
4026,3750,2022-01-12,612.53,Minimum
4027,3724,2022-10-05,314.58,Full
4028,4474,2024-04-29,683.83,Full
4029,1502,2024-05-20,1249.74,Full
4030,2808,2022-06-07,1204.42,Full
4031,2812,2023-11-27,520.74,Minimum
4032,224,2022-08-02,400.64,Partial
4033,1736,2024-12-25,158.77,Partial
4034,652,2022-12-19,1897.77,Partial
4035,1509,2024-08-22,328.76,Minimum
4036,4032,2023-10-19,504.58,Full
4037,1586,2024-08-30,1748.54,Full
4038,2324,2022-09-13,1426.11,Partial
4039,1840,2024-05-23,1160.75,Partial
4040,4369,2023-01-16,875.32,Minimum
4041,220,2023-04-23,1771.28,Partial
4042,3679,2024-09-07,94.56,Full
4043,2476,2023-02-08,292.61,Full
4044,3856,2022-05-12,1263.33,Full
4045,3815,2023-06-09,604.32,Minimum
4046,3446,2024-10-29,440.28,Minimum
4047,4381,2024-02-06,1217.36,Full
4048,4183,2023-01-25,1024.05,Minimum
4049,1712,2022-12-27,1053.53,Full
4050,4106,2023-06-05,1529.88,Full
4051,4003,2023-11-22,266.7,Minimum
4052,1134,2024-09-24,1063.82,Full
4053,951,2023-03-06,1956.99,Full
4054,2938,2023-11-25,904.49,Full
4055,2804,2022-07-07,483.78,Minimum
4056,4325,2022-03-03,725.22,Minimum
4057,3381,2024-12-12,284.86,Full
4058,636,2024-06-06,1793.81,Partial
4059,744,2022-04-06,114.34,Minimum
4060,3947,2023-09-20,187.54,Full
4061,4380,2022-10-31,426.08,Full
4062,3789,2024-08-17,1734.51,Partial
4063,307,2023-12-10,1732.69,Full
4064,4647,2024-12-10,1107.75,Minimum
4065,228,2023-11-17,656.25,Full
4066,3959,2022-04-20,925.44,Full
4067,1393,2024-02-03,1650.33,Minimum
4068,514,2022-05-03,1217.27,Minimum
4069,4281,2023-04-09,1493.09,Minimum
4070,927,2024-04-22,234.57,Partial
4071,1424,2022-06-26,837.75,Partial
4072,1658,2023-11-15,900.64,Full
4073,4252,2022-07-10,531.16,Full
4074,3999,2022-08-06,1356.77,Minimum
4075,2862,2023-02-15,1259.1,Minimum
4076,4346,2023-09-05,168.37,Minimum
4077,171,2024-12-12,796.23,Partial
4078,745,2023-01-25,1936.58,Full
4079,4840,2024-02-11,631.01,Full
4080,3565,2022-05-08,1203.93,Partial
4081,2268,2022-12-21,516.82,Minimum
4082,450,2024-03-20,118.85,Partial
4083,4062,2022-08-07,1124.98,Partial
4084,183,2024-05-06,1993.21,Partial
4085,847,2023-01-30,436.43,Minimum
4086,4745,2022-05-24,1507.73,Minimum
4087,1416,2023-03-13,1830.46,Minimum
4088,3531,2024-11-21,1427.97,Minimum
4089,643,2022-09-04,1297.59,Minimum
4090,3415,2023-07-19,1135.1,Partial
4091,1601,2022-06-01,735.47,Minimum
4092,1180,2023-08-25,302.42,Partial
4093,1786,2022-11-15,906.5,Full
4094,1602,2023-04-23,902.75,Minimum
4095,3772,2023-12-14,331.94,Full
4096,3307,2023-06-06,271.31,Partial
4097,1763,2023-02-08,1576.51,Partial
4098,194,2024-12-21,183.43,Partial
4099,2113,2022-08-22,78.32,Minimum
4100,2077,2024-04-23,440.61,Full
4101,1746,2024-12-03,649.62,Partial
4102,1243,2023-12-04,35.48,Partial
4103,3446,2023-11-16,1553.71,Minimum
4104,870,2022-03-06,1741.22,Partial
4105,3337,2022-07-03,124.87,Minimum
4106,4092,2023-08-13,1562.66,Partial
4107,2938,2023-02-01,1239.79,Full
4108,4560,2023-02-16,1221.69,Minimum
4109,2761,2024-04-04,1737.65,Full
4110,1908,2024-03-11,56.54,Minimum
4111,368,2022-05-19,795.82,Full
4112,1301,2024-09-21,542.04,Full
4113,1235,2024-10-21,363.95,Minimum
4114,4769,2023-10-17,1968.45,Partial
4115,3263,2022-06-04,1670.54,Minimum
4116,3066,2024-05-21,1406.25,Full
4117,161,2022-11-17,1938.63,Partial
4118,3288,2022-01-31,1583.63,Full
4119,3214,2023-01-17,628.46,Minimum
4120,1836,2023-09-26,716.35,Partial
4121,4711,2024-07-23,363.64,Partial
4122,342,2024-10-10,983.3,Minimum
4123,951,2024-11-20,1626.25,Full
4124,1664,2022-04-19,1741.27,Minimum
4125,1014,2023-03-11,521.81,Partial
4126,3089,2022-02-02,859.51,Partial
4127,264,2024-11-08,1842.75,Minimum
4128,4630,2023-01-03,339.81,Minimum
4129,3176,2023-04-18,398.17,Partial
4130,1559,2024-08-16,20.29,Partial
4131,940,2023-08-30,1812.92,Full
4132,2656,2023-11-12,916.09,Minimum
4133,3575,2022-10-15,238.04,Partial
4134,1960,2024-11-08,590.59,Partial
4135,1723,2023-12-11,1003.55,Full
4136,383,2024-03-10,334.32,Minimum
4137,4187,2024-06-24,381.84,Partial
4138,4729,2024-04-25,1971.5,Partial
4139,4025,2024-10-28,1319.59,Minimum
4140,579,2024-11-11,647.07,Minimum
4141,2133,2022-04-29,190.61,Partial
4142,3087,2022-03-06,1968.61,Minimum
4143,1136,2023-12-30,194.69,Full
4144,355,2022-07-08,452.03,Minimum
4145,3195,2022-01-03,212.15,Partial
4146,3864,2022-07-05,722.63,Partial
4147,4495,2023-09-05,1493.31,Full
4148,3450,2022-07-29,1796.63,Partial
4149,971,2023-06-23,318.79,Partial
4150,3948,2022-11-19,205.87,Full
4151,1507,2022-01-07,1058.48,Partial
4152,1773,2023-05-22,1353.46,Minimum
4153,957,2022-04-21,1700.11,Minimum
4154,702,2022-11-22,202.56,Partial
4155,295,2022-07-12,835.99,Partial
4156,4828,2023-01-31,1318.12,Minimum
4157,1212,2024-07-31,201.4,Partial
4158,1640,2022-04-23,1690.35,Partial
4159,3547,2024-05-05,1734.52,Partial
4160,1789,2024-03-29,580.72,Partial
4161,1036,2022-03-08,863.98,Minimum
4162,1588,2023-02-02,1488.87,Partial
4163,3791,2024-09-18,1391.7,Full
4164,143,2024-05-15,775.99,Partial
4165,1506,2022-09-05,829.96,Full
4166,1190,2024-06-22,1168.44,Full
4167,2994,2024-11-22,1149.79,Minimum
4168,1962,2022-07-24,1789.38,Minimum
4169,4544,2023-12-06,654.56,Minimum
4170,225,2024-05-14,234.25,Partial
4171,2370,2024-07-06,864.42,Full
4172,2916,2023-08-09,156.86,Full
4173,4996,2023-11-05,1431.69,Minimum
4174,1070,2023-04-21,1326.39,Partial
4175,3549,2024-07-31,948.79,Minimum
4176,3138,2024-06-10,1443.0,Full
4177,4375,2023-02-10,1316.24,Minimum
4178,1655,2022-03-26,1846.5,Minimum
4179,2419,2022-09-22,1758.41,Partial
4180,4574,2023-06-25,1112.29,Minimum
4181,2112,2024-08-17,1108.59,Full
4182,699,2023-07-14,1788.63,Full
4183,154,2023-08-31,1189.39,Full
4184,3070,2022-10-10,91.86,Full
4185,4332,2024-12-24,1233.63,Partial
4186,4687,2023-02-14,111.72,Partial
4187,3323,2024-04-13,1541.38,Minimum
4188,395,2023-07-31,870.61,Minimum
4189,2607,2023-03-21,1675.72,Minimum
4190,3165,2022-02-22,1448.14,Partial
4191,205,2024-11-14,1488.88,Minimum
4192,425,2022-09-25,250.56,Full
4193,477,2023-07-29,914.58,Partial
4194,4627,2024-05-10,1988.73,Minimum
4195,4905,2022-08-11,1283.73,Minimum
4196,632,2024-07-25,837.22,Partial
4197,2944,2024-03-29,1375.86,Minimum
4198,33,2023-10-25,1660.11,Minimum
4199,106,2024-07-30,1709.63,Minimum
4200,121,2023-06-29,734.22,Full
4201,1836,2023-06-30,107.84,Partial
4202,1892,2024-08-11,1448.13,Partial
4203,3321,2022-08-25,622.15,Partial
4204,228,2024-11-29,1594.2,Minimum
4205,4819,2022-01-19,212.95,Minimum
4206,3477,2022-05-25,681.41,Minimum
4207,4819,2024-02-04,271.46,Full
4208,3085,2024-01-10,946.0,Full
4209,3157,2022-12-25,500.76,Full
4210,4397,2024-09-04,822.64,Full
4211,2951,2022-11-28,1952.08,Full
4212,1783,2023-07-26,852.52,Partial
4213,264,2024-03-17,1176.83,Partial
4214,2185,2023-08-07,210.2,Full
4215,2298,2022-07-04,713.61,Partial
4216,480,2024-07-06,625.37,Minimum
4217,2940,2023-08-26,736.39,Minimum
4218,1513,2024-04-24,1878.31,Minimum
4219,294,2023-04-26,23.68,Minimum
4220,607,2023-01-12,144.7,Partial
4221,4085,2023-04-30,986.6,Partial
4222,94,2024-08-01,1693.5,Partial
4223,143,2023-02-19,99.93,Full
4224,3984,2022-12-24,1535.81,Full
4225,1844,2024-06-14,1945.14,Minimum
4226,3930,2023-07-09,1700.12,Full
4227,2334,2022-08-17,1912.44,Full
4228,4834,2023-05-02,1287.56,Minimum
4229,4651,2024-07-30,1238.72,Full
4230,2336,2022-10-08,1969.06,Minimum
4231,4255,2023-03-25,719.36,Full
4232,4123,2023-01-30,965.94,Partial
4233,4214,2023-12-30,237.75,Partial
4234,3936,2024-12-18,969.22,Minimum
4235,3922,2023-11-20,1749.29,Partial
4236,2777,2024-06-07,1225.7,Full
4237,349,2024-08-04,1227.76,Full
4238,1698,2022-12-28,632.66,Full
4239,3095,2022-04-03,86.55,Minimum
4240,733,2022-06-28,1176.69,Minimum
4241,3863,2024-12-12,764.07,Minimum
4242,99,2024-01-01,1871.92,Minimum
4243,2625,2022-07-24,499.82,Full
4244,3671,2022-12-07,99.29,Minimum
4245,2433,2023-07-18,1922.62,Full
4246,2764,2024-12-25,1400.34,Minimum
4247,3633,2024-10-28,490.67,Minimum
4248,2648,2023-04-22,873.41,Minimum
4249,2259,2024-08-18,1853.84,Partial
4250,4412,2024-02-15,803.88,Full
4251,1026,2022-06-07,1398.97,Full
4252,692,2024-06-18,261.65,Full
4253,97,2022-08-19,712.54,Partial
4254,2680,2023-10-14,592.26,Minimum
4255,3906,2022-01-09,607.38,Partial
4256,1452,2023-09-24,823.59,Full
4257,3736,2022-05-07,1852.66,Partial
4258,3344,2022-08-06,779.63,Partial
4259,1824,2022-02-01,256.74,Partial
4260,4290,2023-03-19,1660.64,Partial
4261,1147,2024-02-28,875.23,Full
4262,4705,2022-08-21,1915.87,Full
4263,4828,2024-04-22,207.91,Partial
4264,2437,2022-09-03,775.81,Minimum
4265,4246,2024-10-19,919.9,Minimum
4266,3948,2024-12-30,1343.73,Minimum
4267,1796,2023-05-14,69.28,Minimum
4268,940,2022-06-25,1629.27,Full
4269,2900,2023-07-23,735.23,Minimum
4270,4200,2023-11-10,1958.27,Minimum
4271,4297,2024-10-31,506.88,Full
4272,3988,2023-04-02,559.73,Full
4273,530,2023-02-25,1428.29,Partial
4274,947,2023-03-13,1928.89,Full
4275,183,2023-04-01,1275.39,Minimum
4276,1779,2023-07-04,1283.32,Full
4277,3662,2022-04-19,1975.44,Full
4278,1943,2024-07-20,242.92,Partial
4279,3829,2024-01-24,191.63,Full
4280,4323,2023-04-27,1321.51,Partial
4281,4717,2023-04-17,262.67,Full
4282,699,2024-02-24,218.01,Minimum
4283,3014,2022-06-29,961.38,Full
4284,4969,2024-04-13,1923.08,Full
4285,2560,2023-01-17,1317.94,Partial
4286,1087,2024-12-07,330.23,Minimum
4287,906,2022-04-11,913.15,Minimum
4288,4417,2023-09-05,1245.88,Full
4289,1428,2023-01-08,1555.11,Full
4290,1319,2022-06-21,1610.18,Partial
4291,1711,2024-01-17,831.58,Minimum
4292,3220,2023-01-19,1198.29,Minimum
4293,4068,2024-09-26,856.24,Partial
4294,2481,2024-10-22,198.2,Minimum
4295,4640,2022-08-13,698.06,Partial
4296,4345,2024-10-04,1445.9,Minimum
4297,2255,2024-01-09,524.61,Full
4298,1639,2022-06-18,1967.31,Partial
4299,3825,2022-08-11,822.18,Full
4300,3623,2022-04-26,163.41,Full
4301,2012,2023-01-08,859.6,Partial
4302,3488,2022-10-15,288.76,Minimum
4303,2369,2023-05-23,1954.63,Partial
4304,2557,2023-10-11,1589.95,Minimum
4305,3746,2024-01-23,1648.49,Full
4306,1449,2023-11-13,93.58,Full
4307,2755,2024-01-14,392.06,Minimum
4308,1255,2024-02-10,758.82,Partial
4309,4298,2022-05-31,1606.13,Partial
4310,3216,2023-11-17,1277.68,Partial
4311,316,2023-08-04,716.41,Full
4312,3402,2022-01-16,1011.85,Partial
4313,302,2022-07-15,1713.92,Minimum
4314,2940,2023-09-06,1761.88,Minimum
4315,1140,2024-04-29,351.56,Minimum
4316,2273,2023-03-10,1227.3,Minimum
4317,4007,2024-04-19,1314.08,Full
4318,838,2023-08-31,198.95,Minimum
4319,709,2024-09-02,195.72,Minimum
4320,3559,2023-06-28,1503.36,Minimum
4321,766,2023-04-16,797.51,Partial
4322,4444,2023-02-04,863.57,Minimum
4323,2052,2023-09-15,1422.85,Minimum
4324,226,2023-11-15,1834.81,Minimum
4325,1410,2022-01-04,769.43,Minimum
4326,3459,2023-11-18,1549.27,Minimum
4327,3162,2024-12-20,480.72,Partial
4328,3016,2024-07-30,838.07,Minimum
4329,2135,2023-04-21,118.82,Minimum
4330,2360,2023-03-19,1813.87,Partial
4331,744,2023-09-09,1993.93,Minimum
4332,2430,2022-01-02,1443.94,Minimum
4333,2874,2022-04-14,1878.78,Full
4334,3907,2022-11-19,731.7,Partial
4335,4699,2023-03-29,1411.29,Partial
4336,3369,2024-08-20,125.03,Full
4337,1869,2024-11-15,974.34,Partial
4338,951,2022-02-15,1622.32,Full
4339,3624,2022-01-23,119.1,Partial
4340,292,2022-01-09,370.4,Partial
4341,1588,2023-08-05,613.48,Partial
4342,2013,2022-05-21,1758.21,Partial
4343,1529,2022-12-10,96.33,Partial
4344,1912,2022-03-03,819.16,Minimum
4345,1935,2023-12-03,281.43,Full
4346,2002,2023-03-18,31.68,Minimum
4347,938,2023-12-19,1220.75,Minimum
4348,3221,2022-06-22,1286.99,Full
4349,417,2023-05-08,1920.12,Minimum
4350,1726,2024-04-12,1182.11,Partial
4351,3722,2024-07-13,1328.18,Full
4352,3921,2023-01-16,1202.35,Full
4353,961,2022-05-30,695.49,Partial
4354,2509,2024-12-16,286.9,Minimum
4355,3406,2023-12-22,368.06,Full
4356,1973,2024-11-03,1805.54,Full
4357,1487,2024-07-02,1034.51,Full
4358,1680,2023-12-25,1531.73,Minimum
4359,224,2022-10-25,557.42,Full
4360,3710,2024-05-19,1884.81,Minimum
4361,2611,2023-07-17,1313.75,Minimum
4362,978,2024-01-16,1872.79,Partial
4363,2282,2023-06-21,490.64,Minimum
4364,2321,2024-07-10,407.78,Minimum
4365,93,2023-12-09,787.22,Partial
4366,4825,2023-12-02,1904.57,Full
4367,3190,2022-12-31,1532.88,Minimum
4368,1162,2022-01-31,1631.28,Full
4369,3860,2022-07-20,1883.91,Full
4370,4814,2024-07-09,528.14,Minimum
4371,3489,2024-02-07,1883.72,Minimum
4372,2169,2022-09-30,1147.72,Full
4373,4954,2023-06-14,1585.46,Partial
4374,3813,2023-04-04,1776.12,Minimum
4375,2713,2024-10-12,867.67,Full
4376,4,2023-07-02,428.52,Partial
4377,4208,2024-05-27,1254.24,Minimum
4378,2630,2024-09-18,152.41,Full
4379,4510,2023-12-12,1334.4,Minimum
4380,3450,2023-08-22,1577.25,Minimum
4381,2456,2022-11-06,1661.52,Minimum
4382,1625,2022-06-21,858.54,Full
4383,4339,2023-09-03,335.75,Full
4384,1097,2022-08-28,309.82,Minimum
4385,1853,2024-04-28,646.02,Full
4386,4864,2024-03-02,1732.65,Partial
4387,4589,2024-05-28,1828.35,Full
4388,2074,2023-06-21,635.69,Full
4389,1083,2024-11-02,1612.5,Minimum
4390,4104,2023-08-05,836.5,Minimum
4391,2195,2023-04-13,621.54,Minimum
4392,3268,2023-03-22,1525.47,Minimum
4393,4620,2023-08-22,701.11,Minimum
4394,712,2024-09-20,383.59,Partial
4395,3385,2022-05-25,1087.15,Partial
4396,4270,2022-12-11,1285.42,Minimum
4397,3872,2024-08-29,1382.97,Minimum
4398,377,2024-06-02,780.51,Minimum
4399,3773,2024-02-08,1084.09,Minimum
4400,197,2024-10-19,1361.02,Partial
4401,4226,2022-12-12,1031.14,Partial
4402,2437,2023-05-01,617.22,Minimum
4403,182,2022-09-09,1380.06,Partial
4404,4805,2022-04-09,1089.21,Minimum
4405,3900,2023-11-16,1533.18,Full
4406,913,2023-04-22,1751.45,Partial
4407,2790,2023-02-01,1997.85,Minimum
4408,369,2022-01-02,1908.08,Minimum
4409,6,2022-10-05,1446.68,Minimum
4410,912,2024-12-22,1166.27,Full
4411,4831,2022-05-10,1915.47,Full
4412,3625,2023-03-27,1931.45,Partial
4413,1764,2023-10-31,1985.14,Partial
4414,1794,2024-09-03,1516.01,Partial
4415,410,2023-12-18,1760.36,Minimum
4416,1926,2024-03-01,557.36,Partial
4417,915,2022-11-18,1962.57,Full
4418,3063,2024-03-03,634.44,Partial
4419,611,2023-03-31,252.75,Minimum
4420,2532,2023-01-24,1260.49,Partial
4421,167,2023-02-26,1180.17,Minimum
4422,136,2024-10-22,281.45,Minimum
4423,4097,2022-07-11,235.35,Minimum
4424,4827,2024-10-04,888.08,Minimum
4425,3124,2022-07-14,1789.68,Partial
4426,4325,2022-05-21,1191.51,Minimum
4427,3000,2023-11-15,477.54,Full
4428,2873,2023-08-23,429.63,Full
4429,275,2022-07-13,174.18,Full
4430,1940,2024-09-13,174.48,Full
4431,3301,2024-05-16,1023.81,Minimum
4432,3512,2023-01-26,406.22,Full
4433,2082,2022-01-24,526.14,Partial
4434,4975,2022-09-28,1502.0,Partial
4435,2764,2022-12-01,307.34,Partial
4436,971,2024-06-08,995.93,Minimum
4437,3229,2023-05-07,516.77,Partial
4438,1327,2023-10-26,1440.37,Partial
4439,2694,2022-01-01,1462.26,Partial
4440,4493,2023-06-13,570.99,Full
4441,1123,2023-09-12,1360.71,Full
4442,3509,2022-12-05,1180.66,Full
4443,332,2023-06-17,960.58,Partial
4444,375,2023-01-06,1136.77,Partial
4445,2997,2022-01-30,930.49,Partial
4446,3606,2024-02-22,1050.32,Minimum
4447,1523,2022-01-09,382.61,Full
4448,2636,2022-05-26,598.37,Full
4449,3199,2023-12-26,1624.29,Full
4450,4378,2024-10-05,294.1,Partial
4451,1048,2023-07-17,1230.35,Full
4452,4578,2023-06-03,307.82,Partial
4453,4874,2024-05-29,1484.77,Partial
4454,1893,2023-04-06,1154.92,Partial
4455,511,2023-10-20,1687.21,Minimum
4456,3128,2024-06-18,374.67,Full
4457,74,2024-04-02,260.62,Partial
4458,3899,2023-03-09,1754.46,Minimum
4459,2366,2022-08-18,1888.5,Minimum
4460,549,2024-10-18,1202.63,Partial
4461,3283,2022-02-14,1847.06,Partial
4462,266,2024-02-17,406.36,Partial
4463,3409,2022-05-20,1760.71,Minimum
4464,1857,2022-10-18,1761.48,Minimum
4465,4957,2024-03-05,1439.89,Partial
4466,3426,2023-03-22,1909.09,Partial
4467,4113,2023-07-28,1138.81,Minimum
4468,602,2023-11-22,821.74,Full
4469,1360,2023-02-20,851.58,Full
4470,4304,2024-07-01,431.32,Minimum
4471,1135,2023-12-20,1676.46,Full
4472,2764,2024-10-01,1084.13,Full
4473,4027,2023-09-28,137.27,Full
4474,2632,2024-04-23,767.61,Full
4475,2873,2022-12-17,1650.83,Full
4476,507,2022-12-28,190.44,Partial
4477,2094,2022-04-03,1318.01,Partial
4478,2775,2024-01-31,1143.41,Full
4479,1804,2023-05-23,269.81,Full
4480,3434,2023-02-05,809.58,Partial
4481,2291,2023-01-18,778.98,Full
4482,1180,2024-12-30,771.79,Full
4483,3210,2023-10-10,322.71,Minimum
4484,4174,2023-11-21,1670.27,Minimum
4485,4794,2022-03-21,212.47,Minimum
4486,4238,2022-01-02,1844.76,Minimum
4487,3357,2024-07-23,659.61,Minimum
4488,2566,2022-12-29,1756.29,Minimum
4489,275,2024-08-04,1706.05,Partial
4490,4522,2023-05-13,39.21,Partial
4491,2504,2023-08-15,957.75,Minimum
4492,3201,2024-03-15,661.0,Full
4493,4589,2023-10-11,1410.08,Full
4494,3650,2023-06-03,144.77,Full
4495,2878,2022-11-02,598.85,Full
4496,1073,2024-07-18,173.09,Partial
4497,71,2024-10-02,650.58,Minimum
4498,232,2024-02-17,851.71,Partial
4499,2558,2024-07-10,618.17,Partial
4500,976,2024-02-12,1351.72,Minimum
4501,924,2022-01-03,1237.99,Minimum
4502,4070,2022-01-08,905.72,Partial
4503,4740,2023-07-29,346.14,Full
4504,3457,2024-02-23,608.69,Minimum
4505,1380,2024-06-28,24.58,Minimum
4506,1703,2022-06-19,1141.72,Full
4507,1307,2024-11-03,769.27,Full
4508,3083,2023-09-05,1143.11,Minimum
4509,2712,2024-12-07,984.91,Full
4510,531,2022-10-26,863.35,Full
4511,3777,2023-04-01,1472.66,Full
4512,1725,2024-04-13,1115.51,Partial
4513,1688,2022-07-01,1534.89,Minimum
4514,4406,2023-03-22,1352.84,Partial
4515,148,2023-09-06,337.27,Full
4516,3621,2023-04-26,228.63,Minimum
4517,2907,2024-12-30,998.51,Full
4518,95,2022-09-13,1891.12,Minimum
4519,4602,2022-05-29,163.2,Partial
4520,4544,2022-08-16,149.99,Minimum
4521,1477,2024-09-01,1103.01,Partial
4522,2294,2023-03-01,1979.13,Partial
4523,3736,2024-12-28,969.41,Full
4524,3814,2022-02-28,1488.05,Minimum
4525,726,2024-09-28,973.35,Full
4526,2951,2023-05-15,941.95,Partial
4527,3622,2022-11-02,464.85,Partial
4528,3363,2024-05-19,1249.91,Partial
4529,2489,2022-11-19,1963.74,Partial
4530,2041,2023-10-23,1009.3,Minimum
4531,4549,2023-10-21,1304.29,Partial
4532,2549,2022-01-06,1792.67,Partial
4533,1630,2023-01-10,894.81,Minimum
4534,4999,2022-03-27,981.98,Full
4535,3708,2023-12-08,600.61,Partial
4536,2052,2023-02-01,626.46,Full
4537,2171,2024-09-03,559.13,Partial
4538,1912,2023-12-01,1048.4,Minimum
4539,3643,2023-09-25,1762.06,Minimum
4540,1411,2022-04-06,1002.6,Full
4541,2510,2023-07-28,1681.98,Full
4542,285,2024-02-01,1797.49,Minimum
4543,65,2022-09-23,1844.14,Minimum
4544,53,2022-04-19,907.59,Full
4545,1069,2024-02-24,1336.52,Minimum
4546,1077,2022-06-18,374.75,Minimum
4547,4135,2022-07-28,1281.93,Partial
4548,3139,2024-03-05,80.27,Partial
4549,4557,2024-11-05,1325.03,Partial
4550,3597,2024-04-03,688.08,Full
4551,486,2023-04-02,1185.95,Full
4552,2781,2022-06-19,202.77,Partial
4553,4630,2023-04-27,929.56,Minimum
4554,4762,2023-04-25,1310.4,Full
4555,2221,2023-04-17,259.56,Minimum
4556,1823,2023-12-15,677.95,Partial
4557,2151,2024-12-14,76.04,Full
4558,2429,2022-07-07,180.07,Partial
4559,4527,2023-12-25,417.27,Minimum
4560,1310,2023-04-07,1841.16,Full
4561,438,2024-10-29,1907.92,Minimum
4562,4887,2024-01-19,493.98,Partial
4563,1515,2022-02-18,1416.8,Full
4564,1773,2022-07-21,1469.13,Partial
4565,2406,2022-06-09,1263.99,Minimum
4566,2402,2023-01-22,1203.32,Partial
4567,3926,2023-06-25,990.62,Partial
4568,274,2022-03-28,412.99,Minimum
4569,834,2022-05-16,294.44,Minimum
4570,4503,2023-03-19,750.84,Minimum
4571,2216,2023-11-20,480.93,Full
4572,356,2024-06-03,1609.73,Full
4573,1283,2024-05-24,1205.06,Minimum
4574,514,2024-06-19,1429.06,Minimum
4575,3439,2024-08-29,1003.27,Minimum
4576,2043,2023-06-22,245.25,Minimum
4577,166,2022-12-04,1528.86,Full
4578,1128,2024-05-05,1227.28,Partial
4579,4323,2022-04-03,1230.78,Full
4580,4725,2023-05-23,575.86,Minimum
4581,3571,2024-05-16,1155.48,Full
4582,4688,2023-02-13,1808.77,Minimum
4583,36,2022-02-19,777.29,Full
4584,2043,2022-07-07,1174.81,Partial
4585,4666,2023-07-02,269.24,Full
4586,3613,2024-11-21,769.16,Partial
4587,1899,2022-01-24,1892.96,Partial
4588,745,2023-08-29,554.83,Minimum
4589,4895,2022-11-04,1616.59,Minimum
4590,1928,2024-03-02,1818.67,Full
4591,137,2022-06-25,1985.42,Partial
4592,4036,2023-04-01,864.74,Full
4593,3513,2023-05-15,477.45,Partial
4594,259,2024-05-03,1063.48,Partial
4595,2957,2023-10-27,1135.76,Full
4596,3494,2022-12-05,1652.61,Full
4597,3575,2022-02-12,294.65,Full
4598,4924,2022-12-21,859.34,Full
4599,4387,2022-06-12,1930.71,Partial
4600,1223,2024-01-17,1963.54,Partial
4601,3785,2024-07-24,1195.2,Full
4602,4461,2024-06-16,1117.85,Full
4603,3322,2023-04-10,287.29,Minimum
4604,1015,2022-06-15,1912.0,Full
4605,37,2023-06-02,385.24,Full
4606,692,2023-07-23,94.44,Partial
4607,1860,2024-01-27,1042.88,Partial
4608,612,2023-06-09,1315.91,Full
4609,1078,2023-07-03,1317.61,Minimum
4610,502,2022-12-21,1638.2,Minimum
4611,4728,2024-09-07,1469.42,Partial
4612,1691,2023-01-05,426.92,Partial
4613,4452,2022-07-27,1869.68,Partial
4614,2822,2023-02-08,430.27,Partial
4615,2167,2024-09-26,747.0,Minimum
4616,2276,2023-02-09,1186.05,Minimum
4617,838,2024-07-29,571.68,Partial
4618,942,2024-10-23,534.36,Full
4619,3434,2022-11-08,1279.71,Full
4620,1560,2023-11-25,1979.41,Partial
4621,636,2024-11-20,509.36,Full
4622,3342,2022-02-14,1233.9,Partial
4623,3832,2022-04-30,1141.66,Full
4624,490,2023-03-27,51.76,Partial
4625,4202,2023-06-30,111.88,Full
4626,608,2022-06-19,1889.4,Minimum
4627,924,2023-12-28,1451.38,Partial
4628,3161,2024-07-10,333.42,Partial
4629,3868,2023-11-09,719.52,Partial
4630,3157,2022-06-07,1140.75,Full
4631,286,2023-04-23,1440.33,Partial
4632,3762,2024-03-28,268.28,Minimum
4633,1699,2024-03-18,32.94,Partial
4634,4205,2022-11-12,1304.99,Minimum
4635,2091,2022-05-04,1140.51,Full
4636,2858,2024-01-04,1529.67,Full
4637,3520,2022-11-23,330.7,Full
4638,720,2023-12-26,1002.25,Minimum
4639,2400,2022-01-10,1466.58,Full
4640,1754,2022-12-11,1818.95,Partial
4641,2992,2024-12-11,1324.19,Partial
4642,3481,2022-05-25,1550.83,Minimum
4643,2632,2022-01-29,136.75,Partial
4644,2657,2022-12-23,77.62,Partial
4645,249,2022-05-20,1393.72,Partial
4646,4010,2022-08-02,892.82,Minimum
4647,3746,2022-05-17,50.26,Partial
4648,2494,2023-03-24,783.16,Partial
4649,3258,2023-10-27,1123.89,Full
4650,4773,2022-01-22,1737.16,Full
4651,1312,2024-08-01,346.13,Partial
4652,3256,2022-03-01,1829.51,Partial
4653,4011,2023-01-22,65.05,Minimum
4654,888,2022-08-05,806.74,Minimum
4655,2757,2022-12-25,1309.79,Minimum
4656,1997,2022-07-18,297.48,Full
4657,4427,2023-09-27,1587.06,Full
4658,3091,2024-07-10,1928.08,Full
4659,1661,2022-02-03,112.98,Minimum
4660,2764,2023-05-05,82.93,Full
4661,4608,2022-03-18,1946.91,Full
4662,902,2024-07-12,434.11,Partial
4663,4150,2023-12-12,380.14,Minimum
4664,344,2022-12-24,553.7,Minimum
4665,3021,2022-12-01,1612.82,Minimum
4666,3043,2023-07-30,94.54,Full
4667,3866,2022-10-19,242.35,Full
4668,3005,2024-12-06,1603.45,Minimum
4669,2765,2024-01-19,1298.41,Partial
4670,3657,2023-02-04,1187.92,Minimum
4671,2830,2024-12-09,802.26,Minimum
4672,4112,2023-08-14,236.59,Partial
4673,2060,2022-05-01,291.22,Partial
4674,4915,2024-06-17,402.46,Minimum
4675,2341,2022-06-07,1443.47,Partial
4676,2998,2022-05-18,133.65,Full
4677,71,2023-04-08,431.37,Minimum
4678,4443,2023-12-26,955.03,Full
4679,4371,2023-01-30,1270.81,Minimum
4680,3518,2022-05-09,328.83,Minimum
4681,376,2024-09-30,409.66,Minimum
4682,1250,2023-11-03,430.05,Partial
4683,3129,2024-01-16,1816.93,Full
4684,66,2022-08-17,1395.61,Full
4685,3342,2023-01-19,478.02,Minimum
4686,4570,2022-03-03,1910.97,Partial
4687,4060,2023-05-14,984.01,Minimum
4688,550,2023-10-03,1175.6,Partial
4689,1418,2022-04-10,1271.05,Partial
4690,4044,2022-06-21,1353.16,Full
4691,1609,2023-05-27,1164.08,Partial
4692,2812,2024-08-23,809.0,Full
4693,1712,2022-05-07,438.62,Partial
4694,1814,2022-12-29,955.04,Partial
4695,1597,2023-10-08,1234.73,Partial
4696,1833,2024-10-04,1090.61,Partial
4697,2655,2022-06-13,1147.2,Partial
4698,332,2023-09-01,202.39,Partial
4699,4003,2023-06-21,454.67,Minimum
4700,449,2024-01-20,1329.65,Partial
4701,1432,2023-06-13,1424.69,Full
4702,2608,2023-01-24,513.52,Partial
4703,3682,2022-07-30,1562.06,Minimum
4704,4125,2024-11-12,1184.8,Partial
4705,2183,2022-11-13,1088.79,Partial
4706,15,2022-07-29,1705.73,Partial
4707,4868,2022-04-26,1913.28,Full
4708,623,2022-11-20,1224.72,Minimum
4709,3975,2023-04-29,625.58,Partial
4710,1828,2024-05-10,462.09,Partial
4711,862,2023-08-24,639.74,Partial
4712,3792,2023-03-10,762.02,Full
4713,1202,2023-06-03,1770.47,Minimum
4714,206,2022-07-03,740.38,Full
4715,3165,2024-07-12,1809.68,Partial
4716,2227,2023-10-12,1718.88,Full
4717,4758,2024-03-06,1017.97,Minimum
4718,2309,2023-08-25,542.71,Full
4719,1553,2022-03-04,958.25,Full
4720,2491,2022-11-15,1931.11,Minimum
4721,3105,2022-12-29,545.44,Full
4722,332,2024-06-16,1151.33,Full
4723,804,2024-10-08,123.74,Full
4724,2065,2023-10-23,636.68,Minimum
4725,4006,2022-08-22,1813.05,Partial
4726,4771,2022-01-09,1507.02,Full
4727,4589,2023-03-11,1860.0,Full
4728,4007,2023-05-29,812.84,Full
4729,3682,2023-08-03,1760.32,Full
4730,2050,2023-07-18,1350.33,Minimum
4731,542,2022-12-05,1719.55,Minimum
4732,1785,2024-01-21,1879.75,Minimum
4733,1748,2024-07-10,1451.5,Partial
4734,2727,2024-01-12,1747.02,Partial
4735,2584,2022-06-19,1198.69,Partial
4736,455,2024-11-28,854.86,Partial
4737,1722,2024-01-22,311.45,Partial
4738,2332,2023-07-24,36.73,Partial
4739,3150,2024-10-16,510.0,Partial
4740,1930,2024-01-10,749.91,Minimum
4741,2770,2024-12-09,656.39,Partial
4742,372,2024-09-27,1798.46,Minimum
4743,879,2024-04-03,481.12,Full
4744,3090,2024-12-05,1469.88,Full
4745,3286,2024-12-31,399.51,Full
4746,4402,2024-06-26,1778.95,Full
4747,4216,2024-06-20,378.5,Partial
4748,3612,2023-05-07,1933.99,Partial
4749,1772,2023-11-27,756.45,Minimum
4750,3808,2023-04-07,1700.94,Minimum
4751,4024,2023-10-25,522.97,Full
4752,1639,2024-11-29,1333.84,Partial
4753,381,2023-10-23,1318.99,Minimum
4754,3596,2022-10-03,1277.95,Full
4755,942,2023-02-12,990.59,Partial
4756,1993,2023-04-25,1875.3,Partial
4757,4158,2024-03-22,937.11,Partial
4758,2453,2022-10-27,1327.36,Partial
4759,3619,2023-08-30,1339.21,Full
4760,455,2024-04-24,1294.28,Partial
4761,3205,2023-08-06,1305.16,Minimum
4762,3743,2024-07-09,496.92,Minimum
4763,2045,2023-01-15,183.97,Minimum
4764,1967,2022-09-04,1922.61,Minimum
4765,3406,2023-05-12,833.65,Minimum
4766,85,2024-11-06,1060.8,Minimum
4767,4839,2024-03-07,954.78,Full
4768,2804,2023-01-01,889.49,Full
4769,744,2022-08-03,1810.49,Partial
4770,2376,2022-05-01,613.97,Minimum
4771,2354,2024-04-10,325.21,Full
4772,310,2024-08-13,169.55,Partial
4773,3505,2024-03-30,1847.97,Minimum
4774,3005,2024-09-23,1261.56,Minimum
4775,3370,2023-07-05,212.42,Partial
4776,2535,2024-08-13,1116.15,Full
4777,2578,2023-10-31,942.41,Full
4778,2575,2022-06-05,1927.54,Full
4779,1925,2023-09-25,1074.0,Partial
4780,2769,2022-08-01,1928.22,Full
4781,2804,2024-07-18,1436.99,Minimum
4782,3005,2024-09-02,1413.35,Full
4783,1870,2022-09-15,581.05,Minimum
4784,470,2022-08-13,235.47,Full
4785,2632,2023-10-26,1154.07,Full
4786,1167,2024-08-07,929.83,Partial
4787,4546,2023-12-17,1904.8,Partial
4788,964,2024-01-02,413.82,Full
4789,779,2024-10-08,385.64,Partial
4790,1460,2022-07-31,366.43,Partial
4791,3685,2024-11-27,349.72,Full
4792,757,2024-06-18,639.24,Minimum
4793,3959,2022-01-16,1087.18,Minimum
4794,158,2023-01-17,1732.24,Full
4795,3697,2022-11-21,1898.84,Minimum
4796,2420,2022-03-03,1691.13,Partial
4797,4629,2024-04-30,487.22,Partial
4798,4243,2023-12-28,949.47,Full
4799,2752,2022-03-14,286.97,Full
4800,4110,2023-11-30,1332.99,Partial
4801,1167,2023-01-09,68.11,Minimum
4802,1956,2024-08-05,743.91,Full
4803,1151,2022-10-05,1288.87,Partial
4804,920,2023-04-27,1511.7,Partial
4805,2463,2023-06-30,1907.73,Full
4806,1571,2022-06-27,1517.48,Partial
4807,4187,2024-11-25,627.39,Minimum
4808,3729,2023-11-22,1286.96,Full
4809,2831,2024-08-09,1489.35,Minimum
4810,375,2023-05-31,1547.61,Partial
4811,1199,2024-01-14,218.31,Minimum
4812,4679,2024-04-24,1539.41,Full
4813,1755,2024-11-05,260.36,Full
4814,1854,2024-07-07,1296.77,Minimum
4815,1694,2023-11-08,1517.63,Minimum
4816,4986,2022-06-26,1775.88,Minimum
4817,2840,2022-07-21,80.24,Partial
4818,2387,2022-05-16,1773.61,Full
4819,3918,2024-10-03,991.14,Full
4820,124,2022-12-16,1711.7,Minimum
4821,473,2023-02-24,905.83,Partial
4822,521,2022-08-17,438.93,Partial
4823,4933,2024-11-07,984.2,Partial
4824,4142,2022-05-25,1399.71,Minimum
4825,4005,2024-12-20,1866.5,Partial
4826,2056,2022-06-22,1140.88,Partial
4827,4983,2023-10-14,1146.0,Partial
4828,3311,2024-11-03,495.93,Full
4829,4765,2022-02-26,1526.75,Partial
4830,998,2024-10-12,488.11,Minimum
4831,1379,2023-11-09,1054.62,Minimum
4832,4992,2022-12-30,412.33,Full
4833,2578,2024-02-19,1052.53,Minimum
4834,75,2024-08-16,1262.32,Full
4835,2687,2024-06-27,1590.54,Partial
4836,4179,2023-07-21,1575.54,Minimum
4837,2603,2022-05-07,1134.41,Partial
4838,4627,2023-07-25,1364.9,Full
4839,4339,2023-06-10,1878.87,Minimum
4840,4002,2024-12-02,1336.98,Minimum
4841,33,2023-05-10,606.86,Partial
4842,4976,2022-01-13,1773.13,Partial
4843,3492,2023-07-28,1217.73,Partial
4844,505,2022-02-18,82.6,Minimum
4845,942,2023-09-22,1993.88,Full
4846,2901,2023-07-06,408.28,Minimum
4847,1663,2022-07-04,518.35,Partial
4848,950,2024-02-23,1567.77,Partial
4849,809,2024-10-10,1464.03,Full
4850,3219,2022-04-28,806.6,Partial
4851,3956,2023-10-14,1422.83,Minimum
4852,3888,2024-08-09,1416.97,Full
4853,3424,2024-01-16,1776.16,Minimum
4854,484,2024-10-27,1942.95,Full
4855,1684,2022-06-14,252.72,Full
4856,1583,2024-09-18,506.26,Minimum
4857,3040,2022-08-18,468.01,Partial
4858,2681,2023-05-28,1637.93,Full
4859,3555,2024-05-09,1459.92,Partial
4860,4492,2023-12-01,271.72,Minimum
4861,1817,2024-07-13,480.07,Partial
4862,1081,2023-01-18,1067.53,Full
4863,4505,2024-04-16,985.3,Full
4864,4712,2024-08-18,1995.81,Partial
4865,2514,2023-02-06,1269.82,Full
4866,2029,2022-06-25,301.43,Minimum
4867,3963,2022-06-12,1727.2,Full
4868,1963,2024-02-23,369.04,Full
4869,1764,2023-10-24,655.14,Full
4870,56,2024-10-17,808.55,Full
4871,312,2023-09-28,1834.22,Full
4872,2173,2023-06-09,173.75,Minimum
4873,4316,2023-11-20,885.87,Minimum
4874,1481,2023-08-25,373.15,Full
4875,4200,2023-10-21,1365.31,Partial
4876,4590,2024-05-18,833.99,Minimum
4877,1596,2023-06-12,317.29,Full
4878,943,2022-08-08,1780.14,Partial
4879,2072,2022-06-18,675.42,Minimum
4880,1697,2024-09-26,1623.82,Minimum
4881,1256,2023-12-03,187.34,Full
4882,4482,2024-02-17,1312.01,Partial
4883,409,2022-02-22,594.78,Partial
4884,505,2023-12-23,1444.35,Full
4885,3572,2023-05-15,1385.24,Full
4886,2947,2023-03-17,1939.25,Full
4887,305,2022-09-08,527.74,Full
4888,3268,2022-06-10,636.44,Partial
4889,786,2023-09-12,565.8,Minimum
4890,1454,2024-03-16,285.03,Minimum
4891,931,2022-09-11,1816.99,Minimum
4892,1890,2023-03-22,1236.18,Partial
4893,1353,2023-09-24,1070.11,Minimum
4894,2133,2024-02-15,1942.44,Full
4895,854,2024-07-28,1096.7,Full
4896,2054,2024-05-19,1501.16,Minimum
4897,2596,2024-11-10,1897.43,Full
4898,4107,2022-06-10,1189.78,Minimum
4899,4053,2023-06-24,263.35,Partial
4900,3733,2022-04-25,1692.19,Minimum
4901,1779,2024-07-15,221.21,Full
4902,3387,2023-03-18,1894.15,Full
4903,2595,2024-01-28,904.47,Full
4904,4919,2022-11-06,1383.61,Minimum
4905,4330,2022-08-24,1698.47,Full
4906,1995,2024-08-15,347.72,Partial
4907,1908,2023-02-09,676.41,Full
4908,2756,2022-02-24,1345.49,Minimum
4909,3070,2023-09-12,1623.41,Minimum
4910,3555,2024-11-07,876.09,Full
4911,4603,2022-12-23,1685.4,Partial
4912,4404,2022-10-12,1993.15,Partial
4913,2335,2024-01-16,1491.53,Full
4914,1630,2023-02-04,891.27,Partial
4915,2606,2024-12-01,937.61,Partial
4916,3934,2022-12-05,1456.02,Full
4917,1432,2024-07-31,1898.62,Partial
4918,4024,2024-01-04,793.47,Full
4919,2910,2024-10-26,603.25,Partial
4920,2771,2023-04-12,159.82,Partial
4921,3709,2024-05-27,590.18,Full
4922,4334,2023-12-15,470.53,Minimum
4923,3671,2022-10-28,1099.05,Partial
4924,4093,2023-02-08,1395.03,Full
4925,1841,2022-11-25,1246.44,Partial
4926,1583,2024-08-12,154.27,Minimum
4927,2745,2022-03-28,1398.88,Minimum
4928,2362,2024-07-11,1561.61,Full
4929,2615,2022-01-21,982.27,Partial
4930,471,2024-02-04,1437.87,Full
4931,2732,2022-08-13,1494.72,Minimum
4932,1733,2022-07-03,628.57,Partial
4933,960,2022-04-09,48.62,Minimum
4934,4849,2023-07-10,558.8,Minimum
4935,1349,2023-11-23,144.3,Full
4936,4246,2024-03-05,531.94,Full
4937,119,2023-06-19,632.69,Partial
4938,2597,2024-05-12,570.84,Full
4939,1902,2024-05-26,1936.26,Full
4940,4465,2022-10-30,201.79,Partial
4941,2381,2022-07-21,1166.39,Full
4942,1087,2023-05-14,1184.2,Full
4943,4987,2024-10-22,617.29,Full
4944,454,2023-08-22,1604.74,Full
4945,3412,2024-01-06,366.61,Partial
4946,4527,2023-10-03,394.32,Full
4947,1239,2023-09-06,1053.56,Minimum
4948,2692,2024-02-10,1244.4,Partial
4949,253,2024-10-10,279.46,Full
4950,2097,2022-11-28,937.86,Minimum
4951,206,2022-08-23,765.3,Full
4952,2040,2024-03-30,1623.42,Full
4953,1985,2023-01-10,495.69,Partial
4954,4670,2022-11-27,437.07,Partial
4955,606,2024-04-25,1954.63,Minimum
4956,4863,2022-11-15,1195.15,Partial
4957,3348,2024-07-26,1004.41,Full
4958,484,2023-02-19,438.16,Partial
4959,2937,2023-12-17,1670.3,Partial
4960,2195,2022-03-30,205.99,Full
4961,116,2022-10-30,245.73,Minimum
4962,3145,2024-08-21,628.42,Minimum
4963,3521,2023-07-13,983.91,Minimum
4964,611,2024-10-17,1898.87,Partial
4965,2724,2023-06-23,1915.84,Minimum
4966,601,2023-06-14,289.79,Partial
4967,2752,2023-04-02,854.81,Full
4968,2326,2023-09-12,660.81,Minimum
4969,4685,2023-02-06,295.1,Full
4970,4401,2022-01-04,1228.13,Full
4971,3162,2024-02-03,1306.41,Full
4972,685,2024-04-28,710.17,Partial
4973,457,2023-05-29,895.32,Full
4974,2389,2023-07-25,1578.8,Partial
4975,1629,2023-06-14,132.35,Full
4976,2538,2022-09-09,1860.4,Full
4977,398,2023-07-18,1766.53,Full
4978,1266,2022-07-24,462.92,Partial
4979,3792,2022-03-20,878.79,Minimum
4980,971,2024-02-10,335.51,Full
4981,919,2023-01-31,485.68,Partial
4982,4556,2022-11-30,1451.44,Minimum
4983,2846,2022-09-10,1525.67,Full
4984,4976,2023-02-23,1469.02,Minimum
4985,3987,2022-08-28,160.33,Partial
4986,391,2023-05-26,268.44,Partial
4987,479,2024-06-01,1311.21,Minimum
4988,727,2024-08-12,1086.49,Minimum
4989,777,2023-01-31,821.86,Minimum
4990,2863,2022-04-23,1349.47,Full
4991,1131,2024-03-08,1797.6,Partial
4992,2424,2022-05-15,488.38,Full
4993,4527,2022-01-01,1525.97,Full
4994,4100,2023-07-04,473.63,Partial
4995,3334,2023-07-10,732.33,Full
4996,406,2023-09-08,1410.24,Minimum
4997,805,2022-09-10,1850.92,Partial
4998,1642,2022-03-02,1775.98,Minimum
4999,243,2022-03-20,385.08,Minimum
5000,4602,2023-09-21,683.31,Full
5001,1033,2024-06-21,517.13,Partial
5002,3993,2022-05-02,321.0,Full
5003,4774,2024-07-31,162.34,Full
5004,1496,2022-09-24,1469.99,Partial
5005,851,2022-04-29,546.81,Minimum
5006,711,2023-03-15,1023.01,Partial
5007,181,2024-05-26,348.31,Full
5008,108,2023-02-01,1771.38,Full
5009,3929,2022-03-13,49.32,Full
5010,2431,2022-07-15,697.81,Partial
5011,3511,2023-11-21,1713.74,Minimum
5012,2650,2022-02-27,756.33,Partial
5013,4201,2024-06-17,1635.25,Partial
5014,2658,2022-11-01,195.73,Full
5015,1058,2022-06-08,430.9,Partial
5016,3627,2023-04-19,1090.31,Partial
5017,165,2024-05-06,1633.84,Partial
5018,778,2023-07-31,310.89,Minimum
5019,4159,2024-04-09,1579.93,Full
5020,2859,2022-05-01,1864.02,Full
5021,3021,2024-02-08,48.21,Minimum
5022,4137,2022-05-04,487.66,Full
5023,4195,2023-03-08,261.01,Minimum
5024,4583,2023-08-23,264.06,Minimum
5025,1792,2024-09-20,1538.49,Partial
5026,1159,2022-06-05,373.07,Full
5027,2949,2024-09-26,827.33,Full
5028,1800,2024-03-31,1472.32,Partial
5029,4214,2022-07-20,72.58,Partial
5030,999,2023-10-28,1953.93,Full
5031,1054,2024-06-13,430.03,Minimum
5032,4462,2023-07-28,1448.58,Partial
5033,3474,2022-12-13,1890.29,Partial
5034,2201,2024-10-26,1296.2,Minimum
5035,4813,2022-06-09,1302.54,Partial
5036,1802,2022-02-10,497.96,Full
5037,1324,2024-04-13,1318.85,Partial
5038,4917,2022-05-01,444.79,Partial
5039,2438,2024-04-01,341.4,Full
5040,3308,2024-09-20,1412.72,Minimum
5041,1558,2022-08-13,1367.84,Partial
5042,4464,2024-07-06,430.35,Partial
5043,944,2024-05-04,1080.04,Minimum
5044,4044,2023-07-12,703.41,Partial
5045,3350,2024-10-01,1268.6,Minimum
5046,4322,2024-03-01,1734.31,Full
5047,3259,2022-12-21,643.14,Minimum
5048,2899,2023-09-24,1101.33,Partial
5049,2605,2024-12-16,1691.25,Full
5050,2860,2024-10-06,1978.37,Full
5051,3279,2022-06-29,538.02,Partial
5052,1522,2024-05-26,291.79,Partial
5053,544,2022-12-05,796.58,Minimum
5054,3426,2022-10-26,477.49,Full
5055,4332,2023-10-16,394.38,Minimum
5056,1488,2022-08-05,1110.17,Minimum
5057,2953,2023-02-16,313.96,Minimum
5058,2772,2024-12-28,617.82,Full
5059,3658,2023-11-05,545.23,Full
5060,1168,2024-01-28,1193.59,Full
5061,739,2022-06-27,590.0,Minimum
5062,3609,2024-09-08,1864.5,Full
5063,921,2022-11-19,1945.78,Minimum
5064,2156,2024-04-10,1676.48,Full
5065,3509,2023-11-01,292.53,Minimum
5066,671,2022-01-09,152.87,Full
5067,296,2022-10-24,1254.61,Full
5068,1657,2024-10-11,1310.77,Minimum
5069,4046,2022-08-11,835.7,Full
5070,432,2024-11-18,267.0,Minimum
5071,4714,2024-12-02,558.66,Minimum
5072,2115,2024-05-04,986.79,Minimum
5073,3845,2022-11-12,1116.05,Full
5074,1709,2022-04-05,199.83,Minimum
5075,3848,2024-08-13,841.18,Full
5076,1010,2024-10-15,208.9,Minimum
5077,4192,2024-12-02,92.72,Full
5078,3314,2023-01-11,718.94,Partial
5079,4821,2022-02-19,1598.71,Minimum
5080,3963,2022-06-18,1721.33,Partial
5081,3462,2024-06-03,1349.44,Partial
5082,3586,2022-10-09,370.19,Full
5083,901,2023-08-25,1299.28,Minimum
5084,3043,2022-06-08,1311.73,Full
5085,4942,2023-05-02,1719.87,Minimum
5086,3163,2024-12-30,1970.53,Full
5087,3182,2022-09-24,1214.39,Minimum
5088,2515,2024-02-23,1178.77,Full
5089,4797,2024-08-06,882.38,Full
5090,1971,2023-12-27,26.56,Minimum
5091,449,2024-08-17,812.53,Minimum
5092,4227,2024-10-03,1269.15,Minimum
5093,3659,2022-06-29,1319.69,Minimum
5094,659,2022-09-17,135.8,Full
5095,1172,2024-07-15,248.55,Minimum
5096,1899,2024-07-08,1162.56,Partial
5097,2195,2022-10-26,40.35,Minimum
5098,2304,2023-11-22,1223.39,Partial
5099,4963,2022-06-23,1734.92,Partial
5100,4284,2024-01-12,603.03,Minimum
5101,3687,2023-01-21,661.74,Minimum
5102,631,2023-07-08,1650.71,Full
5103,4967,2023-01-31,1825.47,Minimum
5104,4908,2024-03-28,713.81,Partial
5105,2502,2024-06-05,593.16,Full
5106,1471,2022-11-18,974.0,Full
5107,3441,2024-08-18,144.95,Minimum
5108,4679,2023-02-23,774.38,Full
5109,3315,2023-03-07,1543.58,Full
5110,4103,2024-03-26,952.52,Full
5111,1168,2022-10-11,1880.32,Full
5112,2956,2024-03-02,1681.25,Minimum
5113,22,2022-11-04,417.2,Minimum
5114,3784,2023-11-13,1600.02,Partial
5115,2287,2024-02-05,246.03,Minimum
5116,4071,2024-10-07,963.51,Full
5117,4492,2022-02-23,734.43,Full
5118,1294,2022-01-27,1678.46,Minimum
5119,3613,2023-08-03,1341.36,Minimum
5120,4529,2022-12-28,1313.84,Full
5121,3822,2024-02-02,1260.68,Partial
5122,1945,2024-06-11,1567.72,Full
5123,336,2022-10-15,126.14,Partial
5124,592,2023-07-07,1557.82,Partial
5125,3893,2024-07-02,1874.01,Minimum
5126,3767,2024-05-29,1633.53,Full
5127,3894,2023-06-19,1571.46,Minimum
5128,1773,2022-10-09,1550.18,Minimum
5129,2539,2024-08-19,302.18,Minimum
5130,4416,2024-07-03,1260.49,Minimum
5131,3863,2024-09-27,1163.14,Minimum
5132,2937,2023-04-12,762.74,Minimum
5133,944,2024-06-04,270.03,Full
5134,4891,2024-03-25,1083.3,Minimum
5135,1411,2022-04-17,1960.49,Full
5136,830,2022-09-16,1247.99,Full
5137,4482,2022-11-20,591.34,Full
5138,956,2024-01-09,582.39,Minimum
5139,3180,2024-02-05,298.59,Partial
5140,2479,2022-06-13,1650.19,Full
5141,3928,2023-03-23,73.16,Full
5142,4025,2023-07-10,815.15,Full
5143,4989,2023-12-12,842.89,Minimum
5144,4343,2024-01-14,477.28,Minimum
5145,1826,2024-07-27,1242.05,Partial
5146,4242,2022-07-11,596.99,Full
5147,469,2023-03-11,1990.2,Full
5148,3801,2022-09-15,1858.93,Full
5149,4506,2023-07-16,724.25,Partial
5150,3068,2023-11-26,572.08,Minimum
5151,4219,2023-03-11,1176.37,Minimum
5152,4416,2023-11-16,418.93,Partial
5153,940,2024-03-13,1414.13,Minimum
5154,2412,2022-07-13,1379.39,Minimum
5155,1275,2022-05-23,1438.38,Partial
5156,2684,2024-05-01,160.41,Minimum
5157,354,2024-06-29,35.84,Minimum
5158,153,2024-10-20,1608.78,Partial
5159,3721,2024-12-27,277.67,Minimum
5160,1260,2024-07-16,1499.31,Full
5161,4234,2022-11-13,373.41,Minimum
5162,3845,2024-11-03,574.98,Partial
5163,1211,2022-11-06,1841.36,Full
5164,1844,2024-11-12,862.91,Minimum
5165,2719,2022-06-23,1157.11,Minimum
5166,1691,2023-11-17,235.71,Partial
5167,4880,2023-06-02,597.57,Full
5168,1682,2024-05-14,686.17,Partial
5169,1739,2024-02-06,274.09,Partial
5170,3690,2023-01-01,861.31,Minimum
5171,4908,2023-08-04,844.16,Full
5172,4678,2023-04-27,1836.98,Partial
5173,4865,2022-06-01,1798.08,Partial
5174,2333,2022-02-07,219.94,Partial
5175,3585,2024-07-11,426.98,Minimum
5176,2606,2022-11-05,449.07,Partial
5177,3539,2024-04-22,1888.73,Minimum
5178,2097,2024-03-08,653.97,Partial
5179,2458,2023-09-17,987.21,Minimum
5180,865,2022-12-25,946.86,Partial
5181,2676,2022-11-08,206.34,Partial
5182,2559,2022-12-28,887.63,Partial
5183,1894,2022-02-13,738.91,Partial
5184,4609,2023-02-20,1074.64,Minimum
5185,3647,2023-11-28,1954.36,Partial
5186,3965,2024-08-17,1325.95,Full
5187,336,2023-05-15,1849.93,Full
5188,2147,2022-07-22,146.95,Minimum
5189,2331,2022-08-27,261.87,Full
5190,4556,2022-07-13,866.74,Partial
5191,2742,2022-07-04,282.95,Partial
5192,3060,2022-08-14,624.16,Full
5193,3414,2022-12-18,1068.14,Full
5194,1797,2022-02-23,1479.73,Minimum
5195,2532,2022-12-12,1845.65,Partial
5196,464,2024-01-19,876.08,Full
5197,3665,2024-02-04,1102.26,Partial
5198,108,2024-03-26,1470.75,Full
5199,623,2022-11-17,1578.32,Full
5200,770,2022-05-13,967.41,Partial
5201,3411,2022-04-04,869.91,Partial
5202,323,2024-08-30,31.46,Minimum
5203,3896,2022-05-30,1763.22,Minimum
5204,453,2022-07-18,84.11,Full
5205,4805,2024-09-18,1546.78,Partial
5206,3189,2022-05-29,878.17,Partial
5207,4656,2023-12-21,1718.98,Partial
5208,1626,2022-08-18,1964.65,Full
5209,992,2024-05-02,1554.88,Full
5210,3501,2023-11-28,268.97,Full
5211,1085,2022-11-22,1166.13,Minimum
5212,3402,2023-11-08,1229.07,Partial
5213,2233,2024-08-05,1730.25,Partial
5214,2479,2023-05-17,1492.05,Full
5215,4446,2024-10-14,492.54,Minimum
5216,1600,2024-04-10,1144.16,Minimum
5217,1423,2023-08-08,1666.42,Minimum
5218,3750,2023-12-04,904.38,Minimum
5219,1810,2023-05-19,1357.16,Partial
5220,1314,2022-04-23,1050.72,Full
5221,3418,2024-11-29,1828.56,Partial
5222,477,2022-04-10,1043.4,Partial
5223,2582,2024-12-12,484.73,Minimum
5224,4133,2023-09-21,357.02,Full
5225,1138,2022-03-16,1662.03,Full
5226,3897,2023-09-17,687.73,Minimum
5227,3787,2022-11-10,456.09,Minimum
5228,2520,2023-03-22,479.4,Minimum
5229,4829,2023-12-10,1685.28,Minimum
5230,3812,2023-04-05,120.51,Partial
5231,1552,2022-08-29,65.38,Minimum
5232,3130,2023-01-13,883.31,Minimum
5233,3343,2022-09-24,160.44,Partial
5234,2888,2022-03-10,1001.41,Partial
5235,3322,2023-05-16,455.93,Minimum
5236,2176,2024-02-11,918.94,Partial
5237,671,2024-04-19,50.93,Minimum
5238,4658,2024-12-05,905.1,Minimum
5239,4708,2024-10-09,576.37,Minimum
5240,157,2024-12-16,1909.03,Partial
5241,4451,2024-12-23,1401.48,Minimum
5242,2764,2024-10-20,82.17,Partial
5243,1870,2022-03-26,1154.12,Partial
5244,2295,2024-06-02,1562.77,Minimum
5245,4597,2022-06-20,865.07,Minimum
5246,3059,2024-08-04,1958.98,Partial
5247,2628,2023-06-07,1514.32,Full
5248,4198,2023-06-15,402.95,Minimum
5249,34,2022-02-01,1205.68,Partial
5250,3859,2022-07-19,164.08,Minimum
5251,4160,2023-01-03,144.12,Minimum
5252,1866,2024-08-30,1533.91,Minimum
5253,3130,2022-09-11,1029.23,Full
5254,1863,2023-02-13,799.24,Partial
5255,1355,2023-11-10,1708.54,Partial
5256,1348,2022-09-25,105.66,Minimum
5257,3772,2024-03-31,28.94,Full
5258,1311,2023-08-18,564.4,Full
5259,1302,2023-04-09,435.73,Minimum
5260,1964,2023-03-22,929.2,Full
5261,4828,2022-12-28,27.34,Partial
5262,3325,2023-08-29,1849.02,Partial
5263,3618,2022-12-31,1676.14,Minimum
5264,3821,2024-08-09,342.95,Full
5265,3650,2023-02-05,1247.47,Minimum
5266,1123,2023-07-23,652.1,Full
5267,1632,2022-12-06,1638.0,Full
5268,2258,2024-04-17,1754.67,Partial
5269,1852,2024-07-05,1205.64,Full
5270,3144,2022-04-18,1791.83,Minimum
5271,2638,2022-09-07,604.95,Minimum
5272,4430,2024-05-07,718.71,Partial
5273,725,2022-07-20,150.28,Full
5274,1242,2022-06-15,756.55,Partial
5275,1873,2024-04-25,1664.66,Minimum
5276,1978,2022-07-26,510.95,Partial
5277,650,2023-12-01,1503.17,Minimum
5278,2598,2022-05-18,1272.32,Minimum
5279,4005,2024-03-15,285.72,Full
5280,895,2024-03-27,956.51,Minimum
5281,3818,2024-03-15,310.38,Full
5282,4520,2022-06-21,405.25,Full
5283,4571,2023-07-01,533.44,Minimum
5284,2622,2024-09-18,1650.82,Minimum
5285,4656,2023-02-26,1597.58,Full
5286,51,2024-11-25,1714.89,Minimum
5287,1033,2023-11-20,493.94,Minimum
5288,1533,2023-07-04,1405.55,Full
5289,2291,2024-08-30,1370.35,Partial
5290,3689,2022-05-17,479.82,Minimum
5291,4970,2023-01-11,173.73,Full
5292,4427,2024-12-19,611.45,Partial
5293,4103,2023-02-13,835.58,Full
5294,531,2024-10-01,1724.42,Full
5295,1458,2023-10-24,1862.69,Full
5296,852,2023-10-27,700.87,Minimum
5297,3828,2023-11-05,1847.87,Partial
5298,3166,2023-11-22,1884.94,Partial
5299,705,2022-12-23,1468.76,Partial
5300,4655,2022-03-16,1389.56,Full
5301,2571,2024-12-17,913.87,Minimum
5302,3172,2023-03-26,1762.21,Minimum
5303,1258,2023-07-27,1570.5,Full
5304,470,2022-12-06,1810.62,Partial
5305,1344,2024-09-13,1051.19,Partial
5306,3441,2022-01-19,227.92,Minimum
5307,3456,2022-03-25,352.9,Minimum
5308,542,2023-08-14,649.53,Partial
5309,3773,2023-11-12,407.87,Full
5310,1440,2024-11-11,1746.78,Partial
5311,4656,2024-02-22,1032.56,Full
5312,4531,2022-09-25,193.21,Full
5313,1923,2023-05-11,1119.43,Minimum
5314,2320,2022-02-24,771.86,Minimum
5315,1840,2024-03-10,1470.86,Full
5316,3350,2024-03-25,112.3,Partial
5317,1347,2024-09-26,1380.02,Full
5318,705,2024-12-27,276.07,Minimum
5319,3741,2023-12-12,1003.86,Partial
5320,4448,2024-09-08,1717.83,Partial
5321,1838,2022-10-19,1518.82,Partial
5322,2259,2023-08-20,649.49,Partial
5323,354,2024-09-13,1849.73,Full
5324,3799,2023-11-13,1105.91,Minimum
5325,4428,2023-08-01,1645.95,Partial
5326,4458,2024-12-28,1157.23,Partial
5327,4828,2024-01-14,1728.5,Full
5328,4165,2022-07-05,1556.75,Minimum
5329,490,2022-02-07,1706.51,Partial
5330,4865,2022-09-28,1552.83,Partial
5331,477,2024-04-28,694.99,Minimum
5332,3536,2024-05-08,1857.78,Full
5333,2262,2022-05-08,1357.32,Partial
5334,1058,2022-04-17,134.89,Partial
5335,3495,2024-04-11,1780.6,Full
5336,3302,2024-09-08,227.53,Partial
5337,350,2024-08-07,845.31,Full
5338,2110,2022-03-19,1010.88,Full
5339,438,2023-10-17,854.06,Minimum
5340,1816,2022-06-02,1507.5,Partial
5341,1290,2023-03-03,122.6,Partial
5342,1562,2024-03-18,1453.99,Partial
5343,2033,2023-05-07,1487.6,Minimum
5344,4865,2024-06-23,71.43,Partial
5345,1347,2023-01-21,303.34,Partial
5346,3521,2024-06-22,762.07,Partial
5347,4845,2024-04-03,1106.43,Partial
5348,4996,2024-03-14,336.48,Partial
5349,111,2024-01-04,1757.62,Partial
5350,3806,2024-02-28,1786.91,Partial
5351,583,2023-06-09,139.67,Full
5352,3368,2022-09-05,424.61,Minimum
5353,4759,2022-05-18,1123.82,Minimum
5354,1018,2023-06-08,859.67,Partial
5355,4215,2023-10-13,1774.98,Partial
5356,2099,2024-08-22,1075.36,Partial
5357,2351,2024-09-22,1440.35,Partial
5358,4677,2023-08-03,1144.44,Full
5359,1785,2023-05-23,1699.78,Minimum
5360,3363,2022-07-26,1882.45,Minimum
5361,4889,2023-07-05,114.64,Partial
5362,46,2024-03-19,1736.74,Full
5363,831,2023-06-05,1278.7,Full
5364,3682,2023-06-02,1928.5,Minimum
5365,1237,2022-11-03,1538.36,Minimum
5366,268,2022-11-01,1992.59,Full
5367,2449,2024-08-25,1030.0,Minimum
5368,302,2022-11-20,1439.29,Full
5369,2533,2024-12-12,1196.81,Full
5370,272,2023-05-14,568.31,Full
5371,696,2023-01-05,633.1,Minimum
5372,2689,2022-03-30,672.48,Minimum
5373,1452,2022-04-09,1885.43,Full
5374,1793,2022-02-19,1256.29,Full
5375,3803,2023-03-19,1845.06,Partial
5376,2185,2024-07-12,1590.05,Partial
5377,1888,2022-05-03,585.91,Full
5378,4632,2023-10-14,440.08,Partial
5379,2091,2022-08-17,1339.45,Partial
5380,4347,2022-06-23,1746.97,Minimum
5381,3372,2024-02-10,836.76,Partial
5382,3948,2022-10-03,303.9,Full
5383,656,2024-10-24,1562.64,Full
5384,3728,2022-06-02,36.14,Full
5385,289,2023-01-25,516.94,Partial
5386,1729,2023-05-12,1205.71,Full
5387,2072,2022-02-25,1202.91,Partial
5388,4392,2024-02-28,223.23,Full
5389,3381,2024-09-14,1954.15,Minimum
5390,1783,2023-02-13,1479.05,Minimum
5391,2885,2024-01-15,1451.88,Partial
5392,3505,2023-05-23,798.27,Minimum
5393,824,2023-09-20,829.24,Minimum
5394,2343,2023-11-15,499.35,Partial
5395,1870,2022-06-03,1898.8,Partial
5396,2801,2022-02-20,1018.85,Full
5397,2144,2023-08-06,120.49,Partial
5398,4917,2022-07-11,300.27,Full
5399,2882,2022-03-02,276.86,Partial
5400,3293,2023-04-15,1104.11,Partial
5401,3169,2022-07-18,810.63,Partial
5402,1844,2024-02-12,904.48,Partial
5403,2988,2024-05-20,1402.86,Full
5404,908,2023-06-07,1684.92,Minimum
5405,2506,2024-08-15,1769.23,Partial
5406,29,2023-01-20,1604.85,Partial
5407,3710,2022-12-01,1344.61,Partial
5408,2933,2022-06-15,1555.58,Minimum
5409,662,2022-01-19,1610.83,Minimum
5410,3470,2024-08-06,1356.27,Partial
5411,3234,2022-04-22,1338.84,Minimum
5412,2555,2024-12-14,1902.97,Full
5413,2043,2024-04-30,685.01,Full
5414,2037,2023-04-21,885.62,Full
5415,1422,2023-11-24,1441.55,Partial
5416,40,2023-03-27,422.7,Partial
5417,1127,2023-10-21,1261.61,Partial
5418,15,2023-12-13,1987.12,Full
5419,1233,2023-02-04,1913.3,Full
5420,4634,2023-05-16,557.35,Full
5421,3891,2023-11-05,527.16,Partial
5422,3370,2023-08-26,239.27,Partial
5423,1999,2023-07-03,646.71,Partial
5424,3345,2023-02-15,1153.68,Minimum
5425,3915,2022-09-03,1989.87,Partial
5426,2212,2022-12-04,725.91,Minimum
5427,2100,2023-10-24,1959.99,Full
5428,2421,2023-10-22,1678.07,Full
5429,3350,2022-12-12,1541.67,Partial
5430,4428,2023-01-14,1508.92,Full
5431,2064,2024-01-09,480.85,Minimum
5432,2818,2022-11-01,175.4,Minimum
5433,4708,2024-10-25,1857.75,Partial
5434,3724,2022-10-12,774.86,Minimum
5435,181,2022-09-09,685.85,Full
5436,919,2022-04-04,245.45,Full
5437,3586,2024-12-23,775.42,Minimum
5438,3427,2024-01-13,1629.94,Partial
5439,4590,2023-08-16,1179.06,Minimum
5440,4923,2022-12-17,1944.79,Partial
5441,281,2024-01-18,1815.62,Minimum
5442,2436,2024-09-28,670.25,Full
5443,4846,2024-06-25,1701.62,Minimum
5444,4320,2022-01-30,1603.29,Full
5445,634,2023-08-22,273.5,Partial
5446,2067,2024-09-14,128.99,Partial
5447,722,2023-01-22,948.1,Minimum
5448,4247,2024-10-19,1041.69,Full
5449,4298,2023-04-25,1898.33,Full
5450,4414,2022-03-14,1350.95,Partial
5451,4253,2023-07-11,757.75,Partial
5452,2477,2023-06-25,810.14,Full
5453,4493,2022-06-16,1025.78,Partial
5454,1742,2023-08-09,1002.41,Full
5455,4939,2022-02-11,1885.23,Full
5456,1168,2024-12-26,460.46,Minimum
5457,4199,2022-11-17,916.93,Minimum
5458,256,2024-06-22,898.72,Full
5459,3430,2022-02-23,1630.81,Partial
5460,612,2023-12-21,932.16,Minimum
5461,2811,2023-06-10,833.06,Full
5462,167,2024-07-10,1853.07,Partial
5463,3536,2022-12-23,1524.76,Minimum
5464,4617,2023-05-17,1514.57,Partial
5465,4474,2024-02-02,364.44,Partial
5466,1046,2023-11-25,962.35,Minimum
5467,779,2024-06-08,318.5,Minimum
5468,3984,2024-11-19,228.58,Partial
5469,2440,2022-02-12,1145.65,Partial
5470,129,2024-10-04,1419.41,Full
5471,2033,2024-11-20,1355.3,Minimum
5472,2699,2024-12-07,1933.39,Full
5473,709,2022-05-31,1325.4,Partial
5474,797,2024-05-04,1376.24,Partial
5475,3174,2024-10-06,1705.5,Full
5476,4391,2024-09-19,1825.87,Full
5477,2096,2024-12-23,954.33,Partial
5478,4734,2024-10-10,948.61,Full
5479,3531,2023-01-12,1483.52,Minimum
5480,2937,2024-03-28,1622.7,Partial
5481,4533,2024-02-19,814.96,Minimum
5482,1111,2023-10-20,437.29,Partial
5483,3511,2022-10-20,669.22,Minimum
5484,2812,2023-02-11,1780.28,Partial
5485,4426,2022-05-05,908.88,Minimum
5486,4338,2024-04-23,1051.38,Full
5487,4408,2023-08-03,1492.56,Minimum
5488,3270,2022-12-24,44.23,Minimum
5489,3325,2024-10-23,1672.23,Full
5490,1059,2022-11-13,1665.75,Minimum
5491,1493,2024-08-07,1713.61,Partial
5492,3327,2024-04-13,1549.68,Minimum
5493,3099,2024-12-24,182.89,Partial
5494,3379,2022-12-19,1603.26,Partial
5495,2359,2023-09-29,1438.35,Full
5496,4349,2023-08-11,1660.0,Full
5497,2533,2024-12-06,228.58,Minimum
5498,2653,2023-01-06,1115.87,Partial
5499,3350,2023-06-27,1239.37,Partial
5500,2400,2024-03-04,676.6,Full
5501,3230,2023-02-08,1910.82,Full
5502,4334,2023-09-01,1846.97,Full
5503,1122,2023-08-10,195.28,Partial
5504,816,2024-01-06,888.77,Minimum
5505,3375,2024-01-07,926.46,Partial
5506,3272,2024-11-03,277.68,Full
5507,4743,2024-07-10,1952.11,Partial
5508,203,2024-08-07,1294.86,Partial
5509,1646,2023-04-02,911.02,Full
5510,4949,2024-04-13,243.01,Full
5511,3910,2024-09-01,1209.56,Full
5512,876,2024-05-13,224.83,Partial
5513,705,2023-04-04,1340.5,Full
5514,2215,2023-12-14,1114.13,Partial
5515,191,2022-05-07,1046.91,Minimum
5516,4034,2024-11-20,390.84,Minimum
5517,2331,2024-04-28,254.36,Partial
5518,4893,2024-08-27,1719.36,Full
5519,2071,2024-09-14,1973.9,Minimum
5520,3646,2023-05-03,1827.21,Full
5521,974,2023-01-23,859.91,Minimum
5522,700,2024-02-07,860.8,Minimum
5523,3775,2022-11-18,269.32,Minimum
5524,55,2023-07-27,734.43,Full
5525,142,2024-10-03,211.94,Full
5526,717,2022-01-07,1949.87,Partial
5527,4856,2022-10-01,378.43,Minimum
5528,1275,2024-01-14,776.7,Minimum
5529,696,2022-12-02,1387.78,Partial
5530,4238,2023-01-20,833.67,Minimum
5531,102,2022-04-26,1616.28,Minimum
5532,3555,2022-09-05,47.0,Full
5533,3066,2023-07-21,1792.57,Partial
5534,3681,2023-02-08,468.89,Minimum
5535,801,2022-01-25,265.83,Partial
5536,1390,2023-01-19,1105.2,Minimum
5537,2072,2024-01-01,1426.97,Full
5538,2298,2023-04-08,1277.78,Partial
5539,2028,2023-09-02,562.25,Partial
5540,4734,2022-11-22,1554.67,Minimum
5541,3855,2023-03-15,232.53,Minimum
5542,5,2023-04-03,1448.53,Full
5543,3685,2023-05-11,1986.72,Partial
5544,4879,2022-07-03,687.5,Partial
5545,3189,2022-10-27,722.64,Minimum
5546,1139,2024-04-16,164.44,Partial
5547,3137,2023-10-24,1359.77,Full
5548,4678,2022-11-11,1324.11,Minimum
5549,674,2023-05-05,82.53,Full
5550,1727,2022-11-07,1246.06,Minimum
5551,2489,2024-11-08,915.08,Partial
5552,1837,2023-08-12,1223.27,Minimum
5553,2551,2022-06-12,1318.01,Full
5554,4331,2024-01-07,1377.1,Partial
5555,873,2023-06-03,1650.86,Partial
5556,3135,2024-04-13,385.61,Full
5557,4691,2024-09-17,285.27,Full
5558,203,2022-05-09,1248.36,Partial
5559,3966,2024-02-03,1944.5,Partial
5560,4859,2024-07-16,1103.23,Partial
5561,4902,2022-07-14,350.59,Full
5562,4965,2022-06-11,1074.86,Partial
5563,744,2022-08-20,233.18,Full
5564,2004,2024-10-25,1894.95,Full
5565,579,2022-04-24,319.43,Minimum
5566,3714,2024-03-30,112.79,Minimum
5567,2224,2022-06-15,858.35,Minimum
5568,741,2022-05-18,711.13,Minimum
5569,2266,2024-11-22,192.28,Partial
5570,2983,2024-11-24,1534.56,Full
5571,2171,2022-03-10,1555.36,Full
5572,2598,2023-01-25,561.32,Partial
5573,4959,2022-05-08,1092.58,Full
5574,980,2024-08-19,816.45,Full
5575,2254,2024-12-21,1487.97,Minimum
5576,2885,2024-06-01,1053.2,Partial
5577,4287,2022-12-02,1755.57,Partial
5578,2274,2024-02-05,1816.62,Minimum
5579,1283,2022-07-19,160.14,Full
5580,1734,2023-08-22,605.19,Minimum
5581,2774,2023-05-05,141.99,Partial
5582,3458,2022-07-03,129.06,Minimum
5583,1658,2022-10-09,1488.53,Full
5584,325,2022-02-21,695.12,Minimum
5585,783,2024-05-18,739.86,Minimum
5586,4374,2024-03-08,1960.19,Full
5587,3164,2024-07-04,1556.94,Partial
5588,2748,2024-12-03,900.54,Full
5589,3644,2022-11-22,179.33,Minimum
5590,2959,2024-09-25,1359.75,Minimum
5591,2859,2022-03-25,842.65,Full
5592,495,2022-11-01,1273.31,Full
5593,3505,2023-11-25,761.0,Minimum
5594,1116,2023-06-21,1770.34,Partial
5595,2244,2024-06-29,883.19,Minimum
5596,2385,2023-12-24,1813.89,Minimum
5597,1310,2023-04-17,795.8,Minimum
5598,586,2024-03-07,1407.03,Partial
5599,4973,2023-11-06,245.12,Partial
5600,702,2024-04-10,1162.67,Minimum
5601,4924,2023-09-11,643.48,Full
5602,196,2022-02-26,1385.93,Full
5603,935,2024-10-05,1605.79,Minimum
5604,1695,2024-02-15,1789.69,Minimum
5605,2660,2023-09-04,1545.95,Minimum
5606,2176,2022-11-19,449.26,Minimum
5607,4782,2024-06-17,1006.95,Full
5608,2096,2023-03-14,477.79,Minimum
5609,1762,2022-01-12,33.76,Partial
5610,1851,2023-02-24,1803.13,Partial
5611,3056,2022-03-08,1806.42,Full
5612,614,2024-04-01,1430.2,Full
5613,4227,2023-07-20,1307.95,Minimum
5614,693,2022-08-20,850.62,Partial
5615,3316,2024-02-28,1352.93,Minimum
5616,26,2022-08-18,1401.92,Full
5617,2162,2022-11-03,1824.72,Full
5618,1077,2022-07-08,1875.55,Minimum
5619,13,2023-10-02,1000.93,Full
5620,834,2024-06-26,780.27,Partial
5621,4403,2023-07-03,1316.05,Full
5622,4208,2023-04-20,1614.44,Minimum
5623,1422,2022-01-28,1656.11,Minimum
5624,4007,2024-11-27,185.67,Full
5625,2311,2023-10-18,1716.54,Partial
5626,1315,2024-06-10,47.71,Partial
5627,4219,2022-01-15,1171.58,Full
5628,1267,2024-02-05,1586.25,Partial
5629,2511,2022-12-09,115.18,Minimum
5630,4102,2022-02-10,962.86,Partial
5631,2726,2022-07-13,76.97,Minimum
5632,1365,2024-06-20,947.45,Full
5633,4745,2023-01-14,74.1,Partial
5634,635,2022-01-02,1757.86,Partial
5635,2392,2024-06-19,199.07,Partial
5636,1939,2022-08-28,1452.21,Full
5637,3372,2022-04-20,759.92,Full
5638,1244,2024-12-03,607.34,Full
5639,1100,2022-05-22,305.73,Full
5640,3003,2024-10-07,575.85,Partial
5641,603,2022-01-14,868.74,Minimum
5642,81,2023-09-13,1539.26,Full
5643,852,2022-04-23,1110.35,Minimum
5644,1045,2023-04-30,697.75,Minimum
5645,1633,2022-06-20,1075.15,Minimum
5646,249,2022-07-06,696.89,Partial
5647,3610,2022-07-07,564.89,Minimum
5648,2197,2024-07-24,1324.42,Minimum
5649,3177,2024-05-23,1779.3,Full
5650,47,2023-02-08,759.89,Full
5651,1713,2024-06-28,1229.13,Full
5652,2459,2024-04-17,1548.75,Full
5653,55,2022-02-14,477.06,Full
5654,818,2023-06-04,1367.87,Full
5655,1834,2023-06-02,995.67,Partial
5656,1972,2023-09-08,613.55,Partial
5657,3718,2022-07-07,1028.98,Minimum
5658,1699,2024-07-20,738.68,Minimum
5659,3723,2023-07-27,199.14,Minimum
5660,78,2023-01-04,582.91,Full
5661,233,2024-07-31,465.61,Partial
5662,4542,2022-12-01,1580.36,Full
5663,3304,2023-06-01,1135.01,Partial
5664,802,2024-11-27,416.04,Full
5665,3131,2022-09-11,1160.39,Minimum
5666,3333,2022-01-25,1385.61,Full
5667,800,2023-09-29,1266.63,Minimum
5668,2721,2022-09-22,1667.71,Partial
5669,3697,2023-08-02,1521.17,Minimum
5670,2474,2022-03-03,1515.31,Full
5671,4537,2022-10-07,185.5,Partial
5672,3393,2023-05-13,1225.41,Partial
5673,652,2022-06-11,1293.09,Full
5674,3702,2023-06-12,1599.97,Partial
5675,3262,2024-09-21,1913.4,Partial
5676,3466,2024-05-22,605.7,Partial
5677,3889,2023-07-23,734.76,Partial
5678,1152,2023-11-27,1807.8,Full
5679,1774,2022-09-22,1204.91,Partial
5680,3226,2022-08-14,1399.15,Partial
5681,2596,2024-06-15,607.24,Partial
5682,4647,2022-02-17,1710.58,Partial
5683,1860,2022-07-11,288.87,Minimum
5684,4737,2023-09-04,1406.01,Partial
5685,778,2023-09-02,1097.8,Full
5686,2385,2024-04-08,1142.24,Full
5687,4246,2024-02-28,53.29,Full
5688,4036,2025-01-01,893.78,Minimum
5689,4392,2024-12-10,1605.62,Partial
5690,4966,2024-03-15,72.26,Partial
5691,3770,2022-03-17,1902.38,Partial
5692,3507,2023-02-20,495.38,Minimum
5693,4816,2024-12-10,1324.12,Partial
5694,4538,2022-06-17,1255.63,Full
5695,1938,2024-02-02,1268.62,Partial
5696,508,2023-10-31,109.47,Full
5697,4607,2024-03-11,1643.61,Full
5698,4981,2024-08-17,1820.76,Minimum
5699,3731,2024-02-29,1384.22,Full
5700,2352,2024-12-14,1799.45,Full
5701,336,2024-07-01,187.53,Full
5702,2988,2023-01-18,1719.06,Partial
5703,2606,2022-12-04,583.57,Minimum
5704,992,2022-05-16,1954.16,Partial
5705,2855,2023-07-16,1124.39,Minimum
5706,1256,2023-09-15,1055.93,Full
5707,1544,2023-02-27,1533.99,Full
5708,1832,2024-02-08,1188.15,Full
5709,4652,2023-09-20,1495.12,Full
5710,2672,2024-11-25,700.37,Partial
5711,982,2024-02-22,1491.62,Full
5712,287,2024-07-30,1335.12,Partial
5713,1071,2024-03-17,1891.64,Partial
5714,4752,2023-05-10,1351.78,Full
5715,3693,2022-10-18,515.78,Full
5716,2054,2024-05-31,779.22,Full
5717,1054,2023-07-03,1316.84,Partial
5718,3345,2022-03-27,478.83,Full
5719,4340,2024-05-28,815.83,Full
5720,119,2023-05-17,991.5,Partial
5721,4187,2024-04-16,682.53,Partial
5722,4049,2022-01-04,1094.6,Partial
5723,374,2023-08-01,1956.17,Minimum
5724,2699,2024-07-12,547.96,Partial
5725,3701,2022-01-25,592.26,Full
5726,2514,2024-01-17,892.19,Minimum
5727,3486,2023-07-11,170.0,Partial
5728,1326,2024-07-11,998.8,Partial
5729,1057,2024-07-09,96.82,Partial
5730,1430,2023-02-26,1047.82,Partial
5731,612,2023-09-02,1151.46,Partial
5732,3555,2023-02-01,1290.22,Full
5733,4493,2023-09-29,1863.29,Minimum
5734,4027,2025-01-01,712.78,Full
5735,479,2023-01-19,1573.15,Minimum
5736,4425,2023-06-15,1591.59,Partial
5737,2855,2022-02-13,537.52,Partial
5738,4503,2023-10-01,293.34,Full
5739,1961,2023-12-29,328.29,Partial
5740,3781,2023-12-30,1296.29,Partial
5741,1979,2024-03-29,1227.09,Partial
5742,3150,2022-05-05,635.34,Full
5743,295,2023-08-02,842.88,Full
5744,4772,2022-02-13,578.63,Full
5745,1384,2022-09-20,394.5,Minimum
5746,2316,2024-05-11,345.91,Partial
5747,2926,2023-08-13,919.87,Partial
5748,474,2024-06-21,1584.61,Partial
5749,2348,2023-10-17,1577.24,Partial
5750,4693,2023-05-16,1985.01,Partial
5751,523,2023-07-08,1938.66,Minimum
5752,4317,2023-10-10,1078.77,Minimum
5753,2003,2023-02-03,192.23,Partial
5754,1746,2023-07-10,339.02,Full
5755,2150,2023-10-18,1802.79,Full
5756,159,2022-07-17,927.27,Partial
5757,4829,2023-05-04,1594.85,Partial
5758,2508,2022-12-03,1230.05,Partial
5759,3918,2023-05-06,1389.69,Partial
5760,4455,2022-12-21,1875.79,Minimum
5761,4595,2022-10-04,883.71,Partial
5762,3897,2024-07-07,762.67,Full
5763,3375,2024-12-10,592.55,Partial
5764,4295,2024-03-06,1589.69,Partial
5765,2610,2023-08-29,373.39,Full
5766,2423,2023-12-21,1913.42,Partial
5767,3006,2023-10-21,1964.47,Minimum
5768,1958,2022-08-31,765.61,Minimum
5769,1827,2024-10-21,1832.56,Full
5770,4465,2022-10-10,428.11,Partial
5771,2404,2023-08-31,1477.27,Partial
5772,1147,2024-11-01,930.2,Full
5773,4002,2024-11-10,1620.8,Partial
5774,2353,2025-01-01,1907.54,Minimum
5775,4132,2023-12-13,1104.87,Minimum
5776,3739,2023-04-20,821.21,Minimum
5777,550,2023-09-19,175.14,Partial
5778,370,2023-03-18,1360.54,Minimum
5779,2383,2024-03-27,581.63,Full
5780,2500,2023-04-27,1377.82,Minimum
5781,547,2024-04-04,565.71,Minimum
5782,1051,2022-07-04,1506.38,Minimum
5783,4890,2024-09-04,1682.24,Minimum
5784,2085,2024-03-21,524.32,Minimum
5785,775,2023-07-26,1859.69,Full
5786,1947,2022-09-26,910.13,Minimum
5787,2015,2024-04-27,226.86,Minimum
5788,2517,2023-04-24,1565.04,Minimum
5789,609,2022-10-11,158.16,Full
5790,2894,2023-07-04,1880.25,Full
5791,4850,2023-08-10,1888.9,Partial
5792,2406,2022-09-04,1266.34,Full
5793,3485,2022-09-29,1775.58,Full
5794,4815,2023-04-25,548.22,Minimum
5795,344,2023-10-15,462.21,Partial
5796,3531,2023-09-09,197.61,Minimum
5797,4345,2023-03-26,305.09,Minimum
5798,3677,2024-02-04,1432.08,Minimum
5799,1832,2024-06-22,581.67,Partial
5800,4425,2024-06-25,1956.34,Full
5801,1758,2023-12-11,1134.71,Partial
5802,2638,2022-08-30,486.82,Full
5803,2982,2022-09-27,1128.52,Minimum
5804,1155,2024-07-11,664.14,Minimum
5805,3718,2023-07-04,1141.56,Partial
5806,4718,2024-03-31,1374.7,Full
5807,2756,2023-03-10,1736.32,Full
5808,1155,2024-12-04,301.7,Full
5809,59,2023-08-01,862.14,Partial
5810,122,2024-12-11,1362.98,Partial
5811,350,2024-06-11,173.23,Minimum
5812,346,2022-04-22,1850.74,Partial
5813,2550,2022-06-30,1054.19,Full
5814,4053,2024-02-10,538.6,Partial
5815,4439,2024-11-23,893.93,Full
5816,2908,2022-06-30,1731.34,Partial
5817,3754,2024-03-21,1071.39,Partial
5818,211,2023-09-16,1042.73,Partial
5819,1602,2024-02-15,1056.39,Full
5820,1348,2023-09-19,833.21,Minimum
5821,4654,2024-03-13,1240.22,Partial
5822,4485,2024-05-17,1198.23,Partial
5823,248,2023-12-22,631.48,Full
5824,311,2023-04-23,612.12,Partial
5825,3218,2024-09-15,1468.69,Full
5826,812,2024-01-05,354.78,Minimum
5827,1075,2022-01-12,1584.35,Partial
5828,3127,2024-05-05,957.91,Partial
5829,707,2022-10-26,1506.35,Full
5830,2779,2024-01-19,1667.12,Full
5831,1387,2023-05-28,1934.23,Minimum
5832,3309,2023-07-05,1095.74,Minimum
5833,3129,2022-01-24,188.88,Full
5834,2795,2024-04-20,1552.48,Full
5835,1320,2024-08-14,1488.19,Full
5836,2474,2024-10-16,256.78,Minimum
5837,3947,2024-12-27,758.92,Partial
5838,1170,2023-06-09,1515.0,Full
5839,2509,2024-05-05,1707.27,Minimum
5840,4965,2023-09-22,1948.37,Full
5841,2177,2022-09-12,1278.99,Minimum
5842,1934,2022-08-13,158.83,Minimum
5843,2513,2022-02-14,228.73,Full
5844,3898,2024-03-28,1999.16,Full
5845,929,2024-07-24,1919.43,Partial
5846,3394,2024-10-27,1780.43,Minimum
5847,806,2022-09-24,742.63,Full
5848,2865,2023-07-14,1198.55,Minimum
5849,3856,2023-08-02,615.77,Full
5850,4043,2024-01-02,1718.98,Partial
5851,3637,2023-06-29,752.31,Partial
5852,314,2024-12-22,1299.3,Partial
5853,2239,2024-01-14,1348.52,Partial
5854,3719,2023-11-09,1415.24,Minimum
5855,2970,2022-11-26,955.76,Partial
5856,3703,2024-12-13,1165.5,Minimum
5857,1284,2023-09-08,110.79,Full
5858,3395,2024-10-30,252.64,Partial
5859,1530,2022-04-30,1149.05,Partial
5860,1093,2023-09-17,1916.79,Partial
5861,1961,2024-10-31,1984.13,Minimum
5862,2543,2022-02-03,88.2,Full
5863,2395,2024-04-01,126.26,Full
5864,1329,2024-03-07,1839.18,Partial
5865,4025,2023-08-19,1456.28,Partial
5866,1804,2024-05-12,156.86,Minimum
5867,2940,2023-03-20,121.81,Partial
5868,1247,2023-09-26,233.93,Partial
5869,3134,2023-08-16,971.38,Minimum
5870,517,2022-04-11,1280.77,Full
5871,3597,2024-06-16,958.16,Full
5872,2533,2024-06-28,559.34,Minimum
5873,4951,2022-06-24,451.63,Full
5874,500,2022-01-13,692.6,Partial
5875,201,2024-08-19,333.69,Full
5876,4810,2022-09-07,152.23,Full
5877,2199,2022-02-16,39.53,Partial
5878,367,2023-07-26,149.02,Full
5879,2802,2022-04-10,1203.0,Minimum
5880,2117,2024-10-25,753.74,Partial
5881,441,2022-11-29,191.74,Minimum
5882,1734,2022-05-16,1036.49,Full
5883,4399,2023-06-15,1126.22,Full
5884,1161,2024-10-02,979.39,Minimum
5885,1817,2024-11-25,340.85,Partial
5886,903,2023-07-22,1784.43,Partial
5887,558,2023-07-26,584.29,Partial
5888,4656,2023-10-29,1613.79,Partial
5889,343,2023-03-23,1342.34,Minimum
5890,4959,2024-01-22,912.74,Minimum
5891,868,2022-04-28,526.02,Minimum
5892,3548,2022-10-18,1309.69,Partial
5893,2803,2024-07-29,1863.59,Minimum
5894,1302,2024-06-17,1623.68,Minimum
5895,4189,2024-04-04,1447.53,Partial
5896,1651,2023-10-12,567.73,Full
5897,1752,2023-02-03,1450.36,Full
5898,1688,2022-06-27,1586.81,Partial
5899,215,2022-05-25,157.06,Full
5900,2637,2024-06-16,1164.18,Partial
5901,4702,2024-05-28,1039.04,Full
5902,1449,2022-01-08,1592.48,Full
5903,4614,2024-10-23,1321.73,Minimum
5904,4967,2022-07-21,1366.64,Partial
5905,3157,2023-05-29,956.95,Partial
5906,4423,2024-04-26,1881.25,Full
5907,3098,2022-03-11,210.77,Minimum
5908,4336,2023-06-15,401.87,Full
5909,880,2022-11-15,1726.0,Partial
5910,4794,2024-08-15,275.84,Partial
5911,1824,2023-04-07,718.59,Full
5912,1764,2023-10-20,79.49,Partial
5913,4754,2024-09-15,850.09,Full
5914,1523,2023-03-15,1561.37,Partial
5915,6,2024-07-11,1907.17,Minimum
5916,3324,2022-07-04,845.48,Minimum
5917,2057,2023-11-25,241.91,Full
5918,3927,2022-07-10,151.99,Partial
5919,1860,2024-06-29,1112.2,Full
5920,4978,2024-05-21,1377.61,Partial
5921,3273,2023-01-10,144.94,Full
5922,3393,2023-12-06,1410.47,Minimum
5923,3638,2022-09-02,998.64,Full
5924,4619,2022-04-01,1201.45,Partial
5925,3992,2024-05-21,1880.83,Full
5926,3914,2024-05-12,389.97,Minimum
5927,2090,2022-11-24,260.42,Minimum
5928,1271,2024-04-16,1767.3,Full
5929,1713,2022-07-12,1467.42,Partial
5930,4686,2022-02-25,580.9,Partial
5931,2012,2023-01-06,330.99,Full
5932,4439,2024-12-20,1469.9,Partial
5933,2123,2023-11-12,158.83,Minimum
5934,4561,2023-10-01,311.64,Full
5935,1716,2024-04-06,1866.49,Partial
5936,271,2023-01-10,1222.45,Partial
5937,3906,2023-11-25,124.93,Full
5938,4565,2022-05-07,1875.78,Minimum
5939,1874,2023-06-11,819.14,Full
5940,1308,2023-10-31,1820.86,Minimum
5941,321,2024-01-21,1411.87,Full
5942,1760,2022-04-09,1147.74,Full
5943,1970,2024-03-25,1745.72,Minimum
5944,3937,2023-05-09,1308.78,Partial
5945,121,2024-07-19,189.66,Partial
5946,1867,2023-08-22,531.27,Minimum
5947,1840,2024-01-11,294.83,Full
5948,2522,2022-09-26,806.41,Minimum
5949,2293,2023-03-19,1239.94,Partial
5950,2667,2024-04-26,589.11,Partial
5951,194,2024-05-02,1399.7,Partial
5952,1909,2023-12-08,1788.71,Minimum
5953,2088,2024-08-22,1184.16,Partial
5954,1501,2023-07-10,918.17,Minimum
5955,1041,2024-01-06,730.39,Full
5956,1162,2022-08-13,455.88,Full
5957,3558,2023-12-07,423.52,Partial
5958,4204,2023-12-22,342.33,Partial
5959,1621,2024-08-31,930.25,Partial
5960,2068,2022-09-12,1801.65,Full
5961,1816,2022-01-16,1376.07,Partial
5962,1340,2023-09-12,429.2,Full
5963,4294,2022-05-26,507.07,Partial
5964,1477,2023-03-13,356.06,Minimum
5965,3062,2023-03-27,269.64,Full
5966,2027,2024-05-23,1777.86,Partial
5967,4682,2024-12-14,1268.36,Partial
5968,1950,2023-08-29,529.47,Full
5969,559,2022-01-09,636.84,Minimum
5970,4633,2022-03-20,710.51,Partial
5971,2069,2024-08-01,1252.86,Full
5972,4652,2022-09-24,1286.21,Full
5973,1180,2024-01-17,344.6,Minimum
5974,705,2022-06-09,1203.71,Full
5975,1287,2022-08-21,393.35,Full
5976,3162,2024-04-15,52.94,Partial
5977,4235,2024-10-17,476.9,Partial
5978,2035,2022-09-13,1582.5,Minimum
5979,1228,2024-01-29,1604.59,Minimum
5980,765,2024-11-27,316.33,Partial
5981,297,2022-08-02,1109.14,Minimum
5982,1486,2023-11-27,1195.11,Partial
5983,3234,2024-12-02,886.75,Full
5984,973,2022-01-11,1549.53,Full
5985,1343,2023-08-14,1687.23,Full
5986,1258,2022-09-25,1150.56,Full
5987,350,2023-08-07,51.9,Partial
5988,374,2023-02-09,1890.27,Minimum
5989,1899,2023-07-10,493.24,Full
5990,142,2023-08-02,1033.73,Full
5991,4158,2022-11-17,838.94,Full
5992,1780,2023-05-15,655.39,Minimum
5993,1509,2023-06-15,442.95,Partial
5994,2181,2023-02-15,1443.41,Minimum
5995,3018,2024-01-18,247.81,Full
5996,1253,2022-01-16,1733.45,Partial
5997,3267,2024-02-11,1403.65,Partial
5998,1208,2023-08-11,1216.76,Minimum
5999,1564,2024-02-21,1138.06,Full
6000,4291,2024-08-21,928.14,Minimum
6001,3255,2022-05-14,277.76,Minimum
6002,3054,2024-05-12,1288.79,Full
6003,2143,2022-10-21,683.74,Full
6004,1862,2023-11-04,1608.66,Full
6005,4116,2024-07-26,963.06,Minimum
6006,3260,2023-11-03,1194.97,Full
6007,3494,2023-04-16,1627.91,Partial
6008,463,2022-04-03,653.68,Minimum
6009,4423,2023-12-11,406.09,Partial
6010,3846,2023-09-26,1326.78,Minimum
6011,1307,2023-10-08,1748.68,Partial
6012,3301,2023-12-11,1700.77,Partial
6013,1313,2024-04-30,1934.47,Full
6014,1781,2023-01-07,884.43,Partial
6015,3707,2022-04-02,1532.74,Minimum
6016,840,2022-04-09,1926.65,Full
6017,2874,2022-03-29,1290.92,Minimum
6018,1347,2024-04-23,1000.66,Full
6019,2408,2023-04-05,1493.13,Partial
6020,2466,2024-03-10,383.58,Full
6021,1679,2024-03-12,1006.42,Minimum
6022,2243,2023-01-28,1178.51,Minimum
6023,1828,2023-01-24,1372.61,Minimum
6024,1336,2023-02-10,322.93,Partial
6025,2622,2022-10-12,624.82,Partial
6026,2490,2024-02-08,615.97,Partial
6027,1350,2024-07-10,938.47,Minimum
6028,1077,2022-04-13,957.57,Minimum
6029,961,2024-03-27,1125.61,Full
6030,597,2024-04-17,1698.63,Minimum
6031,881,2022-05-08,1563.09,Full
6032,2467,2023-09-16,206.59,Minimum
6033,1760,2022-12-02,39.6,Partial
6034,4575,2023-06-10,186.33,Minimum
6035,202,2023-09-24,1180.74,Full
6036,3460,2022-08-23,682.87,Full
6037,2785,2022-10-03,1587.98,Partial
6038,2996,2022-08-06,1340.09,Partial
6039,1332,2023-08-23,417.88,Full
6040,3414,2022-05-12,456.85,Minimum
6041,2663,2022-10-20,1591.36,Minimum
6042,415,2024-05-18,1331.82,Minimum
6043,1602,2022-04-20,714.42,Minimum
6044,2535,2024-04-24,1854.45,Partial
6045,2145,2022-01-20,787.44,Partial
6046,745,2023-05-13,227.34,Full
6047,4149,2024-04-03,434.39,Minimum
6048,2620,2023-07-07,529.71,Minimum
6049,4330,2024-09-07,1903.78,Partial
6050,1780,2022-08-01,941.73,Partial
6051,2622,2023-06-06,1311.58,Full
6052,2608,2023-05-11,293.54,Partial
6053,1139,2023-09-10,1049.57,Minimum
6054,4116,2024-08-28,1715.31,Partial
6055,3151,2023-11-20,21.87,Partial
6056,1769,2022-08-09,1424.56,Full
6057,376,2024-01-15,1611.22,Partial
6058,1310,2024-02-23,75.81,Partial
6059,2552,2023-05-25,876.18,Minimum
6060,23,2024-05-08,874.24,Minimum
6061,1521,2024-06-14,1767.35,Full
6062,4809,2023-06-08,809.28,Partial
6063,2644,2024-11-06,1703.46,Minimum
6064,3618,2022-06-12,451.55,Partial
6065,4238,2024-12-18,50.21,Partial
6066,1896,2024-05-15,611.75,Partial
6067,3484,2024-05-23,1820.91,Partial
6068,503,2024-05-20,618.48,Minimum
6069,1192,2022-09-09,513.49,Partial
6070,1956,2023-12-22,160.07,Partial
6071,4507,2022-10-18,553.35,Minimum
6072,839,2023-06-20,60.88,Full
6073,1059,2023-08-24,276.5,Minimum
6074,2277,2022-08-12,1708.32,Full
6075,3825,2022-01-15,1052.72,Full
6076,400,2023-11-01,1172.14,Minimum
6077,4844,2024-02-06,567.36,Minimum
6078,3601,2024-11-13,1735.98,Minimum
6079,2811,2024-01-20,495.12,Minimum
6080,4194,2024-09-07,97.08,Minimum
6081,2564,2024-12-23,577.07,Minimum
6082,1233,2024-12-20,1887.15,Partial
6083,2197,2022-01-11,391.04,Full
6084,290,2024-12-14,1637.09,Minimum
6085,1079,2022-05-05,1370.72,Minimum
6086,2,2022-08-12,1958.66,Minimum
6087,4383,2022-08-14,1195.55,Full
6088,724,2022-08-03,939.18,Full
6089,1400,2022-06-11,216.59,Partial
6090,2170,2024-05-16,1357.49,Partial
6091,3997,2022-03-13,480.04,Minimum
6092,990,2023-07-27,412.8,Partial
6093,713,2024-10-03,488.68,Partial
6094,3151,2022-09-18,531.83,Full
6095,4979,2022-12-30,1601.26,Minimum
6096,1879,2022-12-06,1001.93,Partial
6097,1235,2022-05-10,1779.49,Minimum
6098,3383,2023-02-19,1730.62,Full
6099,1285,2024-11-21,883.1,Partial
6100,3351,2024-05-16,680.92,Full
6101,4562,2022-06-18,686.42,Full
6102,998,2023-07-22,255.75,Partial
6103,454,2024-02-16,1218.85,Partial
6104,3851,2024-02-16,125.62,Partial
6105,1189,2024-07-28,1517.34,Partial
6106,3263,2024-08-24,267.67,Minimum
6107,986,2022-04-13,1600.92,Partial
6108,817,2022-12-20,1735.64,Full
6109,1336,2023-03-02,725.55,Partial
6110,2613,2024-08-04,1049.03,Minimum
6111,4276,2023-03-14,446.29,Full
6112,2171,2023-07-09,1007.67,Partial
6113,4546,2023-11-12,1084.26,Minimum
6114,3717,2023-02-02,156.72,Partial
6115,2049,2023-11-06,608.54,Minimum
6116,1164,2024-10-03,1892.82,Minimum
6117,4815,2023-10-19,1097.88,Full
6118,4188,2024-09-12,200.57,Full
6119,2225,2023-01-10,1114.64,Minimum
6120,4116,2022-10-30,1322.03,Minimum
6121,368,2023-10-28,843.64,Partial
6122,9,2024-10-31,1594.76,Partial
6123,4855,2023-08-26,1514.5,Full
6124,1817,2022-01-14,506.84,Partial
6125,4731,2022-08-12,958.21,Full
6126,3439,2023-04-05,1184.88,Full
6127,4475,2022-10-22,1554.08,Minimum
6128,4801,2024-10-03,797.95,Minimum
6129,1950,2022-04-15,924.12,Full
6130,1207,2022-06-12,335.96,Partial
6131,2899,2022-05-21,36.03,Minimum
6132,640,2022-10-17,1705.78,Full
6133,4702,2022-08-10,1054.52,Partial
6134,423,2024-04-01,1525.3,Partial
6135,1473,2024-05-07,849.62,Minimum
6136,4717,2022-12-16,787.19,Minimum
6137,1761,2023-08-26,1946.24,Partial
6138,128,2023-12-11,1836.15,Partial
6139,3803,2022-06-05,1191.11,Full
6140,671,2024-01-25,599.01,Partial
6141,2176,2023-02-24,1529.22,Minimum
6142,4153,2023-11-02,682.53,Minimum
6143,2500,2023-11-14,506.44,Minimum
6144,3002,2022-12-15,73.74,Partial
6145,1023,2023-06-06,1355.05,Partial
6146,2760,2024-11-28,145.27,Full
6147,1311,2022-08-02,251.21,Full
6148,1848,2022-02-23,1712.65,Full
6149,1047,2023-05-21,1051.44,Partial
6150,3102,2022-04-08,300.41,Partial
6151,1749,2023-05-11,338.9,Minimum
6152,1493,2024-01-14,1679.1,Full
6153,1793,2022-08-13,716.12,Partial
6154,1396,2022-04-15,1604.5,Minimum
6155,1923,2024-01-06,852.01,Partial
6156,4855,2024-01-23,132.07,Minimum
6157,775,2024-02-21,778.94,Partial
6158,1315,2023-02-19,1566.2,Full
6159,1424,2024-09-25,1987.01,Minimum
6160,4682,2023-11-27,243.84,Partial
6161,2337,2023-11-03,368.82,Full
6162,2815,2023-06-19,1920.72,Minimum
6163,3126,2022-07-07,1785.71,Partial
6164,1819,2022-06-05,1347.26,Full
6165,490,2024-08-17,777.61,Minimum
6166,1546,2024-05-19,1346.09,Minimum
6167,2776,2022-03-24,251.05,Full
6168,4223,2024-03-16,151.98,Full
6169,579,2023-08-11,1657.17,Partial
6170,1394,2022-09-02,776.81,Minimum
6171,1697,2022-03-11,1483.74,Partial
6172,415,2022-02-21,706.29,Minimum
6173,2855,2022-04-18,1866.88,Partial
6174,627,2022-07-09,1780.54,Full
6175,4207,2024-09-27,1236.2,Partial
6176,4293,2023-06-07,1319.84,Full
6177,4433,2024-06-25,1300.84,Full
6178,2385,2024-10-26,148.83,Partial
6179,2110,2024-08-09,1631.29,Full
6180,1662,2023-02-09,1604.9,Full
6181,4521,2023-05-27,1668.58,Partial
6182,3935,2024-07-30,478.49,Minimum
6183,3550,2024-12-29,1421.2,Partial
6184,3710,2023-12-31,1397.5,Minimum
6185,1299,2022-02-21,616.55,Minimum
6186,1735,2024-11-13,1019.27,Minimum
6187,1249,2024-03-03,410.59,Partial
6188,4351,2022-06-11,941.87,Minimum
6189,3465,2024-02-12,356.03,Minimum
6190,3337,2023-08-24,1568.06,Full
6191,2257,2022-08-29,193.45,Full
6192,1013,2022-12-07,634.47,Partial
6193,584,2022-07-12,1212.72,Partial
6194,795,2024-11-02,1384.22,Full
6195,2263,2022-12-14,1954.68,Partial
6196,3249,2023-09-30,606.94,Partial
6197,4717,2022-12-19,1703.98,Minimum
6198,2691,2023-04-08,922.46,Full
6199,333,2024-05-25,340.17,Partial
6200,706,2024-03-11,110.98,Minimum
6201,3583,2023-08-31,1536.37,Partial
6202,1530,2023-12-03,1430.64,Full
6203,4242,2024-09-01,1041.96,Full
6204,3748,2022-11-26,979.58,Partial
6205,1408,2024-04-28,935.34,Full
6206,3789,2022-06-06,1682.05,Minimum
6207,3429,2024-05-16,894.7,Partial
6208,1004,2023-04-05,1798.96,Minimum
6209,1024,2024-05-25,1239.45,Minimum
6210,3147,2022-07-28,1648.84,Minimum
6211,4827,2023-07-06,839.03,Minimum
6212,3911,2024-07-15,503.03,Partial
6213,2237,2024-01-10,787.32,Minimum
6214,375,2023-11-16,1381.09,Full
6215,826,2023-02-10,245.85,Minimum
6216,3222,2023-01-03,1661.28,Minimum
6217,3852,2023-03-18,1560.35,Full
6218,269,2023-09-13,1081.46,Minimum
6219,3421,2023-04-11,804.75,Partial
6220,4997,2023-08-14,1651.95,Minimum
6221,4284,2022-07-17,1970.71,Partial
6222,911,2024-01-16,1698.08,Full
6223,4048,2022-10-20,424.65,Minimum
6224,3619,2024-09-02,822.59,Full
6225,4302,2022-06-01,773.05,Minimum
6226,4931,2023-02-16,1798.34,Partial
6227,3418,2023-11-10,631.47,Partial
6228,3654,2023-09-23,82.87,Full
6229,4656,2022-10-01,1168.36,Partial
6230,4522,2023-02-06,1025.55,Full
6231,2846,2024-06-16,585.41,Minimum
6232,417,2022-07-06,1930.34,Partial
6233,1097,2024-07-21,1862.75,Partial
6234,4617,2022-10-10,1187.4,Partial
6235,3094,2022-12-06,66.22,Full
6236,4088,2022-12-22,1995.55,Minimum
6237,4363,2024-10-10,660.84,Minimum
6238,1401,2022-07-24,1694.06,Minimum
6239,2384,2024-07-12,249.65,Minimum
6240,4158,2023-02-11,827.64,Full
6241,1468,2022-06-30,1024.93,Full
6242,2857,2023-09-11,154.82,Minimum
6243,1979,2024-01-10,200.42,Minimum
6244,3232,2023-10-01,817.04,Partial
6245,2826,2022-02-01,323.48,Full
6246,4172,2023-02-17,773.57,Minimum
6247,18,2022-06-10,1678.61,Partial
6248,2376,2024-03-19,674.37,Partial
6249,4004,2024-02-25,1726.18,Partial
6250,1630,2022-10-30,59.59,Partial
6251,411,2023-01-01,713.79,Partial
6252,1651,2023-12-25,1852.81,Partial
6253,4230,2024-11-30,1213.87,Partial
6254,1979,2023-08-09,736.07,Full
6255,1515,2022-11-26,1824.22,Partial
6256,92,2024-06-28,990.34,Partial
6257,1648,2024-07-17,27.19,Minimum
6258,4641,2024-10-03,417.46,Minimum
6259,378,2024-01-12,1182.07,Full
6260,3538,2023-10-19,690.26,Full
6261,3421,2024-03-02,992.43,Partial
6262,501,2024-05-20,494.44,Full
6263,1066,2023-09-16,567.04,Minimum
6264,4588,2023-09-17,300.22,Minimum
6265,2279,2022-06-26,304.21,Full
6266,3951,2022-12-23,695.43,Full
6267,4611,2024-04-11,1564.0,Partial
6268,1340,2022-06-16,1874.44,Partial
6269,1014,2023-11-22,1108.14,Partial
6270,3273,2024-03-09,77.78,Minimum
6271,287,2023-09-13,1488.45,Partial
6272,929,2024-03-17,1867.46,Partial
6273,3073,2022-08-31,1367.09,Minimum
6274,2359,2024-04-02,1690.43,Minimum
6275,1756,2023-11-07,313.26,Minimum
6276,1520,2024-01-20,212.71,Minimum
6277,4567,2023-06-16,1609.78,Partial
6278,673,2023-07-29,1283.95,Partial
6279,4154,2022-03-31,1146.94,Full
6280,67,2024-05-18,1016.4,Full
6281,2831,2024-02-01,678.82,Partial
6282,4783,2022-11-23,1767.9,Minimum
6283,3029,2022-06-12,244.36,Partial
6284,1270,2023-07-02,1886.88,Partial
6285,4309,2024-02-10,1674.06,Minimum
6286,3528,2024-01-30,1166.03,Partial
6287,1600,2023-06-08,778.57,Partial
6288,1401,2024-12-10,865.65,Full
6289,2730,2024-02-18,877.83,Partial
6290,4817,2024-11-08,1008.89,Partial
6291,536,2022-12-30,1062.39,Minimum
6292,42,2024-01-03,100.17,Partial
6293,2435,2023-11-08,412.07,Full
6294,485,2022-10-28,1191.96,Partial
6295,2234,2024-06-11,1037.68,Partial
6296,2861,2024-05-20,1286.66,Full
6297,3425,2024-11-24,1435.92,Minimum
6298,578,2024-06-26,548.01,Minimum
6299,316,2024-07-23,1610.36,Minimum
6300,1193,2022-06-11,652.55,Minimum
6301,1246,2022-01-16,857.76,Partial
6302,4051,2022-03-30,1538.9,Minimum
6303,890,2022-09-02,1683.04,Partial
6304,2490,2023-06-12,1970.81,Partial
6305,1166,2024-05-19,1770.1,Partial
6306,3537,2024-12-22,1068.3,Partial
6307,4118,2023-06-02,1797.61,Partial
6308,2805,2023-04-04,1203.38,Full
6309,478,2024-12-25,190.21,Partial
6310,2616,2023-12-08,404.07,Full
6311,1345,2023-08-10,1171.56,Minimum
6312,4599,2023-09-01,980.23,Minimum
6313,3432,2024-09-04,1826.38,Minimum
6314,3038,2023-05-07,1769.3,Full
6315,4649,2023-08-24,1277.07,Full
6316,3438,2022-07-04,179.65,Minimum
6317,1176,2023-02-04,609.79,Partial
6318,2198,2024-05-17,334.41,Minimum
6319,4886,2024-01-27,203.0,Minimum
6320,1242,2024-10-01,1019.9,Minimum
6321,670,2024-10-10,1039.82,Full
6322,4010,2022-07-12,932.54,Full
6323,4958,2022-04-17,93.64,Full
6324,4910,2023-08-03,186.98,Full
6325,4216,2024-09-29,1178.22,Partial
6326,4564,2023-11-01,823.81,Partial
6327,1042,2024-03-28,360.98,Minimum
6328,697,2022-02-09,1006.09,Full
6329,3107,2024-02-15,1684.03,Full
6330,4893,2023-08-14,733.67,Full
6331,2843,2024-10-09,91.79,Partial
6332,1466,2023-10-10,949.58,Partial
6333,4674,2024-02-24,256.48,Partial
6334,1270,2024-01-07,568.29,Partial
6335,4729,2024-04-21,319.29,Minimum
6336,4581,2024-06-26,904.5,Partial
6337,579,2024-09-16,27.5,Minimum
6338,1283,2022-02-14,1095.11,Minimum
6339,3656,2024-09-25,611.81,Minimum
6340,2404,2022-08-16,1823.11,Partial
6341,1381,2023-06-14,152.1,Partial
6342,191,2024-04-11,483.12,Minimum
6343,3736,2023-01-12,282.66,Full
6344,2587,2024-02-25,624.19,Minimum
6345,2380,2022-10-06,1266.8,Partial
6346,2830,2023-09-10,1749.15,Minimum
6347,1484,2024-02-03,1027.65,Minimum
6348,2260,2023-05-30,1344.47,Full
6349,1107,2022-06-08,1896.38,Minimum
6350,4931,2024-01-14,1095.48,Partial
6351,2253,2024-03-20,1895.32,Minimum
6352,4021,2023-09-22,1299.04,Full
6353,467,2024-01-03,396.02,Full
6354,2231,2022-04-13,887.19,Minimum
6355,3587,2023-12-16,1090.18,Full
6356,2247,2024-08-16,684.83,Minimum
6357,2177,2024-03-27,151.76,Minimum
6358,1558,2023-09-24,803.07,Partial
6359,2909,2023-07-04,475.87,Partial
6360,2385,2022-06-10,901.79,Minimum
6361,3748,2023-07-10,1152.45,Minimum
6362,4343,2023-08-26,1494.07,Partial
6363,2703,2023-10-11,192.41,Full
6364,3918,2023-11-20,1492.61,Partial
6365,1838,2023-06-08,370.66,Partial
6366,537,2023-03-02,1518.19,Full
6367,4682,2022-01-16,166.4,Minimum
6368,2980,2023-12-20,1715.22,Full
6369,2195,2023-06-28,1367.77,Full
6370,4401,2024-08-21,659.38,Partial
6371,3106,2022-05-27,37.09,Minimum
6372,4151,2022-11-14,130.12,Full
6373,274,2024-11-30,1851.84,Partial
6374,618,2024-04-08,1975.73,Full
6375,4653,2023-07-27,474.23,Partial
6376,4052,2024-03-30,251.42,Full
6377,964,2022-06-11,573.75,Full
6378,3210,2022-01-06,755.12,Minimum
6379,3161,2023-04-07,1141.24,Full
6380,4548,2022-04-02,1924.57,Partial
6381,1740,2024-09-08,65.84,Minimum
6382,3643,2024-03-24,1020.42,Full
6383,1059,2024-10-26,1396.34,Partial
6384,1541,2022-06-14,594.29,Partial
6385,2744,2022-11-15,795.95,Partial
6386,1080,2022-09-21,772.22,Partial
6387,652,2022-06-17,1055.92,Minimum
6388,3759,2023-09-30,989.1,Partial
6389,3413,2022-06-13,148.18,Partial
6390,4925,2022-05-12,629.43,Minimum
6391,3630,2023-05-20,814.62,Partial
6392,3579,2023-01-29,435.0,Full
6393,4073,2023-12-03,1240.57,Partial
6394,3698,2023-08-31,1321.62,Partial
6395,2639,2022-07-18,894.42,Minimum
6396,4817,2024-10-31,624.91,Full
6397,4983,2024-07-20,1001.8,Partial
6398,521,2024-04-02,1425.3,Partial
6399,1365,2024-03-11,824.71,Partial
6400,989,2024-03-13,425.97,Minimum
6401,1444,2023-07-05,1314.72,Full
6402,732,2023-05-10,1037.08,Minimum
6403,1070,2024-03-20,1350.16,Partial
6404,2643,2022-11-07,251.11,Full
6405,244,2024-02-19,870.45,Full
6406,832,2023-07-27,310.98,Partial
6407,228,2023-10-16,472.82,Full
6408,175,2022-11-30,1285.36,Full
6409,1161,2023-12-02,1346.18,Full
6410,3961,2023-08-28,1114.26,Minimum
6411,1466,2023-12-30,1984.97,Minimum
6412,710,2022-10-14,442.22,Full
6413,2126,2023-07-29,568.47,Minimum
6414,2509,2024-01-26,74.8,Minimum
6415,366,2024-05-29,1692.34,Minimum
6416,1519,2022-01-22,1207.28,Partial
6417,1834,2024-12-16,858.62,Minimum
6418,2832,2022-04-10,460.13,Minimum
6419,1447,2024-07-10,1047.86,Full
6420,3965,2022-01-29,683.15,Partial
6421,4853,2023-07-31,527.49,Minimum
6422,1662,2024-12-03,1832.05,Partial
6423,2268,2022-12-22,1806.93,Partial
6424,624,2023-09-27,995.35,Partial
6425,4248,2022-01-23,1778.48,Partial
6426,1026,2023-02-27,683.84,Minimum
6427,4436,2022-03-18,1906.82,Full
6428,2465,2022-12-21,1065.3,Partial
6429,4610,2022-09-20,1425.56,Minimum
6430,562,2024-10-07,985.68,Full
6431,2878,2024-01-09,1389.69,Partial
6432,1971,2022-08-25,631.64,Full
6433,1518,2024-02-07,1501.4,Full
6434,1787,2024-02-22,180.22,Minimum
6435,1599,2022-02-16,869.23,Full
6436,4388,2023-01-31,1970.39,Full
6437,1202,2024-09-29,739.57,Full
6438,566,2022-12-10,1444.66,Partial
6439,12,2023-06-01,1980.4,Full
6440,3816,2024-05-09,531.41,Partial
6441,1001,2023-04-19,1991.97,Minimum
6442,4519,2022-08-21,1976.71,Minimum
6443,4607,2024-11-08,1503.01,Full
6444,2812,2023-04-27,1357.7,Partial
6445,3334,2024-06-08,1533.35,Partial
6446,2921,2023-11-16,1260.28,Partial
6447,3330,2024-05-21,1860.27,Partial
6448,2398,2024-06-12,348.82,Minimum
6449,842,2024-03-18,1116.64,Full
6450,3002,2023-04-24,381.76,Minimum
6451,2735,2022-01-15,460.08,Minimum
6452,4615,2024-02-23,1901.12,Partial
6453,1922,2022-06-16,559.91,Full
6454,3675,2022-01-18,1836.48,Full
6455,2673,2024-11-25,1738.26,Minimum
6456,2169,2022-12-30,243.59,Full
6457,997,2023-08-01,1754.66,Full
6458,1228,2022-01-05,500.69,Minimum
6459,2994,2023-12-04,1934.11,Partial
6460,2160,2022-03-04,1954.97,Partial
6461,1819,2022-05-31,1421.02,Partial
6462,2155,2023-02-15,581.12,Partial
6463,4205,2022-06-03,457.85,Full
6464,3247,2024-01-24,1643.42,Full
6465,4521,2023-11-29,381.27,Full
6466,3510,2024-07-06,763.48,Partial
6467,4400,2024-03-31,437.93,Minimum
6468,2794,2022-06-25,239.71,Full
6469,907,2023-07-25,804.69,Partial
6470,3194,2022-12-29,1890.55,Partial
6471,1442,2022-11-22,965.43,Full
6472,3136,2023-05-20,1034.13,Minimum
6473,1865,2022-11-17,1787.6,Full
6474,3816,2022-04-03,1777.58,Partial
6475,3769,2024-09-22,1936.64,Partial
6476,2609,2024-10-31,1176.82,Full
6477,2073,2022-12-15,110.69,Full
6478,45,2023-11-19,264.06,Full
6479,3410,2022-05-29,1148.67,Partial
6480,669,2024-08-02,362.97,Minimum
6481,4485,2025-01-01,1526.28,Partial
6482,4774,2022-06-16,881.51,Full
6483,3887,2022-04-18,931.55,Partial
6484,2701,2024-01-18,118.98,Minimum
6485,3881,2022-08-22,583.17,Partial
6486,3453,2022-04-28,1030.27,Minimum
6487,4696,2023-12-04,620.43,Partial
6488,3202,2023-02-22,1568.09,Minimum
6489,4345,2022-09-04,322.11,Minimum
6490,433,2024-01-18,480.55,Full
6491,4299,2023-09-30,888.05,Partial
6492,1895,2022-11-09,545.17,Full
6493,2678,2023-03-22,1428.09,Full
6494,71,2024-01-12,1736.18,Full
6495,3234,2022-11-26,1892.29,Minimum
6496,711,2022-09-16,443.14,Partial
6497,2749,2023-04-17,1525.24,Minimum
6498,1055,2022-07-27,1929.06,Full
6499,930,2022-02-04,1002.8,Minimum
6500,575,2023-04-20,1322.56,Minimum
6501,684,2022-08-15,1844.58,Partial
6502,483,2023-07-10,781.08,Partial
6503,1970,2023-10-23,1706.27,Full
6504,773,2022-06-11,1706.25,Partial
6505,4807,2023-12-10,119.2,Minimum
6506,3800,2023-06-11,64.05,Full
6507,3352,2022-03-06,30.01,Partial
6508,3381,2023-01-19,669.68,Minimum
6509,2731,2024-06-23,1384.53,Full
6510,2814,2023-02-12,450.93,Full
6511,3150,2023-07-11,1515.44,Partial
6512,1468,2024-01-26,1943.9,Partial
6513,91,2024-09-27,1126.98,Full
6514,828,2022-08-05,1210.6,Minimum
6515,166,2023-02-02,940.96,Partial
6516,4479,2024-07-21,1328.69,Minimum
6517,801,2022-11-03,758.35,Partial
6518,199,2022-02-24,389.5,Full
6519,4803,2022-09-21,1275.01,Partial
6520,3789,2023-06-21,855.82,Minimum
6521,26,2023-07-11,628.98,Minimum
6522,75,2024-05-30,1035.02,Minimum
6523,4934,2024-10-23,1878.28,Full
6524,1680,2024-07-08,726.05,Full
6525,3342,2022-09-21,204.84,Full
6526,330,2024-09-05,506.71,Full
6527,3728,2024-02-17,427.97,Partial
6528,416,2022-02-17,1217.23,Full
6529,2437,2023-05-13,441.31,Minimum
6530,3749,2024-04-24,1883.07,Partial
6531,3865,2023-07-04,665.67,Partial
6532,4502,2024-11-24,989.5,Minimum
6533,1939,2024-11-27,1602.89,Full
6534,4031,2022-05-29,1580.47,Minimum
6535,4008,2023-01-24,1901.21,Full
6536,4605,2024-09-26,1353.56,Minimum
6537,3047,2024-09-06,1983.12,Partial
6538,3489,2023-07-07,625.57,Minimum
6539,3125,2022-05-10,373.38,Partial
6540,285,2024-04-14,175.6,Partial
6541,3799,2023-10-30,1535.1,Partial
6542,312,2022-01-19,258.76,Full
6543,2665,2022-08-09,1437.31,Partial
6544,2408,2024-10-06,1774.43,Full
6545,1056,2024-08-20,1599.49,Full
6546,2821,2024-02-07,1196.99,Minimum
6547,4596,2024-12-28,1890.81,Partial
6548,3386,2022-11-07,1650.31,Full
6549,154,2024-04-19,123.44,Partial
6550,4344,2023-12-08,766.25,Partial
6551,4561,2022-08-02,296.66,Full
6552,1754,2024-11-08,746.68,Full
6553,1038,2022-08-23,1432.53,Minimum
6554,2488,2024-08-02,315.59,Partial
6555,875,2023-02-08,1548.42,Full
6556,1482,2022-06-05,722.42,Full
6557,4781,2023-04-12,981.89,Full
6558,4168,2023-09-19,684.5,Partial
6559,2330,2024-10-13,1950.29,Partial
6560,4008,2022-01-22,722.81,Minimum
6561,3306,2024-08-15,423.89,Full
6562,3399,2024-11-15,821.87,Minimum
6563,2798,2023-04-05,1453.74,Partial
6564,3875,2022-08-01,1051.62,Partial
6565,333,2024-07-29,929.52,Minimum
6566,4846,2023-08-01,619.86,Full
6567,2291,2024-03-20,1724.15,Partial
6568,3317,2023-11-01,261.86,Partial
6569,2394,2022-03-10,1252.07,Partial
6570,1982,2023-05-18,1339.47,Partial
6571,3602,2023-10-10,193.99,Minimum
6572,2090,2024-09-26,631.22,Partial
6573,2266,2022-08-24,1817.21,Full
6574,99,2022-02-04,746.29,Minimum
6575,1413,2022-11-14,1393.74,Full
6576,151,2024-05-17,508.27,Minimum
6577,3778,2024-09-07,1442.63,Full
6578,1484,2024-09-14,1857.26,Full
6579,682,2024-02-15,121.19,Partial
6580,1441,2024-05-13,1752.29,Full
6581,1770,2023-03-26,910.73,Full
6582,1967,2024-08-26,390.46,Partial
6583,881,2024-03-12,490.46,Partial
6584,3854,2024-06-23,229.3,Partial
6585,910,2024-02-16,570.48,Full
6586,2626,2023-12-25,949.32,Full
6587,1137,2022-05-20,337.29,Full
6588,4037,2023-11-16,455.11,Minimum
6589,449,2022-05-10,101.63,Minimum
6590,4241,2022-03-05,299.27,Partial
6591,3585,2023-09-13,1351.39,Partial
6592,3584,2022-05-12,1584.17,Partial
6593,4116,2024-09-06,1791.15,Partial
6594,2921,2023-04-20,1284.91,Full
6595,4289,2024-02-09,1836.56,Full
6596,4443,2022-11-01,830.06,Partial
6597,1133,2022-10-08,1710.93,Full
6598,4013,2022-11-07,381.28,Full
6599,901,2022-07-01,690.07,Partial
6600,1076,2024-04-05,1334.29,Minimum
6601,3188,2023-05-30,1461.21,Full
6602,2067,2024-04-03,396.19,Minimum
6603,1583,2022-06-09,1304.98,Minimum
6604,3132,2022-11-09,1687.68,Minimum
6605,3837,2022-02-26,662.89,Partial
6606,618,2024-08-27,1711.6,Full
6607,3137,2024-07-09,453.2,Minimum
6608,4962,2022-04-23,1723.11,Partial
6609,1624,2023-02-26,1939.32,Minimum
6610,2571,2022-05-13,1075.08,Full
6611,3234,2023-07-23,1741.72,Partial
6612,3214,2022-11-16,1190.12,Full
6613,1872,2022-07-14,1834.25,Partial
6614,1879,2023-09-26,1001.39,Full
6615,737,2024-12-14,1180.95,Minimum
6616,2967,2023-05-11,470.12,Full
6617,1537,2022-02-24,179.96,Full
6618,2637,2023-10-06,1766.93,Minimum
6619,2472,2024-05-26,1473.6,Minimum
6620,3608,2022-04-13,1182.33,Partial
6621,3650,2024-03-10,655.92,Minimum
6622,1215,2024-01-01,212.29,Minimum
6623,573,2023-06-28,1562.79,Partial
6624,2050,2024-07-15,689.86,Minimum
6625,4461,2024-04-22,255.48,Full
6626,939,2024-03-11,641.31,Minimum
6627,3198,2023-06-01,1149.71,Minimum
6628,4425,2022-08-26,1329.14,Full
6629,4824,2022-01-10,657.28,Full
6630,500,2024-09-29,1651.44,Full
6631,4096,2024-07-28,1417.87,Partial
6632,95,2023-12-25,712.65,Minimum
6633,2893,2023-05-12,1819.94,Partial
6634,3766,2024-09-10,22.75,Minimum
6635,757,2022-01-06,1772.45,Minimum
6636,2531,2022-12-11,1334.07,Full
6637,1741,2023-05-24,1343.0,Minimum
6638,2874,2023-10-22,1490.51,Minimum
6639,515,2022-07-17,535.75,Minimum
6640,1403,2024-02-26,1396.38,Minimum
6641,721,2024-10-04,621.99,Partial
6642,1070,2024-05-30,519.5,Full
6643,12,2022-11-17,600.75,Minimum
6644,768,2024-08-25,425.26,Minimum
6645,1812,2022-06-29,1558.69,Partial
6646,226,2022-08-21,1922.52,Partial
6647,980,2024-11-13,172.18,Full
6648,203,2023-03-16,1080.07,Partial
6649,4534,2022-08-23,1415.06,Partial
6650,927,2022-05-25,580.07,Full
6651,2184,2022-02-19,662.74,Full
6652,4245,2022-08-19,396.87,Partial
6653,3324,2023-11-27,694.43,Minimum
6654,4152,2023-10-12,969.8,Minimum
6655,2527,2023-05-13,242.14,Minimum
6656,4957,2023-04-27,308.04,Full
6657,3329,2022-10-03,556.68,Full
6658,1875,2023-02-13,372.36,Partial
6659,849,2024-11-24,1921.08,Minimum
6660,3649,2023-11-09,70.06,Partial
6661,1358,2024-09-02,481.07,Partial
6662,2563,2022-10-27,719.91,Minimum
6663,2166,2024-04-23,1511.06,Partial
6664,824,2022-06-01,723.09,Partial
6665,1882,2023-08-31,1055.07,Partial
6666,4499,2024-05-30,112.54,Full
6667,1344,2024-08-22,662.13,Full
6668,3871,2022-03-22,1537.7,Full
6669,901,2022-11-11,1506.99,Full
6670,1683,2022-08-23,835.11,Minimum
6671,2064,2022-01-20,1539.91,Minimum
6672,3153,2024-05-15,847.77,Full
6673,3709,2023-02-16,721.64,Full
6674,2302,2023-11-10,357.9,Partial
6675,3196,2023-10-09,557.56,Minimum
6676,4261,2022-08-28,1021.59,Full
6677,759,2024-12-26,1420.6,Minimum
6678,976,2023-04-19,168.54,Minimum
6679,4402,2024-04-08,1871.2,Partial
6680,2665,2024-03-24,446.57,Partial
6681,4503,2022-09-15,196.43,Partial
6682,2537,2022-12-23,482.73,Full
6683,3505,2023-05-12,910.72,Partial
6684,1285,2023-11-18,1206.66,Full
6685,4564,2024-03-15,1142.74,Full
6686,1945,2022-12-25,1235.69,Minimum
6687,1598,2022-01-08,297.64,Full
6688,4619,2022-09-11,1502.84,Partial
6689,4592,2023-10-28,912.0,Minimum
6690,3071,2023-10-27,749.13,Partial
6691,4430,2022-01-20,1642.61,Full
6692,1769,2023-12-03,1996.58,Partial
6693,1436,2023-02-28,639.1,Minimum
6694,3762,2022-10-21,1296.27,Partial
6695,2720,2024-05-30,1567.1,Full
6696,2064,2022-09-20,401.3,Minimum
6697,142,2024-12-14,650.04,Partial
6698,807,2024-01-15,753.73,Partial
6699,1761,2023-11-28,1579.8,Full
6700,3419,2023-10-10,1891.85,Full
6701,4834,2022-03-02,1947.88,Partial
6702,357,2024-05-30,1697.71,Full
6703,2010,2024-08-14,1151.64,Full
6704,4377,2022-12-14,145.88,Minimum
6705,3484,2024-05-21,1265.39,Partial
6706,3240,2023-10-11,1380.31,Partial
6707,4,2022-02-20,1483.56,Full
6708,874,2024-06-17,1142.44,Partial
6709,4024,2024-08-02,1301.34,Full
6710,882,2024-06-11,363.5,Partial
6711,198,2022-08-27,150.75,Minimum
6712,2165,2023-08-13,346.4,Full
6713,3032,2023-09-20,35.93,Minimum
6714,2609,2023-03-04,1844.93,Partial
6715,3171,2022-10-07,633.84,Full
6716,591,2023-09-27,1297.84,Minimum
6717,262,2023-11-29,1662.55,Minimum
6718,237,2022-02-22,376.88,Full
6719,1781,2023-02-01,440.26,Minimum
6720,4834,2023-05-17,278.84,Full
6721,3118,2023-09-13,1952.89,Full
6722,4874,2023-10-26,1450.57,Partial
6723,3559,2024-07-16,1422.79,Partial
6724,1982,2024-08-09,1243.97,Minimum
6725,3996,2023-04-28,1813.17,Partial
6726,1739,2022-12-18,105.94,Full
6727,1871,2022-04-28,1303.49,Full
6728,1107,2023-11-05,726.79,Partial
6729,1465,2023-05-26,1692.84,Partial
6730,4605,2022-08-10,64.04,Full
6731,4341,2023-01-25,825.46,Full
6732,2816,2024-04-29,227.69,Partial
6733,3930,2022-10-25,1503.34,Partial
6734,1329,2023-08-13,1497.66,Minimum
6735,749,2023-11-10,1259.86,Partial
6736,727,2023-04-29,781.01,Partial
6737,1549,2024-08-31,1677.09,Full
6738,1379,2022-10-15,685.0,Partial
6739,4455,2024-01-16,1344.88,Full
6740,4628,2022-04-25,1588.43,Minimum
6741,4819,2024-10-30,471.71,Minimum
6742,2998,2022-03-05,287.77,Minimum
6743,4569,2024-08-05,514.16,Minimum
6744,3948,2022-12-10,930.72,Full
6745,33,2024-08-08,66.14,Minimum
6746,2461,2023-04-21,815.7,Partial
6747,2005,2023-03-24,205.31,Full
6748,2622,2023-09-11,735.52,Minimum
6749,626,2023-03-26,1715.98,Minimum
6750,769,2024-11-24,874.38,Partial
6751,2279,2023-11-09,1297.38,Partial
6752,3883,2022-03-12,1114.77,Partial
6753,2495,2023-04-02,241.39,Full
6754,1433,2022-03-04,637.26,Minimum
6755,719,2024-02-23,1956.61,Minimum
6756,813,2022-01-09,1855.07,Partial
6757,200,2024-07-25,1263.49,Partial
6758,3878,2022-08-04,341.54,Minimum
6759,3850,2022-02-27,1774.67,Minimum
6760,2578,2023-09-08,1075.71,Full
6761,447,2023-09-29,820.02,Partial
6762,551,2024-04-01,585.73,Partial
6763,3090,2023-03-09,476.6,Partial
6764,4371,2024-04-29,1857.74,Full
6765,1956,2023-12-20,850.73,Full
6766,4,2022-04-25,119.97,Full
6767,2855,2022-01-01,1708.27,Partial
6768,3424,2023-05-27,438.16,Full
6769,2993,2024-03-06,879.26,Minimum
6770,1405,2023-03-16,1190.65,Minimum
6771,1774,2022-05-13,1319.28,Partial
6772,4082,2023-02-27,1969.71,Minimum
6773,2938,2022-02-14,460.52,Minimum
6774,4825,2022-02-10,604.15,Partial
6775,2590,2024-05-04,1323.06,Full
6776,3061,2024-08-06,876.37,Partial
6777,1409,2022-04-20,798.93,Full
6778,2242,2023-05-23,1423.35,Partial
6779,4700,2023-12-26,869.74,Full
6780,3213,2024-03-09,979.45,Partial
6781,3924,2023-07-24,176.58,Partial
6782,3935,2024-07-01,1005.06,Full
6783,3211,2023-01-23,1417.04,Minimum
6784,3242,2022-05-11,199.74,Full
6785,1495,2024-07-08,97.6,Partial
6786,2789,2023-11-30,1457.84,Full
6787,3754,2024-03-16,226.08,Minimum
6788,4942,2023-07-18,603.71,Partial
6789,2734,2024-03-05,1311.52,Partial
6790,4010,2024-11-28,1703.77,Minimum
6791,950,2023-11-01,756.56,Full
6792,2903,2023-02-08,1446.46,Partial
6793,3835,2022-06-14,1228.12,Full
6794,3927,2023-05-30,1203.4,Full
6795,2782,2023-01-20,273.16,Full
6796,5,2023-01-30,649.55,Full
6797,4487,2022-08-12,79.91,Full
6798,4045,2024-06-28,1154.6,Partial
6799,3291,2022-10-21,1031.57,Full
6800,4170,2022-11-18,1338.15,Minimum
6801,4894,2024-01-20,242.42,Minimum
6802,2430,2024-02-15,1814.83,Partial
6803,2519,2024-07-01,1725.65,Minimum
6804,737,2022-04-11,1356.63,Minimum
6805,4661,2024-11-05,456.82,Minimum
6806,4550,2023-08-21,1259.09,Full
6807,2643,2022-10-25,1873.61,Partial
6808,1394,2023-05-26,896.13,Minimum
6809,2108,2023-03-20,627.55,Minimum
6810,856,2022-05-02,1193.29,Minimum
6811,784,2023-05-13,65.52,Partial
6812,1668,2023-06-20,1778.13,Minimum
6813,2923,2023-09-19,698.62,Full
6814,3979,2023-06-22,1907.7,Full
6815,1352,2024-08-17,1879.89,Full
6816,514,2024-12-23,121.95,Minimum
6817,3049,2023-12-12,1884.43,Minimum
6818,2185,2022-07-23,1278.13,Minimum
6819,197,2022-04-28,1422.23,Partial
6820,2448,2022-12-07,1835.8,Full
6821,1243,2022-12-07,606.92,Partial
6822,3189,2022-08-18,958.23,Partial
6823,224,2024-01-27,597.9,Full
6824,4897,2023-09-07,464.29,Full
6825,3162,2024-06-30,1890.45,Full
6826,1456,2022-08-24,523.83,Full
6827,4889,2022-02-24,377.65,Full
6828,4767,2022-02-04,924.71,Partial
6829,1864,2023-08-25,1981.36,Partial
6830,1142,2023-02-02,166.83,Minimum
6831,1569,2022-08-27,1652.44,Full
6832,598,2023-12-03,670.46,Minimum
6833,3981,2023-03-05,886.41,Partial
6834,4770,2022-04-30,1471.73,Full
6835,2750,2023-07-22,839.11,Full
6836,4553,2024-05-05,476.04,Partial
6837,4502,2024-08-15,1830.44,Minimum
6838,2179,2024-02-02,1716.47,Minimum
6839,2429,2023-01-05,491.37,Partial
6840,4289,2023-07-28,1228.22,Full
6841,1877,2024-06-15,1893.54,Partial
6842,700,2023-04-25,325.02,Partial
6843,204,2023-10-24,357.07,Minimum
6844,327,2024-04-14,282.96,Minimum
6845,4418,2022-08-26,539.71,Minimum
6846,887,2024-03-18,657.61,Full
6847,4027,2022-12-17,56.37,Full
6848,555,2023-12-04,1750.42,Minimum
6849,2643,2022-06-03,1274.67,Minimum
6850,2781,2022-10-27,1410.02,Minimum
6851,722,2024-02-12,1495.81,Minimum
6852,806,2024-03-14,143.32,Partial
6853,4685,2022-10-21,1951.07,Full
6854,4407,2023-03-03,196.45,Partial
6855,4289,2022-12-11,304.45,Full
6856,3271,2024-03-10,1627.15,Minimum
6857,4008,2023-05-19,1091.92,Minimum
6858,2777,2024-08-26,1460.67,Partial
6859,983,2023-11-12,747.88,Minimum
6860,3922,2022-05-20,179.03,Partial
6861,1214,2022-04-11,1083.88,Full
6862,47,2024-12-23,117.78,Full
6863,1393,2024-07-16,166.24,Partial
6864,1030,2022-08-18,199.71,Full
6865,400,2023-01-08,491.01,Full
6866,3659,2024-09-30,214.24,Partial
6867,1510,2022-03-24,1505.42,Partial
6868,993,2022-07-12,1425.54,Full
6869,1133,2022-09-08,842.45,Partial
6870,2595,2022-11-06,1838.09,Minimum
6871,2076,2023-04-27,174.77,Partial
6872,3400,2022-09-01,1018.52,Minimum
6873,2524,2022-05-26,1949.03,Minimum
6874,3170,2023-10-21,347.29,Partial
6875,4377,2023-11-30,775.53,Minimum
6876,1795,2023-01-18,803.74,Partial
6877,3057,2024-12-04,663.88,Minimum
6878,2943,2022-08-12,254.87,Minimum
6879,3443,2022-10-03,493.68,Minimum
6880,4553,2024-06-23,816.17,Full
6881,1420,2022-11-17,1067.18,Full
6882,3370,2022-07-04,1530.21,Minimum
6883,1403,2024-04-12,1039.66,Partial
6884,2229,2024-11-08,750.25,Minimum
6885,4433,2023-12-12,278.49,Partial
6886,4749,2022-09-25,1933.4,Minimum
6887,181,2022-05-17,819.71,Full
6888,4662,2022-07-30,1824.13,Full
6889,329,2024-01-20,137.79,Partial
6890,2595,2023-07-28,1757.4,Partial
6891,2964,2022-01-14,61.65,Partial
6892,2459,2023-05-24,815.55,Full
6893,3512,2023-06-10,196.26,Full
6894,3011,2024-07-27,1209.2,Full
6895,2806,2023-07-10,744.86,Partial
6896,3029,2022-02-12,1695.9,Minimum
6897,2952,2022-11-01,591.77,Full
6898,650,2023-08-10,1953.03,Full
6899,1180,2023-03-03,1435.09,Full
6900,1643,2024-01-28,627.87,Partial
6901,1499,2022-04-24,1583.69,Partial
6902,2192,2024-07-31,1643.34,Partial
6903,145,2023-05-04,124.72,Partial
6904,3533,2023-01-17,38.97,Minimum
6905,4543,2024-11-11,1577.04,Minimum
6906,2877,2022-07-07,1778.11,Full
6907,3799,2024-01-26,134.52,Minimum
6908,4225,2022-07-19,1609.21,Minimum
6909,557,2023-06-11,896.24,Full
6910,2043,2022-07-12,1623.24,Partial
6911,1270,2022-06-22,129.91,Minimum
6912,3583,2023-01-08,552.55,Minimum
6913,2150,2023-08-28,593.89,Minimum
6914,940,2023-09-24,719.74,Minimum
6915,2333,2022-05-24,810.07,Full
6916,1026,2024-07-04,56.93,Minimum
6917,2106,2024-04-23,520.61,Partial
6918,2427,2024-07-18,1307.27,Partial
6919,2365,2022-09-02,649.54,Partial
6920,2591,2024-08-08,266.56,Full
6921,2347,2022-01-30,826.81,Full
6922,3018,2023-06-25,1331.96,Minimum
6923,2042,2022-08-14,1830.79,Full
6924,2595,2024-11-18,684.3,Full
6925,4704,2022-05-01,608.35,Full
6926,3775,2023-07-12,1835.75,Full
6927,4331,2023-03-12,1942.16,Minimum
6928,1615,2023-11-24,576.31,Partial
6929,2174,2023-02-05,1784.35,Full
6930,525,2024-05-18,791.97,Minimum
6931,1558,2022-03-31,1280.22,Partial
6932,522,2022-09-17,1835.19,Minimum
6933,4970,2023-02-11,42.24,Partial
6934,2807,2024-03-01,460.79,Minimum
6935,1524,2023-07-20,1669.83,Partial
6936,3755,2024-08-11,1647.66,Minimum
6937,231,2023-11-15,185.35,Full
6938,4212,2024-11-27,1109.63,Partial
6939,1491,2023-01-10,589.28,Minimum
6940,2570,2023-02-08,1073.72,Full
6941,3528,2023-04-04,1218.87,Partial
6942,2617,2022-09-23,131.72,Partial
6943,2681,2022-08-09,122.55,Minimum
6944,1701,2024-05-06,1377.55,Minimum
6945,2975,2024-06-22,679.36,Partial
6946,1147,2023-10-15,1665.4,Minimum
6947,3928,2024-03-22,491.05,Minimum
6948,4549,2022-12-19,919.83,Partial
6949,1048,2024-04-03,671.24,Full
6950,4390,2023-10-18,1220.59,Full
6951,2378,2023-04-14,839.37,Full
6952,3338,2024-12-11,1745.92,Minimum
6953,4599,2023-07-26,877.21,Minimum
6954,1195,2022-11-16,1172.01,Partial
6955,405,2024-10-19,1645.32,Partial
6956,3245,2022-04-01,1249.83,Minimum
6957,1285,2023-10-25,1259.96,Partial
6958,963,2023-10-06,1412.67,Minimum
6959,1507,2024-02-03,783.47,Minimum
6960,1302,2024-03-30,59.54,Minimum
6961,2835,2024-11-15,1288.95,Partial
6962,4206,2022-05-28,395.38,Partial
6963,955,2022-09-06,871.0,Full
6964,488,2024-02-13,1916.56,Minimum
6965,1955,2023-11-16,1985.25,Full
6966,3272,2023-09-13,776.27,Partial
6967,4397,2022-08-31,307.79,Minimum
6968,4785,2024-07-06,788.8,Minimum
6969,250,2022-04-01,720.24,Partial
6970,2916,2024-01-11,1732.38,Partial
6971,367,2023-09-06,528.73,Minimum
6972,4559,2024-11-09,1505.41,Minimum
6973,4385,2022-01-30,491.45,Full
6974,3250,2023-03-29,999.99,Full
6975,4582,2023-02-03,217.96,Full
6976,4469,2023-07-04,1086.32,Minimum
6977,3028,2022-08-22,1341.72,Minimum
6978,4157,2023-03-16,768.78,Full
6979,651,2022-11-12,1070.48,Minimum
6980,2540,2023-06-16,1234.07,Minimum
6981,812,2022-10-29,1289.85,Minimum
6982,11,2022-01-13,886.51,Partial
6983,295,2024-09-15,1631.73,Full
6984,3226,2024-12-03,1260.83,Full
6985,489,2023-12-21,609.13,Minimum
6986,2724,2024-06-28,843.22,Partial
6987,1535,2023-01-29,141.11,Partial
6988,2709,2022-12-08,1762.92,Full
6989,2952,2024-04-06,1780.28,Partial
6990,1023,2024-03-15,1275.68,Partial
6991,3911,2024-01-20,338.93,Minimum
6992,2955,2023-07-22,1068.01,Full
6993,2718,2022-03-25,386.81,Minimum
6994,1814,2022-01-07,1467.38,Partial
6995,2443,2023-07-14,1754.96,Minimum
6996,4456,2022-02-22,789.13,Partial
6997,2439,2023-10-16,314.08,Full
6998,206,2023-03-12,1993.72,Minimum
6999,4034,2022-04-07,207.11,Partial
7000,3389,2022-10-01,695.88,Full
7001,2660,2024-08-02,1460.54,Partial
7002,3966,2023-10-27,935.86,Partial
7003,3590,2024-01-11,1383.81,Full
7004,1766,2022-12-29,662.7,Minimum
7005,65,2023-08-24,1707.37,Minimum
7006,2659,2024-07-12,1523.25,Partial
7007,165,2022-05-03,1944.18,Partial
7008,130,2022-06-01,484.58,Partial
7009,1387,2024-11-16,299.21,Full
7010,597,2023-06-23,1841.22,Full
7011,1310,2023-09-24,1620.01,Partial
7012,31,2024-09-18,1153.66,Partial
7013,529,2024-07-24,1151.09,Full
7014,735,2023-03-02,404.12,Partial
7015,4021,2023-02-04,1607.7,Minimum
7016,3367,2022-12-31,60.37,Partial
7017,3713,2024-05-01,158.11,Full
7018,4065,2024-01-06,1410.86,Full
7019,4159,2024-07-22,650.97,Partial
7020,2276,2023-09-14,1874.55,Partial
7021,984,2024-08-30,1358.96,Partial
7022,4316,2022-03-22,1932.61,Full
7023,3541,2024-05-09,137.43,Partial
7024,16,2024-11-16,1155.11,Partial
7025,4671,2023-06-13,1221.94,Partial
7026,3312,2023-04-22,1005.2,Minimum
7027,186,2023-05-29,1637.3,Partial
7028,2463,2024-03-09,698.18,Partial
7029,3645,2024-12-23,707.1,Full
7030,3609,2024-07-10,1827.72,Full
7031,4611,2022-12-25,1171.97,Partial
7032,3714,2023-06-07,1922.23,Full
7033,686,2022-12-17,1796.86,Full
7034,4989,2024-11-01,1325.97,Partial
7035,1637,2023-05-22,338.32,Full
7036,2526,2024-03-08,1576.05,Full
7037,260,2022-08-09,1260.15,Minimum
7038,4508,2022-12-09,1869.02,Minimum
7039,2435,2023-12-12,1291.94,Full
7040,4815,2024-12-09,69.57,Minimum
7041,4365,2023-06-10,585.31,Partial
7042,1693,2022-10-14,1436.18,Partial
7043,1370,2024-02-02,459.37,Partial
7044,3686,2023-01-22,1966.86,Full
7045,4964,2023-04-11,907.43,Partial
7046,2923,2023-10-18,448.11,Full
7047,4818,2024-07-27,118.48,Partial
7048,1941,2022-06-04,1832.31,Partial
7049,2765,2024-05-06,127.34,Minimum
7050,4289,2023-12-02,541.68,Partial
7051,1744,2024-05-17,1210.74,Partial
7052,4674,2023-07-05,188.4,Minimum
7053,4321,2022-06-20,700.84,Minimum
7054,506,2022-10-16,608.28,Partial
7055,4949,2022-08-24,1195.8,Full
7056,2730,2024-03-05,1604.84,Partial
7057,1733,2024-02-23,1752.99,Full
7058,881,2022-07-11,1596.88,Partial
7059,2591,2023-05-04,1966.84,Minimum
7060,2690,2022-02-28,1230.12,Partial
7061,1733,2022-01-28,1588.39,Full
7062,2937,2022-10-27,177.86,Full
7063,2572,2024-02-19,1161.95,Full
7064,2231,2023-04-22,820.13,Partial
7065,4008,2024-07-29,127.77,Minimum
7066,21,2023-09-01,576.41,Full
7067,3049,2024-11-25,1355.62,Minimum
7068,3428,2022-09-18,1153.06,Minimum
7069,573,2022-09-16,977.38,Minimum
7070,3611,2024-06-17,132.47,Full
7071,1425,2023-04-17,267.28,Partial
7072,1512,2024-07-10,161.77,Partial
7073,4400,2022-07-01,1787.57,Full
7074,1732,2024-06-13,501.43,Full
7075,1667,2024-06-13,1623.3,Minimum
7076,599,2024-06-12,1370.75,Minimum
7077,4852,2023-09-19,1149.64,Full
7078,2386,2023-08-04,802.81,Full
7079,269,2023-04-13,1553.74,Full
7080,346,2022-12-06,1654.34,Full
7081,2262,2024-10-20,60.97,Full
7082,514,2024-04-18,444.11,Minimum
7083,4357,2023-06-04,1894.86,Minimum
7084,4124,2024-05-02,1742.25,Full
7085,2733,2022-09-19,496.88,Full
7086,1599,2022-01-09,649.21,Full
7087,685,2022-08-12,1564.33,Partial
7088,4338,2024-01-03,225.9,Partial
7089,2813,2023-07-30,1332.82,Full
7090,3072,2022-07-20,466.12,Partial
7091,1771,2023-07-28,1792.0,Minimum
7092,2144,2023-07-06,1664.99,Partial
7093,2581,2022-12-16,88.72,Full
7094,2892,2022-07-04,1750.03,Full
7095,2080,2024-03-11,861.57,Full
7096,1747,2024-10-27,1273.5,Minimum
7097,3618,2023-01-29,1548.24,Partial
7098,3763,2024-07-04,118.78,Partial
7099,2182,2023-05-07,438.35,Full
7100,1911,2024-03-27,941.21,Partial
7101,3111,2022-01-08,596.73,Full
7102,4278,2024-11-18,975.78,Full
7103,3195,2022-03-05,651.69,Full
7104,4766,2024-07-23,947.74,Partial
7105,3577,2022-03-23,888.81,Full
7106,3272,2024-06-08,1137.27,Partial
7107,857,2024-09-23,39.05,Full
7108,746,2022-06-12,513.72,Partial
7109,1884,2023-06-09,1687.94,Full
7110,2036,2022-10-19,734.81,Partial
7111,3499,2024-12-18,1515.26,Partial
7112,85,2023-06-08,1330.14,Minimum
7113,2232,2022-06-19,1664.21,Partial
7114,4190,2024-05-24,1346.56,Full
7115,2962,2022-01-19,209.64,Full
7116,4552,2022-11-05,1329.52,Minimum
7117,2204,2024-05-11,1424.95,Partial
7118,2265,2024-04-24,617.58,Partial
7119,3831,2024-03-19,1679.03,Partial
7120,4648,2022-05-21,418.7,Minimum
7121,4903,2024-02-08,413.65,Minimum
7122,2790,2022-12-20,499.7,Partial
7123,4320,2022-04-15,1875.2,Full
7124,3570,2024-01-16,778.13,Partial
7125,3500,2024-06-01,166.09,Full
7126,1073,2024-12-17,840.09,Minimum
7127,1384,2023-12-09,897.22,Partial
7128,3958,2022-11-18,1601.8,Partial
7129,43,2022-09-20,995.29,Minimum
7130,3408,2023-04-23,1877.19,Full
7131,3449,2022-06-18,1269.85,Full
7132,2817,2024-08-02,1888.5,Full
7133,1023,2024-05-21,1364.82,Partial
7134,1507,2024-06-17,1847.58,Partial
7135,3875,2024-02-04,223.05,Minimum
7136,966,2024-04-08,233.63,Partial
7137,4898,2024-04-29,694.65,Full
7138,924,2022-12-01,1083.88,Minimum
7139,2966,2022-12-15,1780.97,Minimum
7140,1896,2024-05-24,1653.13,Minimum
7141,763,2023-09-12,1005.46,Full
7142,3460,2023-10-19,1761.2,Partial
7143,45,2022-12-23,390.76,Partial
7144,2725,2023-01-12,1138.55,Full
7145,2786,2022-08-27,322.99,Minimum
7146,4256,2024-09-03,1956.96,Full
7147,3409,2023-10-08,1436.24,Partial
7148,2083,2022-10-06,1356.97,Full
7149,899,2022-06-18,1878.39,Partial
7150,1803,2024-07-08,389.69,Minimum
7151,650,2023-10-25,1264.37,Full
7152,2760,2024-07-17,160.91,Minimum
7153,551,2023-11-02,944.49,Partial
7154,1038,2023-10-01,718.36,Full
7155,3054,2022-05-24,1374.49,Minimum
7156,709,2022-08-27,771.98,Partial
7157,4752,2022-09-09,95.0,Partial
7158,3196,2024-08-04,372.05,Partial
7159,2355,2023-02-21,1345.72,Minimum
7160,777,2022-08-12,1028.3,Full
7161,2235,2023-05-08,1942.56,Partial
7162,765,2024-09-26,102.24,Partial
7163,1406,2022-08-19,1997.28,Partial
7164,3055,2022-12-20,109.45,Partial
7165,2270,2022-03-20,154.99,Full
7166,4659,2023-02-22,842.98,Minimum
7167,4165,2024-07-22,591.5,Full
7168,346,2024-11-28,893.69,Minimum
7169,1929,2022-03-30,90.23,Partial
7170,4230,2022-11-02,1421.26,Full
7171,310,2024-03-15,804.82,Full
7172,59,2023-12-03,1427.68,Full
7173,3810,2022-07-18,839.36,Partial
7174,2056,2024-03-29,947.5,Partial
7175,4861,2022-08-15,1717.73,Minimum
7176,660,2023-08-09,1274.91,Full
7177,2833,2022-08-10,248.38,Partial
7178,785,2022-09-02,1532.2,Full
7179,3287,2024-03-13,1654.66,Full
7180,810,2022-08-21,1851.55,Full
7181,2492,2023-02-15,1869.9,Minimum
7182,2110,2023-05-06,1318.32,Full
7183,2925,2023-06-29,160.88,Minimum
7184,794,2023-01-24,1053.97,Full
7185,4813,2023-02-01,1227.96,Partial
7186,4469,2023-09-17,1917.15,Minimum
7187,472,2022-09-05,1406.05,Partial
7188,2229,2022-11-01,774.37,Full
7189,2891,2024-01-23,341.91,Partial
7190,523,2022-12-26,661.94,Minimum
7191,2115,2024-09-12,1201.45,Partial
7192,587,2024-01-09,777.14,Minimum
7193,2491,2023-02-22,1001.67,Minimum
7194,1932,2024-07-30,1481.85,Full
7195,1201,2022-04-16,1527.33,Full
7196,1553,2022-04-05,1714.56,Minimum
7197,2505,2023-02-06,1280.67,Partial
7198,1423,2023-08-07,560.03,Partial
7199,1273,2023-03-13,357.56,Full
7200,2807,2024-06-10,1668.12,Minimum
7201,3072,2024-04-07,1285.5,Minimum
7202,2350,2023-07-13,794.88,Minimum
7203,3811,2022-02-19,468.44,Full
7204,3776,2022-12-31,426.22,Minimum
7205,3148,2023-08-03,1087.79,Full
7206,3818,2022-11-10,691.37,Partial
7207,2710,2024-11-08,816.76,Partial
7208,1375,2023-11-10,1947.43,Minimum
7209,796,2022-12-02,1616.46,Minimum
7210,1021,2024-10-08,1950.16,Partial
7211,228,2024-05-07,1266.05,Partial
7212,1168,2023-01-09,166.75,Partial
7213,3510,2023-02-13,388.05,Partial
7214,4911,2024-06-04,1491.28,Minimum
7215,2173,2024-01-05,1769.59,Full
7216,1039,2023-11-09,284.31,Full
7217,1097,2023-03-23,1514.04,Minimum
7218,2489,2023-11-27,80.67,Minimum
7219,2116,2024-11-30,717.07,Full
7220,4682,2024-12-15,402.46,Partial
7221,4963,2024-01-14,150.0,Minimum
7222,2931,2024-12-11,1451.14,Full
7223,3300,2024-11-07,893.23,Minimum
7224,3804,2023-08-17,846.82,Minimum
7225,1077,2024-06-16,1936.02,Partial
7226,4552,2023-12-25,706.84,Minimum
7227,1659,2022-03-06,631.88,Minimum
7228,3725,2022-06-29,789.51,Partial
7229,3878,2022-05-14,351.49,Minimum
7230,3048,2022-07-30,618.03,Partial
7231,2064,2023-11-26,1473.23,Minimum
7232,1817,2024-11-03,1607.22,Minimum
7233,2232,2022-06-16,909.37,Minimum
7234,3535,2022-05-09,1173.25,Minimum
7235,2029,2024-12-21,1810.82,Minimum
7236,2994,2023-11-27,419.33,Full
7237,1692,2024-07-01,1155.51,Partial
7238,2725,2024-09-13,281.18,Minimum
7239,1754,2022-10-13,678.81,Partial
7240,919,2022-08-26,112.09,Minimum
7241,1759,2024-01-13,311.8,Full
7242,4453,2024-12-18,418.8,Partial
7243,4465,2023-07-07,264.83,Minimum
7244,1942,2023-08-22,446.23,Partial
7245,4788,2022-08-04,697.26,Full
7246,2159,2022-12-05,661.74,Minimum
7247,4141,2023-12-24,486.48,Full
7248,1292,2024-08-06,677.74,Full
7249,1641,2023-05-09,29.81,Minimum
7250,4003,2023-10-08,1248.22,Minimum
7251,82,2024-04-04,840.02,Full
7252,823,2022-07-04,1052.09,Minimum
7253,3510,2022-11-15,963.68,Full
7254,297,2024-06-10,1174.64,Minimum
7255,1675,2023-04-10,1623.67,Partial
7256,3233,2023-06-28,1530.11,Minimum
7257,3245,2022-08-15,1145.69,Minimum
7258,1747,2023-12-15,641.74,Full
7259,3403,2023-10-18,1890.07,Minimum
7260,3769,2023-12-10,92.38,Minimum
7261,4897,2022-06-30,363.69,Full
7262,1209,2024-11-11,1864.02,Partial
7263,199,2023-03-07,1091.7,Full
7264,3183,2024-02-11,1071.48,Full
7265,4802,2022-09-25,1188.02,Partial
7266,1921,2022-07-07,364.26,Minimum
7267,465,2022-12-29,174.29,Minimum
7268,2618,2023-11-21,381.13,Full
7269,999,2022-04-14,670.74,Partial
7270,1182,2022-03-26,1754.99,Partial
7271,4079,2024-07-16,1920.14,Partial
7272,1867,2023-06-10,603.71,Partial
7273,449,2023-01-08,1619.16,Full
7274,3547,2022-04-08,403.1,Full
7275,2160,2022-05-15,1618.38,Minimum
7276,4989,2023-05-29,1198.98,Full
7277,475,2024-10-23,1743.76,Partial
7278,1876,2024-09-01,251.88,Minimum
7279,2209,2023-11-08,998.54,Full
7280,1831,2022-10-15,911.37,Partial
7281,3462,2023-01-20,1277.14,Full
7282,2467,2022-11-01,386.24,Minimum
7283,4955,2022-04-15,1863.74,Minimum
7284,4869,2024-10-05,1177.4,Minimum
7285,1165,2024-08-25,1958.53,Partial
7286,2449,2022-11-10,59.67,Partial
7287,4587,2023-07-30,211.3,Full
7288,1338,2022-01-24,1880.89,Partial
7289,2967,2022-01-05,681.7,Partial
7290,3920,2024-01-16,187.38,Minimum
7291,3147,2022-12-31,1757.0,Partial
7292,3774,2024-07-25,1618.29,Full
7293,4393,2024-02-10,875.28,Minimum
7294,3015,2024-02-26,312.52,Full
7295,2417,2024-10-17,1181.15,Partial
7296,2932,2023-07-17,314.53,Minimum
7297,2347,2023-11-16,658.24,Partial
7298,3302,2022-07-14,1757.68,Full
7299,1698,2022-02-13,1426.25,Full
7300,1989,2024-02-20,1507.6,Minimum
7301,2981,2023-10-28,388.04,Full
7302,2569,2023-06-08,170.2,Partial
7303,3971,2022-08-26,480.84,Partial
7304,1712,2023-04-25,1396.03,Full
7305,1872,2022-01-25,1758.43,Partial
7306,2045,2024-04-14,1105.03,Partial
7307,1433,2023-04-18,1584.21,Partial
7308,2025,2022-01-07,1044.9,Minimum
7309,4928,2022-02-16,1633.23,Minimum
7310,2424,2023-10-21,1919.76,Full
7311,1079,2022-09-09,182.87,Minimum
7312,1585,2022-10-25,50.37,Partial
7313,2096,2024-04-26,1935.82,Partial
7314,4110,2024-08-19,1878.19,Full
7315,2399,2024-06-23,278.09,Partial
7316,2620,2024-03-09,1493.25,Minimum
7317,2303,2022-09-15,1242.97,Partial
7318,195,2023-01-22,889.95,Partial
7319,2820,2022-03-30,867.06,Minimum
7320,1954,2024-10-17,823.39,Partial
7321,968,2022-04-14,1326.33,Minimum
7322,1512,2024-06-21,1650.91,Minimum
7323,4136,2023-12-25,1352.97,Full
7324,4994,2023-10-19,889.6,Minimum
7325,3618,2023-01-01,235.95,Minimum
7326,3766,2022-03-06,442.29,Minimum
7327,1223,2024-10-08,1778.2,Minimum
7328,2808,2022-07-15,1440.83,Partial
7329,4280,2022-08-24,941.15,Partial
7330,3405,2024-11-29,1918.43,Partial
7331,4254,2023-05-13,621.73,Full
7332,2701,2023-05-15,1137.11,Partial
7333,2834,2022-05-21,1015.12,Partial
7334,986,2022-02-09,828.27,Full
7335,2885,2022-08-28,672.38,Partial
7336,2793,2022-09-17,313.4,Minimum
7337,4760,2022-04-28,933.98,Minimum
7338,146,2023-04-29,44.72,Partial
7339,1761,2024-01-08,764.57,Full
7340,3177,2023-01-11,1374.84,Minimum
7341,4135,2022-11-26,1989.34,Partial
7342,3704,2023-05-18,1752.73,Minimum
7343,3956,2023-01-18,455.63,Full
7344,3083,2022-09-06,341.44,Partial
7345,546,2024-08-28,935.7,Full
7346,203,2022-07-07,459.29,Full
7347,4198,2024-06-12,834.8,Full
7348,4668,2022-11-14,1998.35,Minimum
7349,1020,2022-10-20,1741.04,Partial
7350,4638,2024-12-13,1248.11,Partial
7351,2932,2023-12-13,956.52,Minimum
7352,2907,2024-06-05,963.38,Minimum
7353,255,2024-12-19,1885.74,Partial
7354,3680,2024-02-13,352.63,Partial
7355,518,2023-10-09,172.45,Full
7356,4115,2023-09-04,854.4,Minimum
7357,1314,2024-12-17,920.2,Minimum
7358,4759,2024-02-14,1828.74,Minimum
7359,1151,2024-04-05,1916.34,Minimum
7360,3593,2024-04-30,483.53,Minimum
7361,676,2024-04-29,437.48,Full
7362,1419,2023-10-18,1115.1,Full
7363,1088,2024-03-07,1964.92,Partial
7364,1772,2024-05-28,1557.27,Full
7365,3941,2024-05-17,138.61,Full
7366,2411,2022-03-10,1666.0,Full
7367,3053,2023-08-22,1734.2,Full
7368,4078,2023-01-31,670.31,Minimum
7369,1571,2022-09-28,656.23,Partial
7370,3528,2024-12-01,1068.92,Partial
7371,3717,2022-10-16,1815.8,Partial
7372,649,2024-11-04,356.06,Partial
7373,1359,2023-01-31,1174.43,Full
7374,4107,2023-06-01,990.23,Full
7375,1217,2023-10-28,671.83,Minimum
7376,1707,2023-11-25,1271.31,Partial
7377,4542,2024-10-08,744.26,Full
7378,4922,2024-12-18,229.91,Partial
7379,4958,2022-09-01,1739.54,Full
7380,4474,2022-10-31,454.28,Minimum
7381,3766,2024-01-17,1238.96,Minimum
7382,2153,2022-12-14,1966.67,Full
7383,4352,2023-03-20,519.55,Partial
7384,4009,2024-07-10,982.19,Minimum
7385,4942,2023-02-03,1339.9,Minimum
7386,4816,2024-06-06,1841.44,Minimum
7387,3803,2023-07-20,1748.61,Minimum
7388,3186,2023-05-22,1967.48,Partial
7389,4812,2024-06-10,1174.3,Partial
7390,855,2022-01-15,92.52,Partial
7391,333,2024-02-15,286.49,Full
7392,4789,2023-05-01,1825.57,Partial
7393,3841,2024-08-04,984.01,Partial
7394,1357,2022-11-08,650.56,Minimum
7395,1978,2023-09-18,1444.62,Full
7396,3017,2022-08-06,1915.44,Minimum
7397,495,2022-05-25,1446.54,Full
7398,4504,2023-03-24,562.54,Full
7399,830,2022-01-11,361.35,Partial
7400,4547,2024-12-02,1099.36,Full
7401,4741,2023-09-26,328.17,Partial
7402,3373,2022-03-26,1748.31,Full
7403,2229,2023-04-16,432.55,Partial
7404,3456,2022-09-30,1376.58,Minimum
7405,239,2022-10-19,143.21,Full
7406,656,2023-02-12,298.89,Full
7407,4487,2024-03-06,1353.52,Full
7408,2159,2025-01-01,1382.88,Full
7409,3575,2023-01-08,1798.18,Minimum
7410,298,2022-05-29,1982.99,Minimum
7411,3059,2023-03-19,1469.13,Partial
7412,4353,2023-10-30,396.37,Minimum
7413,3104,2022-11-12,954.84,Partial
7414,2426,2024-11-06,121.02,Full
7415,2562,2024-12-18,1292.79,Minimum
7416,3329,2024-06-12,1222.23,Partial
7417,1513,2022-11-28,286.44,Minimum
7418,4826,2022-08-04,1771.08,Minimum
7419,1627,2023-06-28,216.14,Partial
7420,4093,2022-11-07,178.15,Partial
7421,1197,2024-02-25,518.44,Partial
7422,4782,2022-01-17,1918.8,Partial
7423,3253,2023-07-09,1889.4,Full
7424,3735,2024-05-30,308.87,Partial
7425,3779,2022-05-30,815.91,Full
7426,1459,2023-08-26,1004.55,Partial
7427,1244,2023-10-27,1320.13,Full
7428,319,2023-05-03,1113.05,Partial
7429,284,2022-08-04,914.79,Minimum
7430,260,2022-04-06,692.48,Full
7431,2071,2022-01-13,1936.81,Partial
7432,314,2023-01-20,258.12,Full
7433,1099,2024-10-22,841.76,Full
7434,2194,2023-03-15,316.01,Full
7435,2708,2022-12-16,1053.33,Full
7436,4785,2022-04-24,1487.77,Partial
7437,1406,2022-08-15,1147.32,Full
7438,2040,2023-09-12,332.77,Full
7439,568,2024-02-13,723.26,Partial
7440,1894,2024-02-08,579.91,Partial
7441,3124,2023-10-15,1266.18,Partial
7442,319,2023-09-28,142.69,Partial
7443,1766,2023-04-27,870.21,Minimum
7444,3882,2022-05-13,1230.12,Full
7445,4633,2023-12-11,1750.44,Partial
7446,3448,2022-11-17,1414.02,Full
7447,131,2022-08-01,1921.07,Full
7448,4101,2022-03-30,1578.78,Full
7449,2787,2024-02-06,1483.1,Partial
7450,414,2022-01-19,1739.1,Full
7451,471,2023-04-03,1451.76,Partial
7452,1322,2024-11-12,1806.01,Full
7453,2404,2024-03-26,296.06,Full
7454,982,2024-04-11,1758.31,Partial
7455,2847,2024-11-04,263.74,Full
7456,1051,2023-01-25,1469.51,Full
7457,845,2024-06-30,1445.35,Partial
7458,4590,2022-06-06,1563.39,Partial
7459,3389,2022-01-10,250.54,Full
7460,4668,2024-01-15,1736.72,Full
7461,3228,2022-02-25,122.74,Full
7462,4453,2024-02-27,299.0,Full
7463,3974,2024-08-02,1476.79,Partial
7464,1189,2024-06-12,1969.9,Full
7465,4594,2024-10-02,611.08,Minimum
7466,3619,2024-02-15,1909.87,Minimum
7467,4993,2023-10-02,1234.87,Full
7468,4284,2024-05-17,431.52,Partial
7469,1634,2022-01-25,1876.7,Minimum
7470,2785,2023-07-24,1965.54,Minimum
7471,1392,2024-10-23,1332.03,Partial
7472,2461,2022-09-09,1476.85,Full
7473,3984,2022-01-06,1470.8,Minimum
7474,1227,2024-02-15,226.53,Full
7475,2441,2022-03-10,529.56,Full
7476,4604,2024-02-28,141.26,Full
7477,679,2022-09-05,1565.89,Full
7478,3590,2023-03-24,1018.87,Partial
7479,949,2023-02-06,939.08,Minimum
7480,423,2022-01-27,1740.3,Minimum
7481,1348,2023-07-05,292.38,Minimum
7482,4677,2023-12-23,1841.04,Partial
7483,1224,2023-12-16,198.57,Partial
7484,834,2022-06-22,762.23,Full
7485,1124,2023-11-03,864.9,Partial
7486,1236,2022-02-08,1715.36,Full
7487,1235,2022-03-17,1465.12,Full
7488,4218,2022-01-01,1747.47,Partial
7489,1834,2023-10-31,174.68,Minimum
7490,117,2022-02-11,1355.93,Minimum
7491,1176,2022-03-08,1830.72,Full
7492,4638,2023-01-23,697.62,Full
7493,4732,2024-01-26,91.46,Minimum
7494,2888,2024-08-26,1622.09,Partial
7495,4535,2024-07-12,1615.78,Full
7496,2085,2023-06-18,208.81,Partial
7497,2537,2022-08-06,574.01,Partial
7498,2629,2023-09-16,344.15,Partial
7499,2826,2022-04-05,979.46,Full
7500,540,2024-06-12,144.43,Minimum
7501,4109,2024-04-27,260.3,Partial
7502,1469,2024-12-12,735.35,Minimum
7503,1721,2022-01-25,455.94,Partial
7504,2988,2022-12-18,1604.24,Full
7505,3948,2024-01-08,307.61,Partial
7506,756,2022-07-17,1046.47,Partial
7507,2404,2024-08-20,835.4,Minimum
7508,3560,2024-10-19,596.28,Minimum
7509,4055,2022-11-10,1147.84,Partial
7510,682,2022-10-09,818.61,Partial
7511,3675,2023-12-02,978.45,Minimum
7512,1685,2023-04-19,1614.35,Full
7513,3596,2024-10-19,1503.41,Partial
7514,4937,2024-09-12,110.62,Partial
7515,2119,2023-03-13,729.4,Minimum
7516,2374,2022-12-17,1143.87,Minimum
7517,2907,2023-07-17,1545.1,Full
7518,4716,2022-11-11,1013.46,Full
7519,434,2024-10-12,1017.68,Partial
7520,2069,2022-10-08,1879.46,Full
7521,2932,2022-02-22,1529.3,Minimum
7522,1467,2022-08-29,437.24,Minimum
7523,2202,2022-02-04,989.14,Partial
7524,148,2023-06-01,1240.85,Full
7525,1716,2023-04-01,1847.05,Minimum
7526,3912,2023-04-06,250.24,Minimum
7527,4951,2024-06-19,759.8,Minimum
7528,2905,2022-12-08,1151.24,Partial
7529,4500,2022-12-22,226.26,Minimum
7530,278,2024-12-03,1369.3,Partial
7531,4666,2023-03-08,943.72,Full
7532,1891,2023-11-18,1171.95,Partial
7533,2447,2022-11-10,1430.31,Partial
7534,1323,2024-10-29,1170.79,Partial
7535,4851,2024-04-04,1519.97,Minimum
7536,2603,2023-05-27,513.23,Minimum
7537,3632,2024-09-23,366.24,Full
7538,4188,2024-03-14,243.75,Minimum
7539,4284,2024-02-20,1085.35,Partial
7540,503,2022-08-23,1215.42,Partial
7541,769,2022-07-20,1385.93,Minimum
7542,3809,2023-06-24,1492.64,Partial
7543,4161,2023-02-08,333.86,Partial
7544,1,2024-05-14,1938.42,Full
7545,4361,2023-05-03,1779.69,Full
7546,4159,2023-01-15,814.85,Full
7547,4687,2022-10-05,917.96,Minimum
7548,4905,2024-11-05,1260.92,Partial
7549,942,2022-06-22,345.35,Minimum
7550,175,2022-08-13,578.14,Full
7551,3053,2023-04-18,1908.17,Full
7552,4271,2024-07-06,378.27,Full
7553,341,2024-11-02,1091.0,Minimum
7554,319,2024-12-19,218.82,Minimum
7555,833,2024-04-19,46.12,Partial
7556,2142,2022-02-24,1778.41,Minimum
7557,4554,2023-10-05,773.38,Partial
7558,3219,2023-03-27,1158.68,Minimum
7559,2824,2024-08-15,1672.6,Partial
7560,1933,2023-10-29,371.63,Full
7561,4921,2022-08-22,1637.0,Partial
7562,708,2022-06-08,208.82,Partial
7563,3640,2024-08-11,1455.56,Full
7564,2529,2022-01-16,97.0,Partial
7565,1209,2022-10-13,1765.03,Minimum
7566,714,2022-06-06,199.91,Minimum
7567,357,2022-11-05,1070.04,Partial
7568,3708,2024-05-29,1124.64,Full
7569,913,2023-10-27,1783.68,Minimum
7570,3391,2022-02-18,1167.26,Full
7571,3940,2022-08-16,408.82,Full
7572,4983,2024-05-03,1192.78,Full
7573,2452,2022-12-13,718.36,Full
7574,3072,2023-04-13,907.48,Minimum
7575,4223,2022-03-25,418.3,Minimum
7576,2162,2024-07-27,1407.39,Partial
7577,2234,2024-05-28,393.83,Full
7578,3401,2022-02-26,652.48,Minimum
7579,3590,2022-09-27,1982.3,Partial
7580,3718,2023-07-15,852.22,Minimum
7581,2309,2023-02-03,1640.51,Minimum
7582,3839,2023-03-20,980.69,Partial
7583,3116,2024-06-11,1673.95,Minimum
7584,1653,2023-11-07,610.0,Partial
7585,4394,2024-05-17,1039.9,Partial
7586,3940,2022-10-20,1126.12,Minimum
7587,1775,2023-02-16,243.3,Full
7588,4946,2022-05-11,1312.0,Full
7589,722,2024-09-22,1570.19,Partial
7590,4126,2024-08-21,992.02,Full
7591,1457,2023-12-16,1769.67,Full
7592,3069,2024-04-25,1558.37,Full
7593,467,2024-05-05,413.3,Minimum
7594,1102,2024-09-27,1864.13,Partial
7595,784,2022-11-10,1705.53,Full
7596,4886,2024-01-23,727.2,Minimum
7597,3062,2024-02-17,1061.41,Minimum
7598,923,2023-10-21,436.37,Minimum
7599,4139,2024-12-07,1297.4,Partial
7600,1695,2023-02-10,369.26,Partial
7601,1909,2023-05-05,1209.6,Minimum
7602,1373,2024-02-22,740.07,Minimum
7603,250,2024-11-29,270.61,Minimum
7604,2905,2023-08-02,478.11,Partial
7605,4767,2022-12-11,941.68,Full
7606,3431,2023-02-26,285.07,Partial
7607,4098,2024-12-03,1552.78,Minimum
7608,764,2022-08-27,339.65,Minimum
7609,3558,2024-01-29,455.37,Full
7610,3837,2024-09-15,147.39,Full
7611,1951,2023-07-22,1854.92,Partial
7612,4615,2022-03-22,57.74,Full
7613,496,2022-12-17,1357.13,Minimum
7614,1596,2023-11-10,1503.28,Minimum
7615,4377,2022-04-07,1052.07,Partial
7616,4246,2023-12-12,805.32,Full
7617,2444,2023-07-13,573.14,Full
7618,3097,2024-03-09,1106.4,Partial
7619,2851,2022-07-12,1518.07,Full
7620,1196,2023-12-16,1374.1,Partial
7621,2421,2024-10-28,775.59,Minimum
7622,3155,2024-10-15,771.22,Partial
7623,2404,2024-12-21,152.26,Full
7624,3526,2022-12-18,1878.8,Full
7625,3080,2022-03-18,1542.48,Minimum
7626,4465,2023-07-24,1518.81,Partial
7627,1730,2023-05-16,1895.51,Partial
7628,329,2024-09-03,1641.01,Partial
7629,3570,2022-02-11,1677.44,Partial
7630,4597,2022-06-12,1240.87,Partial
7631,4877,2023-04-17,637.56,Partial
7632,3383,2024-08-20,794.76,Full
7633,2046,2022-07-02,1461.86,Minimum
7634,1946,2022-05-19,1126.48,Minimum
7635,1948,2024-01-06,677.95,Partial
7636,557,2023-03-30,834.57,Minimum
7637,1502,2022-06-30,1789.67,Minimum
7638,2663,2024-12-11,1046.93,Full
7639,1051,2023-04-23,1771.91,Minimum
7640,3543,2023-05-20,1188.05,Minimum
7641,624,2022-08-22,1099.65,Full
7642,3646,2022-04-27,1937.89,Partial
7643,1109,2022-05-03,178.44,Minimum
7644,1601,2022-12-26,895.07,Partial
7645,4496,2024-01-20,249.26,Full
7646,870,2022-07-07,1521.69,Minimum
7647,1392,2024-08-30,1187.84,Minimum
7648,2004,2022-02-24,760.02,Minimum
7649,4032,2024-07-14,800.86,Full
7650,482,2022-07-10,300.94,Full
7651,2690,2022-01-16,543.66,Minimum
7652,4722,2022-07-10,1539.86,Minimum
7653,3308,2023-01-09,1649.2,Partial
7654,27,2024-11-21,1685.91,Partial
7655,4706,2022-08-03,129.6,Full
7656,3973,2022-05-26,392.67,Partial
7657,2849,2024-01-23,855.98,Partial
7658,1213,2022-07-03,901.73,Partial
7659,2523,2024-09-23,554.5,Minimum
7660,786,2022-08-24,1963.61,Minimum
7661,4013,2022-01-21,1851.5,Partial
7662,2073,2023-11-23,194.13,Minimum
7663,4706,2024-05-21,1419.7,Minimum
7664,3470,2024-02-15,442.79,Partial
7665,2962,2022-01-13,1938.21,Partial
7666,3925,2024-03-15,1368.58,Full
7667,282,2022-08-07,161.25,Partial
7668,4182,2024-12-02,99.02,Minimum
7669,1217,2022-04-28,654.2,Minimum
7670,2459,2022-01-27,1117.66,Full
7671,1346,2024-02-03,1107.05,Partial
7672,4017,2022-11-21,1073.55,Partial
7673,440,2024-11-28,1518.47,Full
7674,4713,2022-04-13,1605.41,Full
7675,4136,2024-07-31,437.35,Partial
7676,265,2023-06-10,119.03,Minimum
7677,2375,2022-09-16,168.8,Minimum
7678,4700,2023-10-17,1692.5,Full
7679,3973,2023-09-27,1115.04,Minimum
7680,2243,2024-02-05,767.76,Full
7681,2128,2024-09-09,1467.97,Partial
7682,3510,2024-09-09,1722.12,Full
7683,3297,2024-01-03,1359.14,Partial
7684,3247,2022-11-25,118.65,Minimum
7685,491,2023-11-29,1816.17,Full
7686,1099,2023-05-21,893.51,Minimum
7687,3688,2023-10-17,911.26,Partial
7688,268,2022-04-16,1774.43,Full
7689,1723,2024-06-30,1646.87,Minimum
7690,1278,2024-10-11,1690.39,Partial
7691,2058,2023-02-04,116.53,Partial
7692,2273,2023-07-19,999.13,Full
7693,2046,2023-01-05,1712.27,Full
7694,141,2022-05-31,1536.39,Full
7695,153,2024-07-25,1972.98,Minimum
7696,1831,2024-04-18,901.24,Partial
7697,1629,2023-05-19,1646.61,Full
7698,748,2024-04-16,1839.87,Partial
7699,366,2022-01-21,720.14,Full
7700,522,2022-05-18,102.82,Full
7701,4543,2022-08-25,278.96,Full
7702,3443,2023-07-12,995.14,Partial
7703,3535,2023-07-31,1458.7,Minimum
7704,1078,2022-05-29,860.35,Minimum
7705,2630,2023-06-17,1052.28,Full
7706,4910,2023-12-11,1771.97,Partial
7707,2583,2023-08-05,497.93,Minimum
7708,3171,2024-03-26,1905.53,Full
7709,3266,2022-09-04,246.74,Full
7710,1745,2022-08-01,1003.62,Full
7711,4131,2024-08-03,939.55,Full
7712,214,2022-11-16,986.02,Minimum
7713,4467,2022-12-18,1355.54,Minimum
7714,4230,2024-08-25,608.82,Partial
7715,2218,2022-06-19,915.49,Minimum
7716,2123,2023-07-27,677.36,Minimum
7717,2364,2022-12-13,1892.78,Full
7718,3366,2023-02-16,618.68,Minimum
7719,4448,2022-01-01,521.94,Partial
7720,4463,2023-04-06,381.33,Minimum
7721,4704,2024-06-28,828.34,Minimum
7722,1865,2024-03-23,554.47,Full
7723,1584,2022-06-18,924.17,Full
7724,1463,2024-06-08,379.28,Partial
7725,4201,2023-02-26,1952.54,Minimum
7726,145,2024-05-14,1261.96,Minimum
7727,1494,2022-10-08,1315.57,Minimum
7728,586,2022-12-23,1331.18,Full
7729,265,2022-09-27,563.41,Full
7730,3946,2024-04-12,1586.86,Minimum
7731,2750,2022-06-19,536.81,Minimum
7732,2987,2023-04-27,458.77,Full
7733,1860,2023-01-12,88.95,Partial
7734,2811,2022-04-12,285.82,Full
7735,3425,2024-04-13,1020.82,Partial
7736,3143,2024-08-03,1183.67,Full
7737,149,2022-09-23,1357.1,Minimum
7738,1342,2023-03-07,1682.48,Minimum
7739,890,2022-11-26,1696.26,Partial
7740,1020,2024-06-07,794.45,Full
7741,1921,2024-09-30,615.47,Full
7742,3131,2023-01-29,506.11,Minimum
7743,2757,2023-11-23,255.23,Minimum
7744,2737,2023-09-01,345.95,Full
7745,1945,2023-05-18,1502.05,Partial
7746,2761,2023-12-13,580.58,Minimum
7747,3552,2022-12-15,900.64,Minimum
7748,35,2024-09-05,1687.97,Full
7749,4017,2024-06-06,735.19,Full
7750,1475,2023-10-08,853.15,Full
7751,783,2022-11-17,560.86,Full
7752,2752,2024-04-08,572.94,Full
7753,80,2023-12-31,1778.93,Full
7754,4928,2022-02-17,843.6,Full
7755,3396,2024-10-01,360.42,Minimum
7756,4505,2022-10-17,905.84,Partial
7757,2511,2024-02-21,1810.08,Full
7758,4011,2022-12-09,198.96,Full
7759,2211,2022-07-27,230.16,Partial
7760,3482,2023-06-08,157.24,Full
7761,4372,2022-03-23,1193.14,Full
7762,597,2024-02-12,393.1,Partial
7763,2126,2023-04-06,1812.02,Partial
7764,4354,2023-05-30,1954.3,Full
7765,502,2022-12-25,1760.62,Partial
7766,2653,2022-10-27,1288.14,Minimum
7767,3273,2023-12-19,344.92,Minimum
7768,2409,2022-02-22,369.78,Partial
7769,240,2023-12-14,1282.14,Minimum
7770,4840,2022-02-17,1155.72,Minimum
7771,2294,2024-07-27,1067.25,Full
7772,4199,2023-01-06,1786.02,Partial
7773,980,2022-02-23,1137.29,Minimum
7774,3807,2024-02-01,522.82,Partial
7775,1948,2023-03-19,303.23,Minimum
7776,2003,2024-12-02,1145.3,Partial
7777,4897,2023-04-26,50.91,Minimum
7778,4579,2022-04-13,1775.6,Minimum
7779,897,2023-01-19,36.97,Full
7780,2250,2023-12-08,601.81,Minimum
7781,1724,2022-03-06,1702.56,Minimum
7782,909,2023-10-22,693.85,Full
7783,1027,2023-04-22,371.19,Full
7784,1311,2024-10-04,243.37,Minimum
7785,3846,2023-10-22,1200.52,Partial
7786,1758,2022-05-24,288.4,Partial
7787,4763,2024-06-20,861.76,Partial
7788,2193,2022-06-29,537.07,Partial
7789,1743,2022-02-17,1633.06,Full
7790,3684,2022-03-03,1190.02,Minimum
7791,2155,2023-11-21,560.21,Minimum
7792,4119,2023-04-03,103.58,Partial
7793,119,2023-12-20,857.3,Minimum
7794,3140,2024-05-16,740.36,Full
7795,2709,2022-01-12,646.14,Partial
7796,3595,2022-09-13,575.61,Full
7797,3226,2022-02-14,863.59,Full
7798,2047,2023-02-04,227.61,Partial
7799,2363,2023-10-17,834.33,Full
7800,1830,2022-06-06,115.15,Full
7801,247,2023-10-13,1365.22,Minimum
7802,4767,2023-09-25,858.69,Minimum
7803,3010,2022-01-03,1009.05,Partial
7804,1432,2022-04-01,1737.61,Full
7805,4385,2023-11-29,526.31,Partial
7806,2272,2022-09-14,401.05,Partial
7807,4902,2023-10-07,47.25,Full
7808,519,2023-11-10,1284.76,Partial
7809,3685,2024-08-16,1959.73,Partial
7810,2466,2022-01-18,1312.95,Minimum
7811,3586,2023-01-15,1803.83,Full
7812,134,2022-09-29,527.9,Minimum
7813,773,2024-09-13,1014.78,Minimum
7814,4668,2023-02-04,110.55,Minimum
7815,3213,2022-04-18,1588.49,Minimum
7816,2731,2024-01-04,1264.28,Partial
7817,67,2023-03-18,1723.27,Minimum
7818,3193,2022-12-03,1041.56,Full
7819,1596,2024-10-02,452.21,Minimum
7820,549,2024-01-13,912.45,Minimum
7821,2958,2022-03-09,1721.92,Partial
7822,2688,2023-09-11,1863.58,Full
7823,1215,2022-08-08,570.81,Full
7824,3342,2024-01-11,226.09,Minimum
7825,2374,2022-08-29,692.28,Partial
7826,3521,2022-09-16,1719.07,Partial
7827,885,2023-01-12,1698.98,Partial
7828,457,2022-06-28,1941.42,Partial
7829,3352,2024-11-28,391.48,Minimum
7830,2479,2024-11-01,363.58,Full
7831,2252,2024-07-29,1131.86,Minimum
7832,4656,2024-02-21,1501.04,Full
7833,4534,2024-10-23,186.87,Partial
7834,4461,2023-09-11,1147.18,Partial
7835,715,2024-07-04,1966.16,Full
7836,3959,2024-07-30,1751.15,Full
7837,2410,2022-11-18,693.36,Partial
7838,292,2024-03-19,984.27,Partial
7839,343,2024-08-30,459.29,Partial
7840,1639,2023-08-31,1478.34,Partial
7841,353,2024-03-18,935.33,Partial
7842,3940,2024-02-23,703.92,Full
7843,2362,2022-06-08,1137.31,Full
7844,3680,2023-11-24,1411.36,Full
7845,410,2023-08-21,272.25,Partial
7846,2414,2022-10-08,1637.83,Partial
7847,4972,2024-11-25,224.36,Full
7848,317,2023-09-19,1707.72,Minimum
7849,2968,2023-02-16,301.79,Minimum
7850,1822,2024-12-15,36.34,Full
7851,2616,2022-02-11,1091.14,Minimum
7852,1661,2023-06-29,518.96,Full
7853,1622,2024-03-03,1225.21,Full
7854,4290,2023-05-13,167.06,Full
7855,4119,2022-10-25,954.27,Full
7856,1865,2024-02-18,1295.95,Minimum
7857,1017,2022-12-06,972.96,Full
7858,768,2023-07-08,643.29,Minimum
7859,1889,2024-09-20,1176.84,Partial
7860,4053,2024-04-22,1991.75,Minimum
7861,3890,2024-07-27,475.33,Partial
7862,219,2023-02-06,553.52,Full
7863,847,2024-06-26,1301.43,Partial
7864,1234,2022-04-24,1768.58,Full
7865,4345,2022-09-26,658.78,Partial
7866,2912,2023-01-08,1160.27,Partial
7867,3549,2023-01-22,1708.1,Full
7868,88,2023-02-02,1807.89,Full
7869,4498,2023-07-05,1750.98,Full
7870,626,2023-03-11,988.35,Minimum
7871,2712,2024-01-04,569.32,Minimum
7872,512,2022-08-01,785.33,Partial
7873,2129,2023-07-26,902.86,Minimum
7874,3844,2023-11-11,882.38,Full
7875,37,2023-02-14,240.5,Full
7876,4922,2023-05-26,1211.67,Full
7877,3474,2024-07-07,1109.89,Full
7878,2473,2023-01-30,1956.69,Full
7879,1448,2023-06-07,1707.61,Full
7880,1954,2023-11-03,344.46,Full
7881,3691,2022-09-27,1468.25,Partial
7882,2175,2022-02-27,1010.45,Minimum
7883,913,2022-03-14,389.97,Minimum
7884,3204,2022-07-10,224.38,Full
7885,3373,2022-05-22,702.03,Full
7886,4082,2023-01-18,1397.67,Partial
7887,4434,2024-04-27,839.14,Full
7888,2670,2023-03-01,1843.65,Full
7889,2848,2023-03-19,807.6,Partial
7890,2897,2023-02-10,1743.02,Full
7891,2085,2022-02-27,280.86,Full
7892,2034,2022-04-12,869.97,Partial
7893,1917,2023-12-16,1964.48,Full
7894,610,2022-05-07,1162.73,Minimum
7895,1592,2023-01-27,1876.4,Minimum
7896,3366,2023-03-07,89.03,Minimum
7897,2419,2022-04-21,503.37,Full
7898,2135,2022-04-16,677.41,Partial
7899,2226,2023-11-10,1932.77,Partial
7900,4805,2023-07-21,1163.47,Minimum
7901,2428,2022-12-14,304.28,Partial
7902,2967,2023-04-08,71.51,Partial
7903,4957,2023-06-25,663.33,Full
7904,3572,2024-09-04,1547.84,Partial
7905,946,2024-08-16,1567.02,Full
7906,3686,2024-07-22,1118.73,Minimum
7907,1746,2023-08-25,1824.72,Full
7908,3633,2024-07-16,261.98,Minimum
7909,2165,2023-08-24,1519.82,Partial
7910,4412,2024-11-30,1590.53,Minimum
7911,3112,2023-04-10,913.4,Full
7912,1315,2022-02-25,1497.05,Minimum
7913,3386,2022-06-10,492.02,Partial
7914,483,2023-07-15,996.11,Partial
7915,2181,2023-10-30,432.58,Partial
7916,3864,2023-07-04,1019.06,Full
7917,3283,2024-10-15,1370.4,Full
7918,353,2024-02-25,25.14,Minimum
7919,4032,2024-11-08,201.5,Minimum
7920,4422,2024-05-06,977.52,Full
7921,729,2022-10-29,214.65,Partial
7922,4860,2024-04-04,713.88,Partial
7923,3375,2023-04-26,1754.14,Full
7924,3858,2024-02-13,1286.25,Partial
7925,2346,2024-04-21,525.3,Minimum
7926,777,2023-04-07,82.63,Minimum
7927,4383,2023-11-25,631.32,Minimum
7928,3372,2022-10-19,1932.59,Full
7929,3378,2022-03-02,709.87,Partial
7930,4698,2023-10-31,401.8,Partial
7931,3508,2023-03-22,887.73,Minimum
7932,1946,2022-02-12,1484.21,Minimum
7933,4329,2023-03-25,1718.88,Minimum
7934,305,2023-07-27,177.12,Full
7935,600,2022-08-28,679.45,Minimum
7936,1131,2022-08-16,1722.94,Minimum
7937,2482,2022-09-23,739.97,Full
7938,3408,2023-04-12,784.37,Minimum
7939,4002,2023-10-31,1710.7,Full
7940,1207,2022-01-07,930.28,Minimum
7941,2254,2024-09-27,292.97,Minimum
7942,2051,2024-03-11,603.12,Minimum
7943,1390,2023-09-22,1325.72,Full
7944,3971,2024-06-14,690.59,Full
7945,1734,2023-05-10,1126.02,Full
7946,799,2022-12-19,632.0,Full
7947,4179,2023-01-01,1773.52,Full
7948,3044,2022-11-18,1572.85,Partial
7949,3182,2023-01-13,416.67,Partial
7950,934,2022-02-06,1298.98,Full
7951,237,2024-01-13,193.86,Partial
7952,1568,2022-05-22,739.35,Partial
7953,1930,2024-07-03,1133.71,Partial
7954,1890,2023-12-20,1908.3,Partial
7955,106,2022-01-31,1530.8,Full
7956,1781,2022-12-14,727.58,Full
7957,2303,2022-01-30,1866.08,Minimum
7958,916,2023-04-28,436.69,Minimum
7959,1361,2024-06-25,1669.09,Partial
7960,4294,2024-12-21,1032.66,Minimum
7961,208,2022-12-25,1886.43,Full
7962,1050,2024-06-12,933.46,Minimum
7963,38,2023-05-09,47.28,Minimum
7964,3583,2022-06-25,675.96,Partial
7965,3102,2024-05-05,553.0,Partial
7966,2990,2024-08-28,1964.61,Partial
7967,1013,2022-02-22,690.87,Full
7968,1467,2024-10-27,883.52,Minimum
7969,3693,2023-08-11,1903.83,Full
7970,4014,2023-12-19,1749.23,Minimum
7971,1237,2024-01-06,318.85,Minimum
7972,3284,2022-09-07,1680.31,Full
7973,3022,2024-12-06,1312.0,Partial
7974,2561,2023-02-17,187.32,Full
7975,100,2022-02-19,53.4,Partial
7976,1496,2023-04-03,1848.69,Partial
7977,3450,2023-12-23,863.21,Partial
7978,2770,2023-11-28,1589.94,Minimum
7979,3047,2023-08-23,148.91,Partial
7980,295,2024-05-04,1688.58,Minimum
7981,3514,2022-08-28,1143.99,Minimum
7982,1128,2022-11-07,415.69,Minimum
7983,3651,2023-04-09,525.29,Partial
7984,1909,2023-02-07,1965.71,Partial
7985,1083,2023-08-04,1009.98,Minimum
7986,4,2024-05-29,364.11,Partial
7987,1707,2024-11-10,1335.86,Partial
7988,2040,2022-08-05,175.92,Minimum
7989,4624,2023-02-25,1516.18,Minimum
7990,117,2023-02-25,1756.91,Minimum
7991,4653,2024-04-30,394.27,Minimum
7992,979,2022-12-20,939.9,Partial
7993,2268,2022-06-10,1787.02,Full
7994,3347,2024-02-12,1613.11,Partial
7995,3449,2023-05-09,86.19,Minimum
7996,619,2022-06-21,299.67,Partial
7997,294,2022-10-24,1968.03,Partial
7998,4247,2024-10-07,530.63,Full
7999,353,2023-08-03,1062.57,Full
8000,1997,2022-08-15,92.79,Full
8001,2099,2024-09-12,311.06,Minimum
8002,520,2022-05-07,863.18,Full
8003,4014,2024-12-05,450.6,Partial
8004,2970,2023-02-17,1201.83,Minimum
8005,1257,2022-12-08,1893.94,Minimum
8006,1443,2024-12-19,1438.95,Minimum
8007,4339,2022-12-04,1203.61,Full
8008,4573,2022-08-17,78.27,Minimum
8009,271,2024-12-10,1677.21,Minimum
8010,4916,2024-06-22,1190.75,Partial
8011,506,2024-05-21,467.36,Full
8012,2913,2024-02-26,1435.89,Full
8013,1928,2022-03-04,1443.19,Minimum
8014,155,2022-01-16,1282.59,Partial
8015,3691,2024-06-27,1278.95,Partial
8016,2684,2023-06-22,998.42,Minimum
8017,1262,2024-04-20,937.96,Full
8018,4638,2022-06-04,75.38,Minimum
8019,920,2024-07-03,1649.49,Minimum
8020,224,2024-02-19,1878.54,Full
8021,3313,2022-10-30,1885.81,Minimum
8022,2468,2023-04-23,1226.22,Full
8023,4197,2023-06-04,1290.17,Minimum
8024,933,2023-01-31,1145.02,Partial
8025,558,2024-08-20,782.07,Minimum
8026,3368,2024-02-18,1702.22,Partial
8027,4033,2024-08-04,20.46,Full
8028,4035,2024-12-30,560.35,Minimum
8029,2139,2024-03-19,1851.85,Full
8030,3424,2024-01-25,344.54,Full
8031,3636,2022-11-08,1766.69,Minimum
8032,3959,2023-02-02,1570.44,Full
8033,248,2024-01-07,1297.1,Full
8034,4576,2024-07-09,1269.69,Partial
8035,4049,2024-01-08,862.2,Partial
8036,2272,2023-09-06,74.49,Minimum
8037,2176,2024-08-09,1262.39,Full
8038,2962,2024-06-07,489.91,Minimum
8039,1572,2022-01-17,431.0,Partial
8040,220,2023-03-31,579.61,Partial
8041,3825,2024-04-27,701.1,Minimum
8042,3943,2024-04-07,392.21,Minimum
8043,2088,2022-03-13,1961.0,Full
8044,1276,2023-02-21,1279.84,Partial
8045,316,2024-01-29,814.1,Full
8046,61,2022-09-17,113.2,Partial
8047,3044,2022-10-23,1689.3,Partial
8048,3847,2022-05-16,739.25,Minimum
8049,1692,2024-11-01,1264.07,Full
8050,2167,2023-10-06,1538.96,Minimum
8051,1946,2022-02-08,1271.87,Partial
8052,2988,2024-11-21,1424.53,Minimum
8053,1358,2024-05-15,920.94,Minimum
8054,1049,2022-11-27,122.62,Full
8055,382,2023-06-15,1749.83,Minimum
8056,1239,2022-09-15,276.01,Full
8057,4958,2023-06-24,1892.84,Minimum
8058,3421,2024-05-27,1493.67,Minimum
8059,4780,2022-07-20,1337.23,Minimum
8060,3701,2022-08-24,1084.86,Full
8061,2164,2022-05-09,1739.76,Partial
8062,3731,2023-06-18,1628.83,Partial
8063,3981,2022-01-15,637.47,Full
8064,3673,2024-05-01,835.41,Partial
8065,551,2022-04-13,542.81,Full
8066,458,2023-01-17,504.95,Partial
8067,1095,2022-09-05,1349.43,Partial
8068,1277,2023-05-26,1845.74,Minimum
8069,4645,2022-03-08,1714.76,Full
8070,4626,2024-07-28,467.46,Partial
8071,586,2022-04-11,1871.35,Minimum
8072,4900,2022-05-24,907.92,Full
8073,2169,2024-04-25,673.56,Partial
8074,989,2024-05-24,424.51,Minimum
8075,265,2022-07-06,1333.94,Minimum
8076,228,2022-05-15,904.29,Minimum
8077,1697,2024-03-27,1026.91,Minimum
8078,800,2024-10-10,521.1,Partial
8079,1617,2022-11-14,1349.47,Partial
8080,693,2024-07-20,252.22,Minimum
8081,2434,2024-03-20,1788.59,Full
8082,2870,2023-05-24,1212.11,Partial
8083,1761,2024-02-21,924.57,Partial
8084,1093,2024-02-11,355.07,Partial
8085,1591,2023-08-07,1123.85,Partial
8086,2229,2024-08-23,584.36,Minimum
8087,1931,2023-12-21,1674.41,Partial
8088,2363,2023-11-03,1040.42,Full
8089,2159,2024-06-06,24.99,Partial
8090,4276,2022-07-11,839.44,Minimum
8091,3553,2023-11-17,1772.18,Minimum
8092,1966,2024-07-10,659.19,Partial
8093,2289,2024-12-14,428.51,Minimum
8094,2400,2022-05-29,148.7,Minimum
8095,1030,2023-09-14,701.74,Full
8096,4329,2022-03-27,1833.36,Full
8097,2979,2024-11-06,611.36,Partial
8098,4256,2024-08-31,416.61,Minimum
8099,125,2024-06-25,841.0,Full
8100,500,2024-02-26,972.92,Minimum
8101,4088,2022-03-07,1866.33,Full
8102,2223,2023-12-22,865.83,Full
8103,2692,2024-03-09,1863.36,Partial
8104,3048,2023-04-04,68.66,Full
8105,1314,2023-06-10,238.26,Full
8106,2010,2023-05-06,419.72,Minimum
8107,2542,2023-12-16,832.76,Full
8108,3181,2023-05-22,483.25,Full
8109,3235,2023-03-28,1756.59,Minimum
8110,3633,2023-12-21,28.46,Partial
8111,1520,2022-05-30,1987.68,Minimum
8112,1231,2022-03-10,787.57,Partial
8113,1900,2023-01-12,679.73,Full
8114,915,2022-06-14,1419.1,Partial
8115,395,2024-03-20,1234.42,Partial
8116,1267,2022-01-09,705.88,Minimum
8117,3330,2022-11-17,152.07,Minimum
8118,3353,2022-09-03,1611.8,Partial
8119,4767,2023-11-22,1296.04,Partial
8120,2288,2024-05-29,1997.14,Partial
8121,3749,2024-01-07,1067.4,Partial
8122,4745,2023-06-05,42.96,Full
8123,700,2023-07-24,1080.08,Partial
8124,2433,2023-01-24,1347.4,Partial
8125,252,2024-05-12,480.59,Partial
8126,3261,2024-10-17,1258.01,Full
8127,2069,2023-08-03,684.68,Minimum
8128,1078,2022-02-13,1353.44,Minimum
8129,1119,2024-03-16,1953.32,Full
8130,2454,2023-04-07,1617.38,Partial
8131,3129,2024-07-18,1760.45,Partial
8132,232,2022-07-20,1856.35,Full
8133,3036,2024-04-22,1064.33,Minimum
8134,2307,2023-05-29,748.4,Partial
8135,1936,2023-04-10,1901.96,Full
8136,4888,2023-08-04,1247.08,Full
8137,3125,2023-11-06,550.53,Full
8138,3508,2022-12-01,445.85,Partial
8139,4221,2023-07-12,1390.12,Full
8140,2172,2023-07-16,804.71,Minimum
8141,2558,2023-02-06,594.0,Partial
8142,316,2024-07-29,475.62,Full
8143,2790,2024-07-09,311.73,Partial
8144,1671,2022-02-01,965.21,Partial
8145,3951,2023-11-30,700.38,Full
8146,4079,2024-06-02,946.44,Minimum
8147,3788,2024-08-05,514.43,Minimum
8148,33,2023-12-16,1912.28,Minimum
8149,1241,2023-10-05,303.53,Full
8150,3256,2024-08-12,1892.4,Full
8151,1753,2023-02-16,877.55,Partial
8152,4466,2024-12-15,987.06,Minimum
8153,1946,2023-07-19,371.26,Partial
8154,3093,2023-10-28,896.35,Partial
8155,2240,2022-06-29,237.05,Minimum
8156,670,2022-12-15,1931.87,Partial
8157,4707,2024-06-16,754.86,Minimum
8158,2348,2024-12-28,444.26,Partial
8159,3026,2022-07-23,1498.2,Full
8160,4600,2024-11-13,673.56,Full
8161,4243,2023-10-08,1221.24,Minimum
8162,3640,2023-04-15,279.17,Full
8163,1913,2024-07-31,916.78,Partial
8164,4029,2023-10-03,574.47,Partial
8165,1033,2024-12-28,1571.45,Full
8166,1155,2022-10-12,289.54,Full
8167,3059,2024-06-16,1277.21,Partial
8168,179,2022-06-11,34.37,Partial
8169,1106,2022-12-15,79.16,Partial
8170,1595,2024-07-03,1183.63,Partial
8171,2943,2024-02-12,1734.93,Minimum
8172,1969,2024-07-06,934.05,Minimum
8173,4632,2023-11-11,851.6,Minimum
8174,840,2022-01-12,198.03,Minimum
8175,4694,2024-10-21,1619.82,Minimum
8176,840,2024-12-19,972.87,Partial
8177,4197,2024-07-26,492.8,Minimum
8178,723,2024-08-13,1596.94,Partial
8179,506,2024-01-15,906.86,Partial
8180,814,2024-05-19,304.89,Minimum
8181,2669,2023-12-16,203.0,Minimum
8182,3949,2023-02-04,1932.11,Full
8183,2751,2022-04-01,1291.11,Full
8184,1098,2022-05-08,502.82,Partial
8185,1207,2024-11-28,1021.37,Partial
8186,2452,2023-11-25,1554.67,Minimum
8187,1669,2022-06-22,1785.81,Full
8188,3024,2023-09-20,1193.83,Partial
8189,1785,2022-10-29,1818.71,Partial
8190,1463,2023-06-26,894.24,Full
8191,4155,2024-03-16,1719.63,Partial
8192,3231,2022-06-05,84.92,Full
8193,3793,2022-01-29,1359.32,Full
8194,2941,2024-12-13,799.58,Minimum
8195,784,2023-09-22,1467.63,Partial
8196,4235,2022-10-25,1422.34,Minimum
8197,1035,2022-12-19,1113.85,Minimum
8198,1718,2023-09-22,1716.07,Minimum
8199,1537,2024-08-15,1649.94,Full
8200,2396,2023-09-01,1955.71,Partial
8201,4654,2023-03-04,537.29,Full
8202,91,2023-07-01,1076.67,Partial
8203,212,2022-12-26,1422.32,Full
8204,237,2024-01-14,1862.99,Minimum
8205,3149,2023-06-21,1737.5,Partial
8206,2453,2024-08-17,1001.98,Full
8207,2559,2024-12-18,1027.24,Minimum
8208,3120,2023-11-28,355.87,Minimum
8209,4137,2023-02-13,1738.62,Partial
8210,4940,2023-11-12,599.38,Minimum
8211,4720,2023-05-27,1425.67,Minimum
8212,2354,2023-08-17,1251.55,Partial
8213,36,2023-04-28,583.96,Minimum
8214,1652,2024-01-27,1843.9,Full
8215,1638,2023-04-05,979.94,Full
8216,1255,2024-04-29,1793.58,Minimum
8217,4312,2023-06-21,505.05,Full
8218,2474,2024-07-25,378.33,Full
8219,200,2024-07-26,1200.24,Partial
8220,4722,2022-12-01,976.49,Minimum
8221,1996,2023-06-13,798.95,Minimum
8222,1504,2023-02-28,1358.77,Partial
8223,4481,2022-06-16,1951.67,Minimum
8224,1251,2023-08-29,664.3,Minimum
8225,1698,2022-04-19,1257.47,Partial
8226,1416,2022-04-14,1582.4,Partial
8227,2223,2024-11-15,595.1,Partial
8228,2050,2024-02-26,612.89,Partial
8229,2969,2023-12-08,1848.96,Partial
8230,2495,2023-05-09,267.96,Full
8231,4866,2023-03-08,650.56,Partial
8232,1883,2023-06-13,1104.88,Full
8233,1736,2022-04-04,1013.83,Full
8234,3829,2023-02-22,1325.14,Partial
8235,4719,2023-05-27,230.51,Full
8236,1544,2023-06-04,1887.79,Partial
8237,3900,2023-11-18,810.25,Minimum
8238,1505,2022-02-03,1297.2,Partial
8239,2524,2022-06-14,1474.68,Partial
8240,3017,2023-08-30,1366.91,Minimum
8241,593,2024-02-06,1459.8,Partial
8242,3174,2023-06-10,1105.3,Minimum
8243,486,2023-09-11,1893.86,Full
8244,4857,2024-08-19,931.26,Full
8245,1539,2022-12-17,1702.54,Minimum
8246,4719,2022-08-23,488.79,Partial
8247,503,2024-08-09,1600.9,Partial
8248,110,2023-08-28,1267.13,Partial
8249,2406,2024-11-16,1778.67,Minimum
8250,2669,2022-12-24,1269.58,Minimum
8251,275,2023-02-24,508.38,Minimum
8252,3179,2022-06-20,136.89,Minimum
8253,1736,2022-06-10,1395.18,Minimum
8254,1717,2024-11-06,509.71,Full
8255,850,2022-09-21,1828.62,Minimum
8256,3690,2023-03-11,1936.78,Full
8257,4999,2023-11-27,1921.02,Full
8258,3317,2024-11-05,431.44,Full
8259,2101,2022-05-02,1097.31,Full
8260,916,2022-09-26,1910.54,Minimum
8261,905,2023-06-28,24.48,Full
8262,3008,2024-05-09,296.61,Full
8263,125,2024-04-21,1103.59,Full
8264,4838,2024-11-07,866.79,Minimum
8265,707,2023-02-06,373.6,Partial
8266,3511,2024-07-26,853.1,Partial
8267,3896,2022-09-01,251.24,Full
8268,2177,2022-10-22,617.76,Partial
8269,3648,2022-07-11,174.32,Full
8270,1927,2024-06-27,861.94,Full
8271,812,2024-12-06,1929.46,Minimum
8272,1197,2024-04-22,1400.46,Partial
8273,1638,2022-04-28,686.27,Partial
8274,1327,2022-10-08,1730.69,Full
8275,1521,2023-02-17,124.0,Partial
8276,1799,2022-09-26,348.18,Minimum
8277,865,2024-04-28,323.02,Minimum
8278,804,2022-08-26,1124.32,Partial
8279,4005,2023-06-11,247.06,Minimum
8280,3956,2022-04-26,149.01,Partial
8281,2154,2022-05-29,1905.26,Full
8282,2380,2023-03-07,1918.48,Partial
8283,3415,2023-12-10,629.67,Minimum
8284,1890,2022-03-09,1926.05,Partial
8285,3922,2024-04-15,972.43,Minimum
8286,3681,2023-10-09,1257.96,Full
8287,805,2022-06-22,144.86,Partial
8288,553,2023-05-23,1259.99,Full
8289,1240,2024-01-08,1465.69,Full
8290,2936,2023-04-25,1273.1,Partial
8291,2310,2023-07-24,1506.84,Partial
8292,2177,2022-10-02,1253.97,Partial
8293,3051,2024-01-16,1644.35,Full
8294,1301,2022-05-09,1489.73,Minimum
8295,3917,2023-09-23,1756.17,Partial
8296,2295,2024-12-26,1589.94,Full
8297,3746,2022-06-15,1435.42,Partial
8298,1935,2024-10-22,1461.85,Full
8299,2054,2023-03-20,1376.38,Minimum
8300,3063,2022-06-15,645.61,Full
8301,86,2022-12-04,511.78,Partial
8302,439,2022-08-08,1600.9,Minimum
8303,4291,2024-04-02,1852.73,Partial
8304,954,2023-09-25,1762.74,Partial
8305,4898,2023-03-03,1595.8,Minimum
8306,3187,2024-07-25,818.73,Partial
8307,3110,2022-08-05,835.16,Minimum
8308,2094,2022-12-10,1578.52,Minimum
8309,316,2023-04-09,1011.96,Full
8310,2327,2023-03-07,1758.76,Minimum
8311,4022,2022-05-19,114.07,Partial
8312,1283,2022-12-26,1889.03,Full
8313,3887,2024-09-16,1583.22,Full
8314,774,2023-05-09,1344.1,Partial
8315,220,2023-11-07,544.6,Minimum
8316,4230,2024-05-14,1963.95,Full
8317,2649,2024-10-07,1593.77,Minimum
8318,841,2022-08-01,1216.32,Partial
8319,3471,2022-06-02,1246.08,Partial
8320,2657,2024-07-09,1543.62,Minimum
8321,1302,2024-08-28,1505.93,Minimum
8322,3601,2024-07-29,898.79,Full
8323,2001,2023-11-01,302.49,Minimum
8324,3206,2022-09-09,228.94,Full
8325,2693,2022-05-19,962.82,Partial
8326,1595,2023-06-13,603.47,Minimum
8327,1433,2024-05-08,201.3,Minimum
8328,1256,2022-02-23,1061.47,Partial
8329,4685,2023-10-22,1828.31,Minimum
8330,264,2022-10-01,1331.37,Full
8331,53,2022-07-25,307.78,Full
8332,2379,2024-07-31,1567.69,Minimum
8333,4633,2024-07-25,425.75,Partial
8334,4497,2022-01-10,1039.59,Partial
8335,674,2022-03-17,1895.09,Partial
8336,3252,2024-12-05,1507.81,Minimum
8337,847,2023-01-14,1644.81,Partial
8338,4928,2023-11-16,1005.83,Full
8339,2390,2022-02-18,1999.08,Minimum
8340,1400,2023-12-02,475.41,Minimum
8341,4013,2024-09-28,1399.66,Partial
8342,3153,2022-11-25,1786.28,Full
8343,4973,2023-04-09,1223.27,Full
8344,2800,2023-03-20,1881.2,Minimum
8345,2827,2024-07-30,1895.32,Partial
8346,4159,2022-01-11,1752.18,Partial
8347,891,2022-11-28,1402.94,Minimum
8348,2076,2023-01-09,1789.83,Minimum
8349,847,2023-07-22,444.71,Full
8350,1398,2022-12-20,1293.28,Partial
8351,1790,2024-06-14,555.41,Partial
8352,2043,2022-09-21,223.24,Partial
8353,1100,2023-05-31,1468.43,Minimum
8354,898,2023-09-08,506.57,Minimum
8355,4621,2024-03-24,288.07,Full
8356,2086,2022-08-01,1120.06,Minimum
8357,565,2022-06-02,252.52,Partial
8358,444,2023-08-28,1127.66,Full
8359,4281,2022-05-03,1432.19,Minimum
8360,3842,2024-07-20,158.97,Partial
8361,1964,2023-04-23,1360.18,Partial
8362,3339,2024-08-01,1262.0,Full
8363,3076,2022-10-23,374.58,Full
8364,4610,2023-12-22,1401.44,Minimum
8365,2650,2024-03-08,1394.5,Full
8366,218,2022-04-14,917.61,Minimum
8367,2325,2023-05-15,883.92,Full
8368,1182,2023-12-26,853.61,Partial
8369,2973,2023-05-20,320.24,Minimum
8370,2952,2024-06-15,1962.81,Minimum
8371,3091,2022-05-21,659.2,Partial
8372,3492,2024-07-18,1711.25,Partial
8373,810,2024-09-30,701.0,Partial
8374,2759,2023-10-25,1478.32,Minimum
8375,448,2023-10-26,1839.31,Partial
8376,3115,2023-08-27,882.73,Partial
8377,2664,2022-04-01,410.7,Full
8378,1068,2023-05-03,633.88,Partial
8379,1786,2022-12-23,813.9,Minimum
8380,2652,2022-04-11,576.11,Minimum
8381,65,2024-10-08,1168.87,Minimum
8382,2807,2022-12-05,1710.74,Minimum
8383,3427,2022-06-06,1191.7,Full
8384,474,2023-05-27,1601.99,Partial
8385,4327,2022-12-04,277.33,Minimum
8386,3739,2023-06-14,1223.84,Full
8387,4707,2023-01-12,263.81,Minimum
8388,2990,2023-09-30,1848.84,Full
8389,121,2023-03-07,1923.52,Partial
8390,560,2022-09-15,466.35,Full
8391,4232,2023-06-28,1316.8,Partial
8392,2763,2022-10-26,405.47,Full
8393,295,2024-02-28,1299.89,Full
8394,1980,2022-06-16,613.42,Full
8395,3150,2024-08-27,1692.13,Partial
8396,2845,2022-03-15,1165.97,Full
8397,1224,2023-01-17,282.69,Partial
8398,468,2024-12-06,820.04,Minimum
8399,4607,2022-08-17,1033.55,Full
8400,1548,2024-02-03,1742.3,Partial
8401,4731,2022-07-05,1570.15,Full
8402,1997,2024-02-04,960.69,Partial
8403,1375,2023-01-19,110.87,Minimum
8404,1310,2022-05-05,253.48,Minimum
8405,3436,2022-07-17,995.83,Partial
8406,489,2023-09-18,1032.89,Partial
8407,1228,2024-12-16,401.5,Partial
8408,3888,2024-09-28,340.97,Full
8409,4068,2023-10-29,381.19,Minimum
8410,187,2022-05-21,54.21,Partial
8411,2226,2022-12-08,1221.89,Minimum
8412,4121,2023-11-24,455.49,Minimum
8413,2517,2024-03-06,631.85,Full
8414,1193,2022-04-20,289.09,Full
8415,4086,2024-07-11,742.11,Partial
8416,294,2024-01-16,234.37,Minimum
8417,3125,2023-09-10,884.14,Partial
8418,4100,2023-05-12,861.84,Minimum
8419,4337,2023-12-26,1953.01,Minimum
8420,3891,2023-05-21,660.37,Minimum
8421,185,2022-07-21,1026.59,Partial
8422,2203,2024-11-22,710.1,Full
8423,3514,2024-03-16,1179.15,Full
8424,1060,2023-05-13,1484.23,Minimum
8425,267,2023-09-18,481.11,Partial
8426,560,2023-01-13,1807.65,Partial
8427,331,2023-07-03,1725.55,Full
8428,3210,2024-10-01,1642.5,Minimum
8429,3208,2022-04-08,425.96,Minimum
8430,4569,2023-02-23,782.28,Partial
8431,1080,2023-08-20,1903.57,Full
8432,4313,2024-05-23,29.96,Partial
8433,1527,2024-06-16,522.7,Minimum
8434,3090,2023-03-08,71.42,Minimum
8435,857,2023-05-02,759.08,Full
8436,804,2022-10-15,1269.43,Minimum
8437,4185,2024-09-29,302.98,Minimum
8438,4294,2022-02-06,1744.13,Minimum
8439,4275,2023-04-18,1016.41,Partial
8440,535,2024-10-16,337.2,Partial
8441,1155,2023-06-16,1589.07,Full
8442,947,2024-03-07,1690.61,Minimum
8443,1029,2024-01-27,1131.01,Partial
8444,3144,2024-12-27,1790.37,Full
8445,4316,2024-06-05,624.3,Full
8446,4321,2024-03-01,1397.14,Partial
8447,3510,2022-10-07,786.65,Minimum
8448,882,2023-03-19,1267.99,Minimum
8449,3281,2024-01-30,1796.29,Partial
8450,703,2023-02-03,98.42,Partial
8451,4244,2023-05-07,204.39,Partial
8452,1415,2024-10-17,1862.84,Minimum
8453,126,2022-02-06,274.73,Minimum
8454,517,2024-05-26,291.09,Minimum
8455,1163,2024-03-25,935.95,Full
8456,3588,2022-12-20,378.51,Partial
8457,4758,2024-04-30,1662.64,Partial
8458,2845,2022-06-05,1401.34,Partial
8459,4489,2022-05-24,119.08,Partial
8460,4063,2022-03-13,386.84,Minimum
8461,61,2024-12-08,1740.02,Partial
8462,2222,2024-10-17,77.76,Partial
8463,3961,2024-11-11,1054.81,Minimum
8464,2705,2022-07-19,523.46,Minimum
8465,4907,2022-04-20,501.33,Full
8466,4172,2023-12-14,363.06,Minimum
8467,3674,2022-01-08,1091.9,Partial
8468,72,2024-08-06,1291.74,Full
8469,1231,2022-11-20,1304.01,Full
8470,348,2024-12-09,151.94,Minimum
8471,3220,2024-05-05,879.87,Minimum
8472,3886,2024-07-20,762.56,Partial
8473,204,2024-09-04,291.07,Minimum
8474,2628,2022-02-15,190.86,Minimum
8475,2689,2024-09-25,828.29,Partial
8476,1320,2022-07-29,77.16,Minimum
8477,218,2024-02-14,1905.72,Partial
8478,2999,2022-05-27,730.38,Partial
8479,4855,2022-06-17,1824.14,Minimum
8480,3266,2023-07-11,481.46,Partial
8481,2943,2022-06-11,1697.18,Full
8482,2973,2023-09-17,203.12,Partial
8483,2834,2024-06-10,364.97,Minimum
8484,3473,2023-10-19,330.68,Partial
8485,4638,2022-10-31,343.24,Full
8486,2252,2022-06-04,1564.26,Partial
8487,4768,2024-04-08,1111.7,Full
8488,2094,2022-07-02,1824.41,Full
8489,4890,2024-07-23,1290.73,Partial
8490,1575,2024-05-06,1016.28,Minimum
8491,982,2022-02-09,1350.73,Minimum
8492,3231,2024-04-02,754.58,Full
8493,2501,2024-08-07,772.01,Partial
8494,3724,2024-05-20,67.32,Minimum
8495,1656,2022-09-03,1901.52,Partial
8496,2320,2022-02-06,480.9,Partial
8497,1620,2022-07-14,1114.88,Minimum
8498,2956,2022-05-21,1978.51,Partial
8499,1837,2024-02-11,349.84,Partial
8500,881,2022-01-27,409.7,Full
8501,112,2022-03-19,830.84,Full
8502,3822,2023-03-28,1606.47,Minimum
8503,1260,2022-08-23,281.18,Full
8504,1638,2022-12-30,1926.34,Full
8505,2334,2024-12-08,735.85,Full
8506,2995,2023-03-28,1019.56,Partial
8507,2640,2023-04-17,1678.19,Full
8508,136,2024-10-24,1602.18,Partial
8509,3576,2022-10-15,1314.93,Partial
8510,3919,2024-09-24,814.39,Minimum
8511,4521,2023-12-28,1853.57,Minimum
8512,2215,2024-05-27,1062.32,Full
8513,3512,2022-11-21,1364.58,Partial
8514,4584,2022-10-24,441.45,Full
8515,4544,2024-04-01,478.14,Full
8516,2939,2024-12-28,347.38,Partial
8517,493,2023-10-25,1591.69,Full
8518,3045,2024-08-29,208.41,Partial
8519,1232,2022-06-27,706.6,Partial
8520,4809,2024-12-28,1984.02,Minimum
8521,410,2023-07-07,1349.7,Full
8522,2002,2023-06-21,220.95,Partial
8523,1073,2022-08-24,1410.45,Full
8524,632,2022-09-14,1497.27,Minimum
8525,566,2023-01-15,1778.57,Minimum
8526,466,2023-12-25,143.6,Partial
8527,140,2023-02-15,350.19,Partial
8528,3623,2024-10-16,790.72,Minimum
8529,3046,2023-06-24,1181.69,Full
8530,3796,2024-11-06,324.5,Full
8531,1661,2024-11-27,847.65,Partial
8532,4276,2022-10-23,259.65,Minimum
8533,550,2022-06-21,553.71,Partial
8534,2470,2023-09-04,1446.7,Partial
8535,481,2023-12-08,1609.09,Minimum
8536,3381,2024-03-11,1823.27,Minimum
8537,4425,2023-03-03,1189.71,Minimum
8538,2212,2024-05-27,1444.09,Minimum
8539,4293,2022-08-27,1636.51,Partial
8540,129,2023-07-28,324.36,Full
8541,3437,2023-10-18,1569.48,Minimum
8542,2589,2022-11-18,1378.79,Minimum
8543,2510,2024-09-15,1081.76,Full
8544,1204,2022-08-03,532.53,Partial
8545,3102,2023-05-31,1506.78,Partial
8546,2150,2022-09-18,766.42,Partial
8547,4602,2023-06-20,577.65,Minimum
8548,2572,2024-06-25,66.2,Minimum
8549,141,2024-01-27,1799.59,Minimum
8550,2724,2022-06-17,758.44,Partial
8551,1370,2023-06-18,645.74,Full
8552,2908,2024-02-08,33.28,Full
8553,2828,2024-06-20,861.43,Partial
8554,1733,2022-04-14,1193.92,Partial
8555,3347,2022-02-18,1702.29,Minimum
8556,1174,2024-11-05,254.17,Minimum
8557,2244,2023-11-12,1600.9,Partial
8558,626,2024-06-21,1104.78,Minimum
8559,2072,2022-02-23,1469.77,Full
8560,1549,2023-07-14,1211.48,Full
8561,4067,2025-01-01,1819.84,Minimum
8562,2288,2023-06-22,906.58,Full
8563,4673,2024-12-31,1079.5,Minimum
8564,3291,2022-02-16,1395.85,Partial
8565,3527,2022-01-27,989.35,Full
8566,2294,2023-10-22,1307.19,Partial
8567,900,2024-06-10,55.38,Minimum
8568,345,2023-12-09,1211.08,Partial
8569,1207,2023-11-25,597.22,Minimum
8570,1218,2024-09-15,1669.03,Minimum
8571,1063,2022-12-05,474.98,Minimum
8572,2100,2023-06-05,1451.37,Partial
8573,1215,2024-03-24,1765.63,Full
8574,3724,2022-10-06,250.69,Minimum
8575,2825,2023-04-22,1912.88,Full
8576,1503,2023-03-29,406.79,Partial
8577,3289,2023-06-07,1412.02,Minimum
8578,3126,2023-10-10,1700.32,Full
8579,4196,2023-10-22,52.4,Full
8580,2183,2022-03-04,1892.86,Minimum
8581,3124,2023-10-09,762.21,Minimum
8582,2103,2022-12-27,1122.74,Full
8583,809,2024-07-14,1512.95,Full
8584,2989,2022-12-18,777.74,Minimum
8585,1075,2024-08-05,1110.67,Partial
8586,4307,2023-11-19,404.38,Minimum
8587,290,2024-10-31,371.17,Full
8588,4007,2023-08-14,1929.34,Partial
8589,2740,2022-07-19,591.35,Minimum
8590,150,2023-12-25,1858.73,Minimum
8591,4659,2024-07-26,287.85,Minimum
8592,3170,2022-12-23,1105.66,Full
8593,470,2024-08-07,126.18,Minimum
8594,4642,2023-11-10,1391.49,Full
8595,377,2023-08-16,1532.62,Partial
8596,2791,2023-05-25,1380.05,Partial
8597,2275,2022-10-15,1697.03,Full
8598,4883,2023-09-21,447.68,Full
8599,2294,2022-02-10,290.03,Minimum
8600,950,2023-06-16,1062.31,Minimum
8601,103,2024-03-31,262.9,Full
8602,3387,2024-07-02,688.47,Partial
8603,3619,2023-06-20,318.71,Minimum
8604,984,2023-01-05,1304.93,Full
8605,309,2022-02-03,183.09,Partial
8606,4501,2023-09-11,407.02,Partial
8607,13,2024-12-01,1880.91,Partial
8608,3493,2024-03-27,1107.0,Minimum
8609,3203,2023-05-16,1426.54,Minimum
8610,1286,2022-05-20,704.46,Partial
8611,3345,2024-12-12,801.81,Full
8612,3278,2024-04-26,1318.55,Minimum
8613,693,2024-10-13,288.15,Partial
8614,4169,2024-09-09,552.73,Full
8615,1275,2024-08-22,148.5,Full
8616,2595,2022-10-26,1165.17,Partial
8617,3524,2022-10-28,638.6,Minimum
8618,476,2024-08-04,1633.82,Full
8619,4161,2022-08-23,1680.04,Minimum
8620,393,2024-06-25,60.02,Partial
8621,4902,2022-05-31,241.91,Full
8622,286,2024-08-10,215.22,Minimum
8623,3223,2022-07-03,622.03,Full
8624,1462,2023-09-07,1662.96,Full
8625,1448,2023-04-30,1325.8,Minimum
8626,3047,2022-10-26,1496.4,Partial
8627,155,2023-05-21,26.64,Full
8628,3321,2024-02-21,1541.98,Full
8629,3495,2024-10-18,1635.32,Minimum
8630,1562,2022-12-27,457.64,Minimum
8631,288,2023-05-28,1434.23,Partial
8632,229,2022-01-05,506.64,Minimum
8633,3564,2022-06-10,751.99,Full
8634,340,2024-03-16,80.92,Minimum
8635,4965,2022-08-05,1596.25,Partial
8636,3268,2022-01-06,634.16,Minimum
8637,449,2022-06-16,305.85,Minimum
8638,3891,2023-11-23,1872.98,Full
8639,4267,2022-11-01,628.07,Partial
8640,4211,2022-11-22,1498.62,Full
8641,4177,2024-08-25,1755.83,Full
8642,3295,2024-12-17,1876.24,Full
8643,182,2023-12-21,797.19,Partial
8644,4225,2022-08-20,544.81,Partial
8645,2398,2024-04-12,320.04,Full
8646,397,2024-09-11,1104.71,Minimum
8647,652,2022-10-11,1866.38,Minimum
8648,494,2023-07-28,1719.77,Minimum
8649,3362,2024-12-28,658.13,Minimum
8650,4057,2023-10-07,622.44,Minimum
8651,829,2023-05-14,1882.43,Full
8652,2138,2023-10-31,1942.26,Minimum
8653,4443,2023-10-09,391.89,Minimum
8654,3378,2024-03-24,1843.19,Partial
8655,2956,2022-06-10,1240.74,Partial
8656,287,2024-03-05,432.21,Partial
8657,540,2023-01-24,1703.38,Full
8658,3898,2023-08-27,955.92,Partial
8659,1719,2022-06-06,704.29,Minimum
8660,2507,2022-08-16,450.57,Partial
8661,2937,2022-07-20,1013.79,Minimum
8662,2,2024-06-08,1747.27,Partial
8663,1507,2024-10-22,1761.37,Partial
8664,4591,2023-09-03,286.8,Minimum
8665,3221,2024-08-14,116.37,Partial
8666,2235,2023-05-11,1630.07,Minimum
8667,3560,2022-08-25,469.25,Partial
8668,2630,2024-09-06,1658.36,Minimum
8669,3264,2025-01-01,722.1,Partial
8670,3433,2023-06-16,1008.22,Minimum
8671,6,2022-10-19,1273.19,Partial
8672,2532,2023-08-10,1482.58,Partial
8673,2646,2022-12-26,975.99,Full
8674,4495,2023-04-11,644.98,Full
8675,4594,2022-09-11,1507.15,Partial
8676,3605,2024-11-09,1705.13,Full
8677,3028,2023-01-15,1825.27,Partial
8678,2852,2022-11-28,1331.22,Full
8679,4191,2024-01-18,145.02,Partial
8680,2590,2023-09-28,659.78,Full
8681,1545,2023-04-19,301.86,Full
8682,3436,2023-12-29,1526.12,Full
8683,369,2023-08-04,1178.67,Minimum
8684,180,2023-09-16,1910.29,Partial
8685,3678,2022-10-16,1614.35,Minimum
8686,1853,2022-02-02,220.28,Full
8687,3942,2024-07-20,1697.04,Full
8688,102,2024-01-01,1387.74,Partial
8689,4976,2023-02-08,1036.58,Minimum
8690,4993,2024-09-23,1583.59,Minimum
8691,742,2023-07-01,240.14,Full
8692,3979,2023-09-01,183.72,Full
8693,3903,2022-09-14,462.2,Full
8694,196,2024-01-18,275.81,Full
8695,4746,2024-09-18,859.6,Minimum
8696,4863,2023-06-23,1838.45,Full
8697,2929,2023-02-26,1090.68,Partial
8698,1302,2023-07-08,1864.6,Partial
8699,4573,2024-08-27,1982.11,Full
8700,608,2023-04-16,149.73,Full
8701,2561,2023-09-29,26.47,Minimum
8702,1464,2024-03-16,1465.11,Minimum
8703,3293,2022-11-05,1949.66,Minimum
8704,2221,2023-07-19,1568.0,Partial
8705,861,2024-12-04,1146.33,Partial
8706,3323,2022-02-22,1619.96,Partial
8707,4208,2024-06-05,1518.96,Partial
8708,4620,2022-03-21,736.16,Full
8709,3759,2024-08-03,1874.21,Partial
8710,2148,2022-02-16,132.73,Full
8711,3011,2024-06-13,421.03,Minimum
8712,2576,2023-03-12,526.54,Minimum
8713,4865,2022-08-27,347.22,Full
8714,2875,2024-06-17,1406.45,Full
8715,4388,2023-04-26,1326.39,Partial
8716,1463,2024-05-15,1931.25,Partial
8717,3131,2022-04-02,1307.27,Minimum
8718,972,2022-06-25,1053.27,Partial
8719,3496,2024-06-11,713.22,Minimum
8720,1832,2024-02-05,1862.95,Minimum
8721,134,2023-09-08,1040.37,Minimum
8722,1060,2024-08-25,1105.81,Full
8723,2207,2024-04-19,1512.54,Full
8724,239,2022-12-27,917.47,Minimum
8725,3934,2022-02-01,991.73,Minimum
8726,571,2024-12-16,595.97,Minimum
8727,1478,2023-08-07,1259.83,Minimum
8728,85,2024-01-20,89.32,Partial
8729,39,2023-07-15,252.33,Minimum
8730,89,2024-03-09,1587.34,Full
8731,3673,2022-10-19,1458.12,Partial
8732,3822,2023-08-18,1363.45,Minimum
8733,4980,2024-05-04,205.49,Full
8734,2768,2023-04-21,191.8,Partial
8735,3592,2024-06-10,700.52,Full
8736,1514,2023-06-02,720.49,Partial
8737,3428,2024-08-17,899.05,Minimum
8738,1425,2024-09-20,1476.62,Minimum
8739,329,2024-02-22,1856.58,Partial
8740,1815,2023-08-30,299.58,Partial
8741,524,2022-01-15,959.93,Full
8742,4276,2022-09-22,510.38,Full
8743,576,2024-01-17,1739.95,Partial
8744,3085,2022-03-07,1472.03,Minimum
8745,1809,2024-04-21,926.25,Full
8746,4183,2023-03-21,1926.37,Full
8747,2095,2023-07-27,1006.74,Full
8748,4799,2023-07-03,391.09,Partial
8749,2959,2022-10-10,43.71,Partial
8750,3941,2023-09-15,381.27,Full
8751,2205,2024-03-07,1995.69,Minimum
8752,1694,2024-04-11,1910.12,Minimum
8753,4271,2023-09-18,1871.22,Minimum
8754,1322,2023-01-31,152.13,Partial
8755,3503,2024-05-13,329.68,Minimum
8756,3366,2023-11-21,1789.21,Minimum
8757,1337,2023-12-31,1572.97,Full
8758,2468,2023-07-13,1336.72,Full
8759,4529,2024-10-30,1613.17,Full
8760,3302,2024-10-02,1189.14,Full
8761,4422,2024-04-03,1055.44,Full
8762,3334,2023-07-05,271.2,Full
8763,2045,2022-09-04,1422.17,Partial
8764,1724,2024-08-02,951.33,Partial
8765,2161,2022-06-14,1949.05,Full
8766,1703,2022-06-07,203.55,Partial
8767,2500,2024-10-23,1070.01,Partial
8768,4368,2024-09-22,1026.59,Minimum
8769,2454,2024-04-10,1793.41,Minimum
8770,4050,2023-03-11,1271.37,Full
8771,1413,2022-05-16,338.11,Full
8772,2889,2024-07-15,1191.88,Partial
8773,3108,2024-05-03,1551.0,Full
8774,4039,2023-06-10,89.09,Minimum
8775,3639,2023-12-27,1414.4,Full
8776,1863,2022-06-16,135.78,Minimum
8777,4237,2024-01-05,1007.38,Minimum
8778,1621,2024-10-01,362.98,Partial
8779,3127,2022-10-31,1060.43,Partial
8780,1137,2023-09-30,989.2,Partial
8781,2387,2024-06-24,1285.24,Full
8782,3218,2023-11-17,1608.0,Partial
8783,840,2024-07-29,1407.07,Full
8784,779,2022-05-11,1276.43,Full
8785,3334,2024-01-10,1113.41,Full
8786,3325,2022-11-03,1569.13,Partial
8787,2391,2024-02-12,1879.96,Partial
8788,4156,2022-07-08,635.76,Minimum
8789,1994,2024-06-07,358.72,Minimum
8790,3058,2024-08-23,1069.7,Partial
8791,4513,2023-02-24,1173.87,Full
8792,4038,2024-05-21,715.72,Minimum
8793,3897,2024-07-04,953.55,Minimum
8794,2807,2022-04-29,1795.87,Partial
8795,1221,2022-03-02,533.93,Full
8796,750,2022-08-31,1897.78,Partial
8797,1253,2023-07-27,659.66,Full
8798,3994,2023-12-13,393.45,Minimum
8799,425,2023-10-15,631.13,Minimum
8800,3997,2023-11-18,1804.96,Minimum
8801,2622,2022-02-05,1177.41,Partial
8802,2859,2023-06-26,360.2,Full
8803,2125,2023-07-19,1884.87,Partial
8804,2490,2023-01-10,1839.75,Partial
8805,4672,2023-10-06,1616.79,Full
8806,1755,2022-08-31,553.72,Partial
8807,862,2022-03-09,1719.96,Full
8808,4732,2024-07-14,1213.0,Minimum
8809,3250,2022-06-01,1538.87,Minimum
8810,4018,2022-05-15,776.9,Full
8811,185,2024-12-11,843.21,Full
8812,1446,2022-09-09,318.91,Minimum
8813,4887,2023-01-17,613.13,Minimum
8814,214,2022-05-19,697.55,Partial
8815,3645,2022-06-09,542.59,Partial
8816,4275,2024-10-27,588.86,Partial
8817,3468,2024-10-16,965.77,Full
8818,1943,2023-06-16,1317.95,Minimum
8819,4598,2024-09-17,205.32,Full
8820,1063,2024-09-19,415.86,Full
8821,124,2022-06-05,218.53,Partial
8822,4232,2022-11-24,1504.04,Partial
8823,4701,2023-05-17,1789.09,Full
8824,4885,2022-05-11,1590.89,Full
8825,1683,2023-12-30,1023.61,Minimum
8826,4102,2024-05-09,229.27,Partial
8827,1860,2024-04-26,1520.34,Full
8828,4592,2024-06-05,1995.36,Partial
8829,3408,2024-11-28,1435.92,Minimum
8830,676,2024-10-29,90.71,Full
8831,4996,2023-11-05,856.61,Partial
8832,3519,2024-09-17,502.75,Partial
8833,2695,2023-07-04,1734.95,Minimum
8834,4028,2024-08-08,1288.69,Full
8835,785,2022-04-06,1886.67,Full
8836,3591,2023-06-10,1672.07,Partial
8837,1893,2024-10-30,1482.79,Partial
8838,4644,2023-06-14,736.95,Minimum
8839,2491,2023-05-27,679.0,Minimum
8840,592,2023-01-02,1577.82,Minimum
8841,2775,2024-08-28,1758.99,Minimum
8842,4346,2022-04-07,192.85,Minimum
8843,839,2024-01-16,634.95,Partial
8844,4890,2022-10-20,413.18,Partial
8845,290,2024-06-17,85.25,Full
8846,2867,2023-04-05,38.08,Full
8847,4926,2022-11-01,800.26,Full
8848,2859,2023-09-05,728.22,Partial
8849,3527,2024-09-18,1303.23,Full
8850,269,2023-12-13,52.07,Partial
8851,55,2023-09-12,1904.71,Partial
8852,1188,2024-10-23,1725.84,Full
8853,4721,2023-08-22,191.53,Minimum
8854,398,2022-11-04,1900.3,Minimum
8855,3990,2024-02-14,1955.07,Partial
8856,1473,2022-10-31,22.45,Partial
8857,1639,2024-01-02,1170.37,Minimum
8858,4460,2022-08-12,382.04,Partial
8859,859,2024-06-28,1857.8,Full
8860,3341,2023-05-08,1622.89,Full
8861,249,2023-11-11,125.59,Full
8862,4768,2022-09-13,1970.78,Minimum
8863,422,2024-07-05,1306.89,Minimum
8864,4375,2024-05-15,1094.09,Full
8865,3829,2024-10-20,1003.95,Full
8866,4487,2023-01-18,1797.84,Partial
8867,1026,2023-03-31,1590.77,Full
8868,3950,2024-11-07,828.9,Minimum
8869,1753,2024-02-25,1030.25,Full
8870,3697,2022-08-19,327.16,Partial
8871,753,2023-04-22,1770.05,Partial
8872,2617,2024-03-17,218.58,Partial
8873,3016,2024-10-02,1272.77,Partial
8874,1245,2023-07-16,443.37,Partial
8875,3869,2022-08-20,747.26,Full
8876,4107,2024-08-09,1236.46,Minimum
8877,4774,2023-06-05,866.86,Minimum
8878,871,2023-12-17,1293.97,Full
8879,4220,2023-04-14,1200.03,Minimum
8880,273,2023-06-11,170.28,Full
8881,2800,2022-10-31,1235.46,Partial
8882,1843,2022-03-25,887.43,Full
8883,4415,2024-03-09,810.64,Minimum
8884,3185,2024-02-29,608.08,Partial
8885,116,2024-04-20,1503.66,Minimum
8886,727,2024-01-04,561.71,Minimum
8887,1460,2022-05-05,271.25,Minimum
8888,3762,2023-08-18,1889.27,Partial
8889,2574,2024-06-24,304.18,Full
8890,1428,2022-11-25,217.85,Minimum
8891,3397,2023-08-03,1550.35,Full
8892,4761,2024-07-01,525.86,Minimum
8893,92,2023-12-19,682.03,Minimum
8894,2210,2023-10-23,1935.76,Partial
8895,4971,2022-07-15,788.71,Full
8896,2166,2022-12-14,508.57,Minimum
8897,3001,2022-06-20,501.49,Partial
8898,1843,2023-08-24,727.4,Minimum
8899,4926,2024-08-20,1627.88,Full
8900,4277,2024-04-19,594.38,Partial
8901,897,2022-03-31,1891.92,Minimum
8902,4821,2024-05-24,823.63,Minimum
8903,2694,2022-07-24,404.6,Full
8904,127,2024-02-15,339.8,Partial
8905,1313,2022-05-09,934.84,Partial
8906,1667,2024-04-12,1820.96,Full
8907,4547,2024-01-03,977.71,Partial
8908,4865,2024-11-02,527.08,Full
8909,4038,2024-02-16,1257.48,Minimum
8910,3020,2022-09-07,128.91,Full
8911,1490,2024-12-14,1363.17,Full
8912,3377,2023-04-13,1558.45,Partial
8913,1960,2024-08-02,480.13,Full
8914,2497,2022-10-01,450.67,Full
8915,3302,2024-02-27,1807.54,Partial
8916,3322,2024-07-03,920.49,Minimum
8917,359,2022-03-12,315.85,Full
8918,2090,2023-02-05,104.35,Full
8919,4893,2023-04-04,1599.53,Minimum
8920,2241,2023-09-11,202.08,Partial
8921,3150,2023-09-12,917.59,Minimum
8922,3088,2022-09-22,572.26,Full
8923,142,2023-11-05,1703.0,Full
8924,350,2024-10-05,1064.52,Partial
8925,4515,2022-03-29,1503.76,Minimum
8926,4237,2024-04-30,1476.61,Full
8927,201,2022-11-04,1103.08,Partial
8928,4839,2024-05-07,834.49,Minimum
8929,693,2024-10-14,1497.37,Full
8930,4558,2022-02-09,1603.05,Minimum
8931,2614,2022-12-18,1691.79,Full
8932,1383,2022-11-08,1617.12,Minimum
8933,1960,2022-10-03,1655.77,Minimum
8934,1453,2024-01-01,1659.85,Partial
8935,703,2022-02-12,1718.7,Minimum
8936,4218,2022-03-18,814.76,Partial
8937,3843,2023-05-16,1349.71,Full
8938,4566,2024-09-21,1963.28,Minimum
8939,4939,2023-08-16,81.13,Partial
8940,1595,2024-04-23,1110.86,Minimum
8941,1047,2022-06-11,92.3,Partial
8942,3751,2023-01-14,1157.61,Partial
8943,1263,2024-04-11,1741.19,Full
8944,2582,2024-04-02,1567.65,Full
8945,4076,2024-04-27,1482.74,Minimum
8946,2930,2023-04-27,347.67,Minimum
8947,1659,2022-04-07,1107.13,Full
8948,2582,2022-09-07,771.03,Full
8949,570,2022-05-20,528.11,Partial
8950,2928,2022-09-18,1743.14,Minimum
8951,1444,2022-04-21,887.34,Minimum
8952,4558,2023-05-29,283.97,Partial
8953,4957,2024-10-03,1554.84,Full
8954,2420,2023-11-17,333.51,Full
8955,4918,2023-01-15,1068.17,Partial
8956,4434,2024-04-22,1295.51,Full
8957,1439,2022-08-31,1736.11,Full
8958,4638,2023-11-27,1051.55,Full
8959,2099,2022-10-29,110.6,Partial
8960,407,2024-06-27,1339.05,Full
8961,1862,2022-02-06,667.26,Partial
8962,693,2022-09-29,653.59,Partial
8963,4713,2022-01-30,326.41,Partial
8964,31,2022-08-12,824.22,Partial
8965,3703,2023-12-29,1220.91,Partial
8966,1718,2023-11-25,29.12,Minimum
8967,2977,2024-11-10,1136.36,Minimum
8968,4274,2022-12-06,1901.61,Minimum
8969,2030,2024-05-13,1527.04,Full
8970,4989,2022-06-04,738.31,Partial
8971,3579,2024-09-23,1764.08,Partial
8972,517,2022-09-07,1377.56,Minimum
8973,2078,2022-04-03,409.03,Minimum
8974,3357,2023-07-24,1621.91,Partial
8975,1561,2024-11-03,1443.61,Full
8976,2244,2022-02-24,974.9,Minimum
8977,2811,2023-09-14,165.79,Full
8978,1331,2023-06-27,273.01,Partial
8979,4188,2024-12-24,1212.57,Full
8980,1182,2023-09-16,605.49,Minimum
8981,3253,2022-12-25,1200.69,Partial
8982,318,2023-04-12,209.26,Minimum
8983,943,2024-02-02,1498.36,Minimum
8984,1759,2024-10-14,1901.61,Minimum
8985,4494,2024-08-29,897.67,Partial
8986,907,2024-03-16,1889.58,Minimum
8987,1283,2024-07-18,781.58,Minimum
8988,3862,2024-10-13,1054.67,Minimum
8989,4456,2022-05-27,1896.78,Minimum
8990,610,2022-04-30,1076.74,Full
8991,36,2024-10-08,791.62,Full
8992,1113,2023-03-03,382.24,Full
8993,892,2023-11-20,1927.54,Full
8994,1572,2024-09-14,331.17,Minimum
8995,1540,2023-01-14,1160.88,Partial
8996,3282,2024-01-12,1894.88,Minimum
8997,3394,2024-07-24,40.8,Minimum
8998,3111,2022-05-27,430.03,Partial
8999,745,2024-10-23,673.35,Full
9000,2265,2024-11-11,1517.82,Full
9001,4050,2024-08-12,278.68,Full
9002,4756,2022-12-27,1621.29,Full
9003,2631,2022-03-03,705.05,Minimum
9004,2222,2022-11-10,1687.58,Partial
9005,3696,2022-12-03,1874.02,Minimum
9006,3453,2024-02-11,713.1,Minimum
9007,4140,2022-05-08,1324.45,Minimum
9008,215,2024-01-07,665.22,Minimum
9009,508,2023-06-26,844.53,Minimum
9010,4345,2023-06-29,725.01,Full
9011,848,2022-02-28,661.13,Full
9012,1601,2022-11-09,965.77,Full
9013,1870,2022-06-23,35.62,Minimum
9014,590,2024-05-16,561.69,Minimum
9015,3114,2022-08-05,1371.97,Minimum
9016,2932,2022-12-01,517.16,Full
9017,4631,2022-06-14,477.45,Full
9018,2936,2023-01-09,596.88,Minimum
9019,1074,2022-09-23,1947.41,Minimum
9020,4515,2024-03-09,1050.13,Full
9021,3331,2023-03-10,1508.24,Partial
9022,277,2024-07-09,303.93,Minimum
9023,4715,2023-10-23,585.52,Partial
9024,1821,2024-05-14,1546.26,Full
9025,1062,2022-06-26,1390.79,Partial
9026,1819,2024-06-18,1460.61,Partial
9027,697,2024-08-22,886.67,Partial
9028,3422,2022-07-12,1611.48,Full
9029,1668,2022-09-13,1452.61,Minimum
9030,4979,2023-06-06,1230.34,Partial
9031,3741,2024-08-13,1493.37,Full
9032,2414,2024-12-27,920.68,Minimum
9033,4552,2023-09-22,373.55,Full
9034,970,2022-12-15,1759.06,Minimum
9035,1562,2024-12-12,1281.22,Partial
9036,1113,2022-12-28,497.39,Partial
9037,2912,2024-07-17,1797.36,Full
9038,676,2023-11-20,1879.06,Partial
9039,4390,2024-05-19,855.01,Partial
9040,2738,2022-11-07,1217.22,Partial
9041,857,2024-10-01,1681.18,Partial
9042,2791,2023-02-27,1384.31,Partial
9043,1439,2022-09-24,849.87,Full
9044,3776,2024-08-05,132.35,Partial
9045,3795,2024-05-09,779.62,Full
9046,776,2023-05-21,1975.09,Partial
9047,4901,2024-06-03,526.4,Minimum
9048,3403,2023-08-08,1158.32,Full
9049,3004,2022-03-01,342.63,Minimum
9050,899,2024-01-21,1018.52,Full
9051,620,2022-04-27,1386.2,Partial
9052,1024,2024-11-30,1567.95,Partial
9053,4696,2023-08-09,1278.77,Full
9054,3007,2023-02-06,138.64,Full
9055,4980,2023-09-03,1038.8,Partial
9056,551,2022-01-02,876.06,Partial
9057,1338,2024-05-01,487.07,Minimum
9058,850,2023-09-08,1700.47,Minimum
9059,2803,2022-01-20,1108.19,Minimum
9060,4736,2024-03-24,1438.16,Full
9061,94,2022-11-03,1841.02,Minimum
9062,918,2022-03-09,314.7,Full
9063,886,2024-04-29,1610.34,Full
9064,974,2022-03-25,1134.34,Partial
9065,3616,2023-08-12,789.06,Partial
9066,1929,2022-01-08,1708.27,Minimum
9067,1443,2024-04-01,20.98,Full
9068,1686,2022-11-09,1195.68,Partial
9069,2734,2024-02-03,1582.13,Full
9070,2699,2022-05-08,1230.22,Partial
9071,85,2024-12-23,1283.65,Partial
9072,3710,2024-03-28,1713.76,Full
9073,332,2022-05-09,115.02,Full
9074,2191,2023-05-07,178.65,Partial
9075,263,2023-02-17,1713.07,Minimum
9076,218,2022-03-13,366.35,Full
9077,620,2022-05-15,906.47,Partial
9078,3566,2024-08-08,92.83,Partial
9079,3978,2023-10-29,359.96,Full
9080,564,2022-11-24,360.19,Minimum
9081,1017,2022-02-08,1634.01,Minimum
9082,312,2022-06-09,932.06,Minimum
9083,4600,2024-05-23,1604.31,Full
9084,338,2024-10-10,553.53,Full
9085,3857,2023-11-05,1449.2,Partial
9086,819,2024-05-06,983.56,Partial
9087,2052,2023-03-04,937.95,Partial
9088,1722,2023-12-30,1488.3,Partial
9089,2563,2024-08-14,715.23,Minimum
9090,1835,2023-04-21,547.27,Partial
9091,482,2023-11-18,1050.22,Full
9092,4906,2023-03-04,1337.79,Partial
9093,2817,2022-05-19,111.08,Partial
9094,2176,2024-04-12,511.3,Minimum
9095,4892,2022-05-31,1101.23,Minimum
9096,2500,2023-02-05,1116.94,Full
9097,3501,2022-02-10,876.94,Minimum
9098,3997,2022-05-20,1472.34,Partial
9099,3672,2023-06-17,1302.47,Full
9100,272,2024-11-14,1532.5,Minimum
9101,4249,2024-12-13,761.7,Minimum
9102,3109,2023-04-04,1440.55,Full
9103,1387,2024-01-29,1795.45,Minimum
9104,2987,2022-09-12,1077.46,Minimum
9105,2829,2024-02-10,839.88,Minimum
9106,4315,2022-01-07,1187.53,Full
9107,1888,2024-06-05,1864.94,Full
9108,2398,2022-12-07,1916.18,Partial
9109,138,2022-04-04,986.76,Full
9110,3057,2023-09-14,1295.08,Partial
9111,3640,2022-06-30,746.56,Partial
9112,2559,2022-02-03,734.56,Partial
9113,3318,2022-01-03,1002.02,Minimum
9114,436,2023-09-15,983.6,Partial
9115,4537,2023-08-24,1646.37,Full
9116,2499,2024-03-27,169.11,Partial
9117,3621,2022-05-01,1604.57,Minimum
9118,1067,2022-07-16,823.66,Full
9119,670,2023-11-23,1309.44,Minimum
9120,3096,2024-09-08,1568.28,Partial
9121,2400,2023-01-01,1474.75,Partial
9122,1625,2022-06-12,1388.5,Partial
9123,2840,2024-04-03,1737.88,Partial
9124,920,2024-08-14,93.98,Minimum
9125,811,2023-04-29,1339.63,Full
9126,892,2023-08-08,1443.7,Minimum
9127,1640,2022-03-23,1160.17,Partial
9128,3029,2022-04-18,259.72,Minimum
9129,1694,2023-03-02,812.91,Partial
9130,2457,2024-08-11,1114.62,Minimum
9131,1969,2024-08-09,451.36,Minimum
9132,2089,2024-04-17,1772.35,Full
9133,4481,2023-06-13,1152.11,Minimum
9134,4502,2023-06-26,268.98,Partial
9135,1349,2023-10-15,187.4,Partial
9136,3588,2023-01-23,942.05,Full
9137,3643,2022-05-23,159.92,Full
9138,2348,2024-08-11,1300.31,Full
9139,1216,2024-03-30,1627.07,Partial
9140,1238,2023-10-03,1273.11,Partial
9141,2506,2022-12-21,112.48,Minimum
9142,913,2022-01-17,161.69,Partial
9143,1543,2023-10-23,261.11,Partial
9144,3409,2023-04-08,1794.88,Partial
9145,1691,2022-03-04,1626.99,Minimum
9146,4667,2024-11-10,1072.28,Minimum
9147,2067,2023-03-02,453.29,Full
9148,4346,2022-12-01,1979.93,Minimum
9149,3649,2023-11-01,949.75,Minimum
9150,479,2022-07-04,1818.37,Full
9151,2231,2022-10-23,460.28,Full
9152,277,2022-10-26,1323.14,Full
9153,3581,2024-06-09,1608.82,Minimum
9154,3536,2024-10-10,1575.18,Full
9155,3027,2024-07-23,1243.42,Partial
9156,1377,2022-09-07,1423.56,Full
9157,4529,2023-02-17,281.24,Partial
9158,3373,2023-11-15,428.6,Minimum
9159,3090,2023-04-23,376.92,Minimum
9160,2753,2022-02-01,1104.06,Full
9161,1681,2023-04-29,1072.3,Minimum
9162,4259,2023-10-06,1852.49,Partial
9163,2906,2023-08-05,1524.0,Full
9164,3470,2023-03-23,370.97,Partial
9165,3119,2022-03-04,352.12,Full
9166,3199,2022-04-15,521.98,Minimum
9167,4749,2024-06-05,1998.17,Full
9168,4617,2022-02-20,356.12,Minimum
9169,3485,2022-06-10,765.76,Full
9170,739,2024-05-30,640.38,Minimum
9171,3697,2024-07-13,25.19,Full
9172,267,2022-03-13,579.91,Partial
9173,2104,2023-05-15,435.75,Minimum
9174,3654,2022-07-17,1953.63,Minimum
9175,451,2022-05-04,1459.59,Full
9176,2595,2022-06-20,1616.95,Minimum
9177,1185,2024-11-06,1691.67,Full
9178,4888,2022-02-07,507.98,Full
9179,1832,2023-07-06,1807.8,Minimum
9180,4651,2023-11-15,1095.28,Minimum
9181,1103,2024-05-08,167.71,Partial
9182,4339,2023-10-08,1219.82,Minimum
9183,4324,2022-01-07,227.63,Partial
9184,550,2022-01-03,1099.58,Minimum
9185,355,2023-11-27,1078.28,Minimum
9186,3220,2022-05-08,1293.37,Partial
9187,1289,2022-08-28,254.54,Minimum
9188,4076,2023-07-10,1758.97,Minimum
9189,2818,2023-07-26,1488.97,Full
9190,4649,2023-10-17,1972.38,Full
9191,4895,2024-05-20,36.37,Minimum
9192,1715,2022-09-27,1173.09,Minimum
9193,701,2024-11-13,979.87,Full
9194,3682,2023-08-21,813.12,Minimum
9195,4611,2023-09-06,527.34,Full
9196,3160,2024-04-05,285.35,Minimum
9197,4688,2022-07-09,1951.48,Minimum
9198,1141,2024-10-08,1742.74,Minimum
9199,43,2023-08-21,1640.48,Partial
9200,3122,2024-06-30,280.75,Partial
9201,927,2024-01-01,1941.02,Partial
9202,503,2022-12-24,795.53,Partial
9203,1148,2023-02-08,975.25,Partial
9204,834,2022-11-03,1284.42,Partial
9205,3327,2024-04-30,643.38,Full
9206,3876,2022-03-02,939.9,Full
9207,9,2024-01-07,1096.2,Minimum
9208,541,2022-01-29,333.39,Full
9209,408,2024-01-08,567.04,Full
9210,3547,2023-08-30,207.31,Full
9211,909,2024-12-26,815.51,Full
9212,4032,2023-03-02,958.98,Partial
9213,3532,2022-07-18,1156.07,Minimum
9214,2126,2024-06-23,1731.83,Partial
9215,1329,2024-12-26,343.48,Full
9216,622,2022-05-17,181.76,Full
9217,3147,2022-08-19,258.51,Minimum
9218,4588,2022-05-14,336.82,Minimum
9219,1817,2023-03-01,132.26,Minimum
9220,923,2024-12-21,1426.02,Minimum
9221,3241,2023-09-29,1792.07,Minimum
9222,2730,2023-09-15,1697.63,Partial
9223,3794,2024-06-27,1690.11,Full
9224,2082,2023-01-28,578.3,Full
9225,2577,2022-10-22,157.41,Full
9226,4557,2023-08-03,1712.62,Minimum
9227,4810,2023-12-20,1671.87,Partial
9228,559,2023-02-15,220.26,Full
9229,728,2024-04-24,786.11,Minimum
9230,3590,2022-04-16,711.28,Full
9231,4254,2024-01-14,215.65,Full
9232,412,2022-07-09,1923.18,Minimum
9233,3712,2022-09-28,1555.55,Minimum
9234,1516,2024-09-18,1211.02,Full
9235,523,2023-02-09,743.46,Partial
9236,4193,2022-08-27,1944.06,Partial
9237,693,2023-11-09,719.02,Partial
9238,3303,2024-09-26,1139.82,Minimum
9239,3901,2022-05-13,1275.71,Full
9240,1012,2024-07-24,248.89,Partial
9241,1384,2022-09-15,1355.69,Full
9242,1286,2024-04-16,385.47,Minimum
9243,2995,2024-10-22,1682.99,Partial
9244,2870,2022-02-08,537.98,Minimum
9245,471,2023-01-12,1365.75,Full
9246,2562,2022-07-01,244.28,Full
9247,3208,2024-12-22,1084.85,Minimum
9248,661,2024-05-29,332.38,Full
9249,2386,2024-02-17,882.25,Full
9250,3767,2022-07-05,1308.9,Partial
9251,1978,2023-09-25,260.07,Full
9252,2834,2023-05-24,836.34,Minimum
9253,3739,2023-06-19,1969.99,Partial
9254,2432,2024-11-01,1367.97,Minimum
9255,3912,2023-01-10,477.26,Minimum
9256,1446,2022-11-25,932.02,Partial
9257,4338,2022-02-05,414.86,Partial
9258,4480,2022-01-23,1917.16,Minimum
9259,2735,2024-05-01,1023.33,Partial
9260,3267,2024-09-07,417.97,Minimum
9261,579,2024-01-23,1088.31,Minimum
9262,338,2022-02-26,247.33,Minimum
9263,1768,2022-06-28,208.95,Full
9264,653,2022-12-07,155.99,Partial
9265,1050,2022-09-10,712.01,Partial
9266,903,2022-07-21,1800.73,Partial
9267,3996,2023-02-01,114.87,Minimum
9268,4809,2022-11-23,1949.75,Minimum
9269,3999,2022-01-29,168.91,Minimum
9270,2075,2023-04-17,340.59,Partial
9271,231,2022-09-28,286.69,Minimum
9272,4498,2022-01-12,563.04,Full
9273,4039,2022-12-18,1933.88,Full
9274,1334,2022-12-13,277.27,Minimum
9275,2805,2022-12-28,1953.1,Partial
9276,3493,2023-04-25,1666.42,Minimum
9277,506,2024-06-14,1308.83,Minimum
9278,2949,2024-05-10,1409.31,Minimum
9279,4022,2024-03-16,695.09,Partial
9280,1537,2023-02-20,167.19,Partial
9281,3321,2023-07-28,1364.18,Minimum
9282,1418,2022-05-03,362.38,Partial
9283,395,2024-05-03,1537.12,Full
9284,696,2024-01-27,574.85,Full
9285,3151,2023-10-09,915.02,Minimum
9286,1130,2024-03-03,469.82,Full
9287,1016,2024-08-23,1458.16,Full
9288,513,2024-10-11,1097.61,Full
9289,2150,2024-10-21,1363.36,Full
9290,3295,2024-03-27,1390.49,Minimum
9291,278,2022-04-08,1952.7,Full
9292,273,2024-06-28,1067.4,Minimum
9293,2051,2024-05-26,449.67,Minimum
9294,149,2024-08-27,142.89,Partial
9295,3361,2024-12-25,1784.53,Minimum
9296,4107,2023-05-14,132.43,Minimum
9297,1311,2024-11-09,1108.15,Partial
9298,2809,2024-12-12,515.39,Partial
9299,3419,2023-04-28,1817.26,Partial
9300,3233,2022-03-02,1079.19,Partial
9301,3233,2023-12-04,1016.65,Partial
9302,4632,2022-06-05,952.34,Partial
9303,2174,2022-01-23,1439.87,Partial
9304,2877,2024-06-23,77.47,Partial
9305,4713,2024-04-15,1189.66,Partial
9306,35,2024-07-31,841.6,Full
9307,4220,2022-01-07,601.19,Minimum
9308,3453,2024-11-12,1575.44,Partial
9309,4331,2023-01-23,301.61,Partial
9310,4186,2023-11-16,1789.29,Partial
9311,2894,2022-07-18,248.8,Minimum
9312,788,2023-08-09,835.12,Partial
9313,4631,2023-01-07,81.16,Full
9314,2467,2022-07-24,424.49,Partial
9315,4413,2022-07-02,347.59,Minimum
9316,2955,2023-09-10,962.5,Full
9317,4006,2024-08-22,582.75,Minimum
9318,630,2023-05-23,186.64,Partial
9319,251,2023-02-19,1645.43,Minimum
9320,4844,2022-09-20,282.84,Partial
9321,429,2023-03-24,1988.25,Minimum
9322,3574,2023-03-20,118.3,Minimum
9323,1539,2024-01-16,1427.77,Partial
9324,3419,2024-11-30,1434.19,Partial
9325,3870,2024-12-21,713.06,Full
9326,4805,2023-10-07,1684.93,Full
9327,4207,2022-03-27,457.72,Partial
9328,2347,2022-02-20,1495.71,Partial
9329,4657,2023-04-08,1761.5,Partial
9330,3930,2024-01-23,173.06,Full
9331,4222,2023-12-11,818.72,Full
9332,2295,2022-09-26,1910.27,Partial
9333,2482,2023-03-19,904.4,Partial
9334,4594,2024-07-30,1205.25,Partial
9335,395,2023-07-03,1769.2,Minimum
9336,3564,2023-04-29,1565.9,Partial
9337,1368,2024-08-15,622.11,Full
9338,1643,2023-05-26,1423.63,Minimum
9339,674,2022-07-21,1339.63,Partial
9340,2202,2023-05-01,1723.53,Partial
9341,2811,2022-02-10,1075.31,Full
9342,3046,2023-04-11,1376.15,Minimum
9343,4458,2023-08-23,1004.22,Full
9344,2161,2022-09-16,1508.94,Minimum
9345,4681,2023-10-23,997.42,Minimum
9346,2894,2024-02-28,103.6,Full
9347,3929,2023-01-31,976.72,Minimum
9348,1517,2024-05-13,1988.8,Minimum
9349,4890,2024-04-22,1079.78,Partial
9350,2530,2024-07-17,64.43,Partial
9351,2694,2023-05-01,764.78,Minimum
9352,2374,2024-03-16,313.08,Partial
9353,3296,2024-06-20,1081.13,Full
9354,1405,2024-11-22,761.61,Full
9355,2858,2023-11-04,1123.17,Minimum
9356,4723,2022-10-29,1872.1,Partial
9357,26,2023-08-21,24.36,Full
9358,4907,2022-05-16,1368.58,Minimum
9359,2373,2024-06-16,1001.69,Partial
9360,2233,2024-06-02,1842.22,Full
9361,4191,2022-12-31,49.99,Partial
9362,4503,2023-03-29,1251.0,Full
9363,4266,2022-05-06,1962.27,Minimum
9364,207,2022-11-24,1259.5,Partial
9365,4478,2023-04-05,609.07,Minimum
9366,1582,2023-10-01,448.83,Full
9367,3008,2024-10-21,1777.47,Full
9368,1599,2022-05-27,1075.08,Partial
9369,4955,2022-07-13,626.92,Full
9370,1856,2024-04-10,1796.01,Minimum
9371,1588,2024-01-02,1058.63,Partial
9372,1289,2023-08-02,1189.4,Minimum
9373,3637,2023-06-06,1468.16,Partial
9374,1154,2022-09-02,1089.26,Full
9375,3878,2024-02-24,794.51,Full
9376,2720,2024-12-04,370.27,Full
9377,1205,2024-12-06,1005.18,Full
9378,2268,2023-12-11,91.54,Partial
9379,2110,2023-03-14,1962.33,Full
9380,2425,2022-01-25,1031.76,Partial
9381,1812,2022-05-19,1638.26,Full
9382,1690,2022-05-23,1621.05,Minimum
9383,4973,2023-04-28,1798.59,Full
9384,1727,2022-12-11,513.95,Full
9385,4115,2023-03-10,206.36,Partial
9386,864,2023-01-29,200.05,Partial
9387,1695,2022-03-21,400.39,Minimum
9388,3957,2024-03-03,809.89,Partial
9389,3943,2023-04-15,912.16,Minimum
9390,4407,2022-10-19,22.77,Full
9391,2384,2024-02-28,749.34,Partial
9392,2695,2024-04-18,1725.44,Full
9393,2061,2024-10-14,650.33,Minimum
9394,4225,2024-07-17,1089.92,Partial
9395,3159,2024-03-13,1664.66,Partial
9396,2942,2024-09-12,345.65,Minimum
9397,4988,2024-12-29,1033.7,Partial
9398,3042,2023-03-25,197.83,Partial
9399,3360,2022-10-22,1497.43,Full
9400,3903,2023-12-21,1341.8,Full
9401,3405,2022-08-29,514.6,Minimum
9402,4833,2024-02-22,1161.32,Full
9403,2977,2023-08-08,524.5,Minimum
9404,4911,2023-09-01,657.14,Minimum
9405,1881,2022-08-13,1411.34,Full
9406,717,2023-05-03,1521.05,Minimum
9407,1371,2022-06-27,331.12,Minimum
9408,2221,2023-06-04,1557.84,Partial
9409,4585,2024-06-30,463.13,Partial
9410,874,2024-09-15,595.27,Partial
9411,777,2024-05-03,1715.52,Partial
9412,1640,2023-06-22,1354.6,Partial
9413,3385,2022-05-20,1695.08,Minimum
9414,2292,2023-10-25,54.82,Partial
9415,1555,2022-12-01,1736.12,Full
9416,946,2024-05-27,1588.69,Minimum
9417,3309,2024-08-27,507.77,Partial
9418,2731,2024-03-21,1930.2,Partial
9419,187,2023-03-09,998.9,Full
9420,4475,2024-12-05,328.6,Minimum
9421,2974,2023-02-17,1979.07,Full
9422,4708,2022-09-20,1603.77,Full
9423,3345,2022-06-30,807.76,Minimum
9424,191,2022-10-23,1235.86,Minimum
9425,3851,2022-12-09,1968.18,Full
9426,3497,2023-06-10,1045.6,Partial
9427,2219,2023-04-14,1277.29,Full
9428,4456,2024-06-21,858.72,Partial
9429,2234,2023-05-18,1871.03,Partial
9430,3944,2024-02-22,1812.19,Partial
9431,1305,2022-02-06,1932.08,Partial
9432,1708,2024-10-22,482.38,Full
9433,501,2023-12-29,949.57,Full
9434,4629,2024-12-23,1335.51,Full
9435,2265,2023-04-27,1587.94,Minimum
9436,4114,2022-02-05,1911.86,Partial
9437,369,2023-11-26,779.06,Minimum
9438,811,2022-12-01,487.96,Full
9439,875,2022-09-27,1258.19,Partial
9440,3573,2023-10-05,1999.17,Full
9441,2213,2023-02-02,358.42,Partial
9442,654,2024-07-25,267.24,Full
9443,809,2022-07-13,1902.3,Minimum
9444,4626,2024-08-16,433.02,Partial
9445,4477,2024-01-02,967.47,Full
9446,2768,2023-03-29,1127.66,Full
9447,1442,2023-03-23,1724.44,Minimum
9448,4280,2022-01-24,1380.68,Full
9449,614,2022-02-17,992.0,Full
9450,784,2024-01-01,1420.19,Partial
9451,543,2022-06-24,1422.0,Partial
9452,4602,2022-08-12,1301.97,Partial
9453,704,2023-10-31,1780.98,Full
9454,3468,2024-04-09,335.07,Minimum
9455,220,2022-07-23,634.41,Full
9456,2413,2023-03-21,620.88,Minimum
9457,619,2022-07-20,1931.53,Minimum
9458,4482,2024-06-27,627.84,Partial
9459,786,2024-03-02,361.49,Partial
9460,494,2023-08-14,831.25,Full
9461,1904,2024-07-13,969.37,Partial
9462,1289,2024-12-19,1782.01,Partial
9463,1248,2022-03-04,1468.64,Partial
9464,3985,2024-02-15,1103.42,Full
9465,1960,2024-03-02,1020.76,Minimum
9466,3326,2024-02-08,121.81,Minimum
9467,1965,2024-11-03,271.23,Minimum
9468,177,2023-08-21,166.0,Partial
9469,1733,2022-03-11,1946.08,Full
9470,4956,2024-09-04,1792.8,Partial
9471,2301,2023-09-15,1029.19,Partial
9472,4408,2024-10-09,244.41,Partial
9473,427,2022-03-22,1993.12,Partial
9474,4275,2022-08-21,518.34,Minimum
9475,359,2023-02-14,1352.66,Full
9476,1701,2022-09-19,332.99,Partial
9477,4063,2023-10-30,1695.63,Minimum
9478,3590,2024-10-04,871.53,Full
9479,1107,2023-03-27,1755.2,Full
9480,1870,2024-07-18,1054.92,Full
9481,999,2023-10-12,488.56,Full
9482,698,2023-11-18,353.67,Full
9483,3681,2023-03-25,222.57,Minimum
9484,2608,2023-06-08,456.55,Minimum
9485,2467,2024-05-23,1478.09,Partial
9486,1692,2023-08-31,180.85,Partial
9487,1239,2024-10-29,408.5,Minimum
9488,4165,2022-11-22,323.56,Partial
9489,2501,2024-10-03,617.04,Full
9490,686,2024-12-29,1140.23,Partial
9491,3436,2024-04-17,245.9,Minimum
9492,4270,2022-10-13,785.72,Full
9493,4200,2023-07-13,1624.81,Partial
9494,607,2024-05-20,92.24,Minimum
9495,2304,2022-05-10,699.43,Minimum
9496,7,2022-07-20,174.46,Minimum
9497,4860,2022-09-20,1438.05,Minimum
9498,602,2024-12-13,1943.28,Partial
9499,3906,2023-01-09,134.16,Partial
9500,1238,2023-09-15,1117.84,Partial
9501,991,2023-08-23,340.12,Minimum
9502,4461,2024-04-26,1851.53,Minimum
9503,3313,2024-07-11,32.45,Minimum
9504,1157,2022-02-24,766.81,Partial
9505,1362,2024-09-17,1452.01,Full
9506,2033,2023-03-04,1333.27,Minimum
9507,2276,2023-09-18,881.31,Partial
9508,4150,2023-11-25,1039.35,Full
9509,1686,2022-12-03,312.68,Full
9510,3304,2024-01-18,335.26,Partial
9511,445,2023-03-15,1566.05,Minimum
9512,898,2022-02-12,906.87,Full
9513,2804,2022-10-03,819.07,Partial
9514,782,2022-11-01,246.11,Full
9515,577,2022-09-21,1507.08,Partial
9516,701,2024-02-05,1063.95,Partial
9517,3744,2024-11-24,1255.11,Minimum
9518,3021,2024-12-17,621.18,Full
9519,3109,2023-10-24,382.69,Partial
9520,1185,2024-01-10,1301.79,Partial
9521,1441,2024-06-13,1092.63,Minimum
9522,1961,2024-02-05,106.03,Partial
9523,2797,2023-02-12,121.95,Minimum
9524,3885,2024-05-15,1942.38,Partial
9525,3045,2022-11-24,658.04,Partial
9526,1528,2023-04-18,1888.72,Minimum
9527,2187,2023-03-08,1151.12,Minimum
9528,164,2024-03-17,386.06,Full
9529,3145,2024-09-13,882.94,Partial
9530,2269,2023-08-21,1499.01,Minimum
9531,3669,2023-07-22,1898.93,Minimum
9532,946,2022-09-16,1934.09,Full
9533,2226,2022-10-07,553.9,Partial
9534,2305,2023-08-17,416.69,Minimum
9535,4460,2022-12-21,1205.11,Minimum
9536,142,2022-03-21,186.78,Minimum
9537,4227,2024-04-21,1378.63,Minimum
9538,4645,2023-10-02,1188.76,Partial
9539,153,2024-03-30,622.18,Minimum
9540,2177,2024-10-03,439.19,Full
9541,4815,2022-02-28,1993.83,Full
9542,438,2024-02-18,817.76,Full
9543,1986,2023-04-10,1278.14,Minimum
9544,4740,2022-01-16,1473.66,Full
9545,3978,2022-06-05,1834.46,Full
9546,2334,2022-12-07,1432.84,Partial
9547,2952,2022-11-21,1771.47,Minimum
9548,1136,2023-07-18,643.13,Full
9549,4431,2024-04-25,158.04,Partial
9550,1195,2024-02-14,919.24,Minimum
9551,4229,2024-08-31,1638.74,Minimum
9552,1213,2023-08-13,1108.97,Partial
9553,1756,2022-02-08,1231.32,Minimum
9554,4636,2024-03-07,1056.5,Partial
9555,2502,2023-12-01,75.05,Partial
9556,2572,2022-08-31,706.17,Minimum
9557,435,2023-04-10,1283.85,Partial
9558,865,2023-07-06,695.24,Partial
9559,3171,2022-07-05,1972.17,Full
9560,1718,2024-04-13,281.16,Partial
9561,2240,2024-11-17,1468.63,Partial
9562,3669,2024-09-12,1765.28,Minimum
9563,2087,2023-09-02,1310.43,Full
9564,2265,2022-12-20,579.32,Minimum
9565,827,2022-01-17,142.01,Minimum
9566,81,2023-05-31,1574.42,Partial
9567,1456,2024-07-28,329.07,Full
9568,2776,2023-02-27,1362.15,Full
9569,1090,2023-11-04,995.71,Minimum
9570,4592,2024-08-23,1742.1,Full
9571,2203,2022-01-13,908.03,Partial
9572,1746,2023-12-28,748.74,Full
9573,1339,2023-11-04,873.14,Minimum
9574,1158,2024-10-29,469.6,Partial
9575,2786,2022-03-05,1996.12,Minimum
9576,3388,2024-06-14,1308.74,Partial
9577,492,2023-01-03,94.08,Minimum
9578,2049,2024-01-17,685.18,Partial
9579,1300,2024-07-21,692.68,Full
9580,3040,2023-07-29,607.4,Full
9581,2013,2022-05-05,1122.38,Minimum
9582,2458,2024-10-21,810.73,Full
9583,2140,2022-05-11,1833.81,Minimum
9584,2496,2024-12-07,576.8,Minimum
9585,3796,2023-03-21,1619.66,Partial
9586,4745,2023-01-02,1522.85,Minimum
9587,3040,2023-05-12,1779.42,Minimum
9588,4129,2024-04-09,799.31,Minimum
9589,3475,2024-10-29,271.16,Partial
9590,4287,2024-07-06,1726.28,Partial
9591,1985,2022-07-01,781.67,Full
9592,60,2024-04-25,737.79,Minimum
9593,1031,2023-01-11,214.47,Partial
9594,691,2023-08-19,1654.37,Minimum
9595,570,2022-10-04,1570.29,Full
9596,2695,2024-10-12,68.14,Minimum
9597,2088,2022-02-28,1477.82,Minimum
9598,3100,2022-09-14,424.65,Minimum
9599,2861,2022-10-14,1665.78,Minimum
9600,3254,2022-10-12,71.43,Full
9601,2212,2022-11-27,621.55,Minimum
9602,1624,2023-09-15,230.69,Minimum
9603,1353,2022-05-02,1366.19,Minimum
9604,1745,2023-12-04,1389.77,Minimum
9605,30,2022-09-06,1509.28,Minimum
9606,4284,2022-09-05,1087.99,Full
9607,3500,2024-02-29,970.93,Partial
9608,2183,2024-12-19,1945.78,Partial
9609,3006,2022-12-02,1100.55,Full
9610,4655,2024-08-17,1697.03,Minimum
9611,777,2024-01-03,689.99,Partial
9612,2989,2022-12-06,1109.84,Full
9613,3752,2022-04-18,247.03,Full
9614,1519,2023-08-07,1035.03,Full
9615,1173,2022-11-05,1942.46,Partial
9616,1461,2024-11-20,641.16,Partial
9617,576,2024-01-20,28.1,Partial
9618,1081,2023-09-26,1746.93,Full
9619,4869,2024-06-04,936.64,Minimum
9620,3481,2024-03-01,152.28,Partial
9621,1225,2023-05-26,1314.38,Minimum
9622,4683,2022-08-25,1572.4,Minimum
9623,4406,2023-09-01,1045.95,Partial
9624,922,2022-04-14,270.78,Full
9625,2457,2022-05-29,1890.58,Partial
9626,3939,2022-10-16,558.14,Minimum
9627,3897,2023-12-31,1390.6,Minimum
9628,2935,2022-10-12,1505.94,Minimum
9629,3481,2023-09-05,935.34,Minimum
9630,805,2024-03-05,1681.42,Minimum
9631,3589,2024-05-25,1025.55,Minimum
9632,4458,2023-03-28,460.23,Full
9633,2437,2024-12-18,1412.12,Partial
9634,4588,2024-02-23,1033.55,Partial
9635,4804,2023-12-21,1475.61,Partial
9636,368,2022-06-05,997.79,Full
9637,177,2024-11-06,1764.78,Partial
9638,2984,2022-04-12,1989.77,Full
9639,3395,2023-10-10,1304.46,Minimum
9640,2603,2022-06-01,1593.44,Partial
9641,122,2022-08-25,117.19,Full
9642,4637,2022-04-17,338.73,Partial
9643,4669,2022-07-01,203.07,Minimum
9644,1721,2024-06-01,1170.87,Partial
9645,1427,2024-07-12,524.83,Partial
9646,251,2022-08-03,796.77,Full
9647,3185,2022-04-10,911.63,Minimum
9648,3829,2023-09-26,1038.29,Full
9649,3938,2023-07-22,1781.67,Minimum
9650,2253,2022-02-01,698.81,Full
9651,430,2022-05-03,449.63,Partial
9652,427,2023-06-14,280.51,Partial
9653,2797,2023-07-03,529.04,Minimum
9654,1692,2023-04-09,1326.2,Minimum
9655,651,2022-08-13,1754.33,Partial
9656,3010,2023-05-26,375.92,Minimum
9657,4807,2022-07-11,1900.88,Minimum
9658,1570,2024-09-16,178.66,Full
9659,683,2023-12-19,748.76,Full
9660,2672,2024-02-25,924.4,Full
9661,4233,2022-06-12,137.27,Full
9662,3285,2024-05-28,1810.18,Minimum
9663,2276,2022-12-15,621.7,Minimum
9664,504,2024-07-14,1268.56,Full
9665,3720,2023-10-23,346.52,Partial
9666,4943,2024-04-09,1785.58,Full
9667,568,2022-12-07,1705.13,Full
9668,2309,2024-09-15,306.28,Minimum
9669,2517,2022-07-31,1118.32,Partial
9670,2705,2022-06-24,335.32,Minimum
9671,2270,2024-12-28,1824.89,Minimum
9672,4450,2022-04-19,984.78,Full
9673,2180,2024-05-07,239.17,Minimum
9674,2412,2023-01-19,871.84,Minimum
9675,3333,2023-10-21,649.18,Partial
9676,2278,2024-08-12,640.06,Full
9677,3210,2022-03-19,830.04,Partial
9678,1920,2024-03-23,1192.14,Full
9679,164,2022-09-17,1400.76,Minimum
9680,1059,2024-03-21,373.27,Full
9681,408,2022-05-09,585.12,Partial
9682,840,2022-07-01,478.78,Full
9683,1607,2022-12-02,1962.77,Minimum
9684,585,2023-08-23,1719.92,Full
9685,2575,2023-04-04,1482.11,Partial
9686,3186,2023-10-22,443.02,Full
9687,4317,2024-06-20,965.65,Minimum
9688,3148,2022-11-13,807.9,Minimum
9689,2180,2024-02-12,919.65,Full
9690,4182,2024-09-23,1966.23,Minimum
9691,1499,2023-01-16,1442.58,Full
9692,626,2022-02-26,750.48,Partial
9693,2852,2024-06-22,180.18,Full
9694,3319,2023-10-20,619.16,Minimum
9695,3206,2023-02-24,200.22,Minimum
9696,990,2024-08-14,1565.69,Full
9697,3158,2023-05-23,263.7,Minimum
9698,1270,2024-01-04,306.98,Minimum
9699,4807,2022-03-19,658.5,Minimum
9700,1275,2024-11-06,1376.6,Full
9701,1276,2024-06-26,327.52,Minimum
9702,2929,2022-09-14,829.02,Full
9703,2992,2023-09-09,428.51,Partial
9704,2267,2023-10-18,1516.31,Partial
9705,3458,2023-01-23,713.33,Minimum
9706,162,2024-03-22,855.33,Partial
9707,4259,2023-03-19,1464.93,Partial
9708,2400,2024-05-01,889.08,Full
9709,228,2024-02-25,838.82,Full
9710,2081,2022-04-29,241.41,Full
9711,1930,2023-12-22,658.01,Partial
9712,2880,2023-09-06,1645.02,Partial
9713,1735,2024-03-01,1176.72,Full
9714,2309,2022-10-04,554.2,Minimum
9715,4000,2023-09-21,1760.54,Full
9716,3692,2022-03-01,1754.77,Minimum
9717,4723,2023-11-09,930.98,Minimum
9718,2699,2024-12-03,1165.79,Partial
9719,1373,2024-08-07,497.51,Minimum
9720,4228,2022-02-25,1510.5,Full
9721,2275,2023-07-11,332.46,Minimum
9722,4536,2023-11-17,1473.72,Partial
9723,946,2024-11-23,190.91,Minimum
9724,2767,2023-12-18,1532.58,Minimum
9725,1806,2023-05-20,424.51,Full
9726,1993,2024-05-21,1853.59,Partial
9727,1021,2024-08-30,910.5,Partial
9728,305,2023-07-10,1239.85,Minimum
9729,1897,2024-01-03,1622.45,Full
9730,2716,2024-05-21,107.59,Partial
9731,1762,2024-03-31,1529.77,Minimum
9732,4307,2024-10-23,543.48,Minimum
9733,123,2023-05-17,435.21,Partial
9734,2267,2022-12-14,1552.43,Minimum
9735,837,2022-09-16,963.38,Full
9736,492,2022-09-06,1784.79,Partial
9737,1683,2023-10-27,399.23,Full
9738,4739,2024-10-15,1290.58,Minimum
9739,4230,2024-04-16,1256.14,Partial
9740,800,2022-04-24,1658.44,Minimum
9741,177,2024-03-19,1365.82,Minimum
9742,1024,2024-03-03,627.16,Partial
9743,4525,2023-10-29,1202.48,Full
9744,1241,2022-09-06,1742.14,Full
9745,3766,2022-09-14,1708.44,Full
9746,4447,2024-05-19,1738.01,Full
9747,451,2024-11-06,1078.15,Full
9748,2425,2023-11-17,1532.21,Partial
9749,390,2024-08-03,474.46,Minimum
9750,3499,2023-10-23,1886.84,Partial
9751,2408,2024-09-25,1080.96,Partial
9752,4788,2022-12-12,1310.78,Full
9753,2152,2024-06-28,1184.88,Minimum
9754,3057,2023-08-22,278.14,Minimum
9755,895,2022-11-14,1690.16,Full
9756,2775,2024-03-05,704.44,Partial
9757,4644,2024-01-29,1889.78,Partial
9758,1016,2024-05-04,131.68,Minimum
9759,4652,2022-10-19,274.29,Full
9760,4505,2022-11-14,516.39,Partial
9761,368,2024-02-08,852.42,Minimum
9762,4500,2023-01-05,909.71,Partial
9763,1513,2024-12-23,139.56,Partial
9764,1102,2024-05-16,255.0,Minimum
9765,3357,2024-10-27,472.67,Partial
9766,109,2023-11-15,1371.43,Minimum
9767,201,2023-11-22,280.13,Partial
9768,1124,2024-02-10,1486.28,Minimum
9769,4480,2022-04-25,1286.89,Full
9770,3756,2024-05-16,1046.5,Partial
9771,4506,2023-07-04,994.82,Minimum
9772,2987,2023-07-19,1275.42,Minimum
9773,1774,2024-09-23,1056.92,Minimum
9774,1609,2023-09-25,90.46,Partial
9775,4298,2023-05-28,1215.75,Partial
9776,1521,2022-04-06,337.44,Full
9777,3046,2023-04-22,1720.26,Minimum
9778,3829,2024-12-27,35.56,Partial
9779,4918,2024-11-07,169.28,Full
9780,211,2023-12-03,1401.47,Partial
9781,3792,2022-12-24,1795.8,Minimum
9782,4478,2024-04-15,1819.95,Partial
9783,4784,2022-01-16,1192.94,Minimum
9784,3662,2023-02-19,1600.27,Partial
9785,1416,2022-02-02,874.81,Partial
9786,947,2024-09-27,1093.2,Full
9787,3259,2022-02-21,1800.45,Full
9788,1909,2024-08-17,1059.46,Minimum
9789,625,2022-10-02,1523.85,Minimum
9790,4297,2022-10-01,944.48,Minimum
9791,4462,2023-06-01,904.49,Minimum
9792,1667,2022-05-25,619.25,Partial
9793,1289,2022-03-20,1264.4,Minimum
9794,4887,2022-09-24,1753.98,Minimum
9795,3467,2024-04-27,555.46,Minimum
9796,3597,2024-10-09,606.48,Partial
9797,1227,2024-01-19,25.17,Full
9798,2391,2024-04-04,565.56,Minimum
9799,1471,2024-06-09,1889.18,Minimum
9800,270,2023-09-24,1591.25,Partial
9801,3033,2022-11-30,1590.0,Full
9802,3021,2022-11-26,1709.36,Partial
9803,3524,2023-09-06,1826.26,Minimum
9804,259,2024-08-07,594.0,Partial
9805,3849,2023-12-20,1069.19,Partial
9806,2367,2023-02-02,595.52,Minimum
9807,2102,2023-05-11,1125.77,Full
9808,13,2023-03-08,817.48,Minimum
9809,2521,2022-03-02,1930.52,Minimum
9810,4804,2024-07-25,1700.36,Partial
9811,3891,2023-08-10,1713.36,Minimum
9812,101,2024-07-29,72.02,Minimum
9813,304,2024-05-24,1864.14,Full
9814,1052,2022-09-12,1885.67,Full
9815,2267,2022-05-17,1732.81,Full
9816,3169,2024-10-02,1628.68,Minimum
9817,587,2022-08-21,205.7,Minimum
9818,239,2023-11-23,1081.99,Minimum
9819,344,2024-06-04,1415.16,Full
9820,4417,2024-04-03,689.1,Full
9821,1805,2023-11-25,227.67,Full
9822,3139,2023-04-03,142.65,Full
9823,2574,2024-12-29,586.07,Minimum
9824,4903,2023-07-20,256.27,Partial
9825,2353,2023-08-31,1880.2,Minimum
9826,1580,2024-06-02,1701.68,Minimum
9827,1468,2022-12-27,1150.16,Full
9828,1283,2024-05-07,93.86,Minimum
9829,3501,2023-12-14,615.74,Partial
9830,1982,2024-09-01,157.15,Full
9831,4728,2023-06-07,433.15,Full
9832,2693,2023-03-27,1414.6,Full
9833,3262,2022-10-01,1612.96,Full
9834,3563,2023-12-05,1065.86,Partial
9835,4821,2023-12-20,503.8,Partial
9836,3768,2023-06-10,1293.36,Minimum
9837,514,2024-12-03,1798.26,Partial
9838,3156,2024-01-22,502.86,Partial
9839,3811,2022-09-11,83.12,Partial
9840,4306,2023-12-05,574.21,Partial
9841,4324,2023-12-23,1450.55,Minimum
9842,623,2024-08-13,650.28,Minimum
9843,962,2024-03-28,1829.03,Minimum
9844,2906,2024-05-05,340.19,Minimum
9845,3305,2022-12-20,1570.78,Partial
9846,4865,2023-01-08,963.3,Full
9847,4016,2022-08-26,293.39,Full
9848,4190,2024-04-05,1466.71,Partial
9849,1344,2024-04-30,42.61,Minimum
9850,417,2024-04-06,1266.43,Partial
9851,2076,2023-09-19,1751.07,Partial
9852,779,2024-03-04,43.63,Minimum
9853,1452,2023-01-09,1292.25,Partial
9854,4115,2023-10-21,81.95,Partial
9855,4016,2023-11-15,1699.95,Partial
9856,1962,2023-11-24,1751.92,Partial
9857,1668,2023-06-22,1528.21,Full
9858,809,2024-05-17,605.74,Minimum
9859,1192,2022-04-21,669.69,Full
9860,703,2023-04-29,548.77,Partial
9861,918,2023-11-13,1713.8,Partial
9862,2124,2024-06-06,600.35,Partial
9863,1693,2024-03-23,1275.67,Full
9864,1827,2024-02-20,1251.65,Minimum
9865,4009,2024-11-12,567.33,Full
9866,1947,2024-04-04,1665.28,Partial
9867,4862,2022-03-13,1185.82,Minimum
9868,3116,2023-08-14,654.81,Minimum
9869,4591,2022-11-03,757.24,Partial
9870,4785,2023-11-18,1582.32,Full
9871,1215,2024-01-26,974.55,Full
9872,4131,2022-07-17,1549.35,Partial
9873,4193,2022-03-07,969.72,Partial
9874,1596,2022-07-20,70.7,Minimum
9875,2357,2023-02-20,554.62,Minimum
9876,733,2024-03-04,753.06,Minimum
9877,1506,2024-03-23,1842.59,Partial
9878,2460,2024-03-13,1928.39,Full
9879,3182,2023-05-24,1161.37,Full
9880,1557,2022-03-14,328.86,Partial
9881,4510,2023-11-04,1435.85,Full
9882,4356,2024-08-31,745.47,Partial
9883,4355,2024-07-19,152.65,Partial
9884,358,2022-07-07,1399.07,Minimum
9885,685,2023-11-27,708.23,Full
9886,4989,2022-05-20,610.56,Full
9887,384,2022-02-15,1940.87,Minimum
9888,3431,2024-01-23,144.4,Full
9889,4322,2022-09-03,1858.6,Partial
9890,2601,2022-06-18,1291.1,Full
9891,2995,2022-11-03,917.05,Partial
9892,2402,2022-11-06,885.2,Minimum
9893,4993,2022-12-16,238.76,Partial
9894,2612,2023-04-19,1606.46,Partial
9895,4517,2022-12-01,458.45,Partial
9896,3613,2022-10-14,1713.66,Partial
9897,4000,2023-04-07,1723.28,Minimum
9898,1002,2022-02-20,1590.27,Minimum
9899,3790,2023-08-27,1975.78,Minimum
9900,659,2022-09-02,1457.01,Minimum
9901,3130,2024-04-16,1742.4,Full
9902,1908,2024-04-08,1296.78,Minimum
9903,1952,2022-04-30,1994.08,Partial
9904,3204,2022-08-21,727.83,Full
9905,1211,2022-01-26,556.43,Full
9906,1744,2022-07-31,1117.18,Partial
9907,1368,2024-08-26,1079.07,Minimum
9908,3417,2023-06-03,1031.93,Minimum
9909,4845,2022-05-12,347.94,Partial
9910,1849,2023-01-26,582.28,Full
9911,1301,2024-12-02,360.77,Partial
9912,359,2023-12-15,453.72,Minimum
9913,2785,2022-06-06,1816.2,Minimum
9914,1388,2023-11-12,83.37,Partial
9915,3997,2024-07-25,1671.97,Partial
9916,4831,2024-10-07,338.88,Full
9917,1054,2024-07-06,678.93,Minimum
9918,2815,2024-04-08,1267.99,Full
9919,2633,2023-10-14,1926.71,Full
9920,792,2023-07-16,1632.41,Minimum
9921,12,2023-11-21,1922.89,Partial
9922,333,2024-09-23,1977.87,Minimum
9923,1182,2024-10-09,1561.06,Full
9924,3198,2023-08-08,191.88,Minimum
9925,4571,2023-04-15,42.42,Partial
9926,4414,2022-05-31,1909.98,Partial
9927,591,2022-01-05,1419.81,Full
9928,882,2024-04-24,391.12,Minimum
9929,1812,2024-05-13,1379.71,Full
9930,3541,2022-12-07,950.07,Full
9931,1619,2022-04-15,60.36,Minimum
9932,3245,2024-06-29,621.12,Partial
9933,1265,2023-07-18,550.88,Partial
9934,3219,2023-04-16,1308.94,Full
9935,4633,2022-05-08,1541.2,Partial
9936,2098,2022-01-01,1993.08,Full
9937,2718,2023-02-24,1190.06,Minimum
9938,841,2022-04-30,863.88,Minimum
9939,4495,2022-05-04,1713.74,Partial
9940,2609,2022-10-02,1271.31,Partial
9941,4298,2024-08-30,831.3,Full
9942,4020,2023-11-15,1410.62,Minimum
9943,1824,2022-12-18,1560.73,Minimum
9944,7,2023-02-22,1738.21,Minimum
9945,1341,2022-12-08,492.61,Full
9946,2657,2023-10-14,474.83,Full
9947,3345,2024-04-20,457.53,Full
9948,4808,2022-08-07,1241.46,Minimum
9949,38,2023-03-28,132.87,Partial
9950,1899,2022-07-26,1652.13,Minimum
9951,411,2022-10-30,1740.49,Partial
9952,900,2022-03-25,1955.79,Full
9953,4434,2024-08-28,1538.99,Full
9954,3754,2022-12-31,299.4,Full
9955,4446,2022-01-18,1779.23,Full
9956,675,2023-01-18,1053.72,Minimum
9957,4427,2022-06-17,1932.78,Full
9958,2147,2024-04-13,1164.06,Minimum
9959,1920,2024-02-02,1079.36,Minimum
9960,2823,2022-03-07,123.26,Full
9961,3557,2024-03-05,696.34,Partial
9962,3224,2024-09-07,1873.75,Partial
9963,4123,2022-03-24,1208.14,Full
9964,253,2023-06-06,707.05,Full
9965,3862,2022-01-16,769.95,Full
9966,4291,2023-03-29,1277.6,Minimum
9967,2298,2022-02-15,1345.89,Full
9968,1422,2023-03-24,1351.15,Partial
9969,941,2022-04-06,208.76,Partial
9970,4429,2023-10-05,1170.49,Full
9971,3471,2022-11-08,1243.74,Partial
9972,569,2024-08-27,559.99,Minimum
9973,75,2022-03-19,817.52,Minimum
9974,3776,2023-12-02,370.85,Full
9975,275,2024-11-06,366.4,Minimum
9976,4618,2023-01-11,225.3,Minimum
9977,3426,2023-03-25,873.1,Partial
9978,4920,2023-11-06,1304.42,Partial
9979,4945,2023-05-28,1875.7,Minimum
9980,4289,2022-11-20,1228.62,Partial
9981,3911,2023-09-28,1040.8,Partial
9982,587,2023-05-07,1836.13,Partial
9983,1249,2022-04-10,811.76,Full
9984,3225,2022-06-06,1004.51,Full
9985,2409,2022-02-16,923.25,Minimum
9986,2485,2023-10-22,773.74,Minimum
9987,1970,2023-04-27,1336.29,Partial
9988,2828,2023-05-12,1721.0,Minimum
9989,3617,2022-11-01,1865.71,Partial
9990,3316,2023-12-21,1122.23,Partial
9991,670,2024-02-22,1560.59,Partial
9992,2099,2024-06-25,1233.61,Partial
9993,1943,2023-10-13,683.76,Partial
9994,1709,2022-10-06,1637.7,Minimum
9995,2718,2023-07-01,1887.24,Full
9996,2832,2022-04-11,393.81,Minimum
9997,4077,2023-05-16,1670.83,Full
9998,4519,2023-07-06,1270.09,Partial
9999,2413,2024-07-18,1821.84,Partial
10000,4949,2022-12-12,1346.07,Partial
10001,4233,2024-04-07,1926.99,Minimum
10002,448,2022-12-13,392.97,Minimum
10003,2989,2022-02-01,482.22,Full
10004,421,2022-09-14,743.99,Minimum
10005,4178,2023-07-02,1492.22,Partial
10006,639,2024-01-19,681.01,Partial
10007,633,2023-01-08,223.89,Full
10008,1188,2024-10-13,544.89,Full
10009,326,2024-04-06,1571.24,Partial
10010,2900,2023-10-03,1953.99,Partial
10011,3475,2023-09-10,370.04,Full
10012,3717,2024-07-29,1855.65,Minimum
10013,3120,2022-06-13,30.35,Full
10014,4921,2023-12-12,1042.81,Partial
10015,1725,2024-09-01,191.16,Minimum
10016,1391,2023-12-03,1958.22,Partial
10017,458,2022-08-23,1141.53,Full
10018,64,2023-06-28,635.29,Partial
10019,3211,2024-12-23,1876.74,Minimum
10020,4064,2024-06-27,1107.45,Partial
10021,273,2024-10-23,1979.0,Full
10022,3732,2023-02-04,1207.23,Full
10023,236,2022-03-10,1977.01,Partial
10024,222,2022-01-10,1429.32,Full
10025,1680,2022-01-05,1595.65,Partial
10026,3284,2023-08-12,1015.3,Full
10027,362,2024-09-22,1330.22,Minimum
10028,35,2024-11-23,80.66,Minimum
10029,2519,2022-04-14,241.87,Full
10030,3238,2022-06-29,246.0,Partial
10031,213,2022-05-22,901.97,Full
10032,177,2024-09-12,1490.56,Partial
10033,2925,2023-07-04,1649.54,Full
10034,1147,2024-04-15,1928.88,Minimum
10035,4822,2023-11-15,238.25,Partial
10036,4166,2023-03-04,1209.93,Minimum
10037,4564,2024-11-04,757.15,Partial
10038,1194,2023-12-09,454.62,Minimum
10039,788,2023-03-05,1454.2,Full
10040,4173,2022-11-05,661.01,Partial
10041,4395,2022-04-24,480.05,Full
10042,417,2022-01-05,1230.54,Full
10043,2299,2024-04-19,1391.82,Partial
10044,984,2023-11-15,45.18,Full
10045,2800,2023-12-17,1059.27,Minimum
10046,4451,2022-01-08,418.94,Full
10047,4522,2023-05-09,657.42,Minimum
10048,2274,2024-12-06,1498.57,Minimum
10049,352,2024-04-15,1307.01,Partial
10050,3344,2022-05-10,1107.1,Full
10051,4384,2024-04-19,1268.3,Partial
10052,3447,2024-12-29,1191.34,Partial
10053,3038,2022-08-10,568.48,Minimum
10054,1477,2024-01-31,1358.92,Minimum
10055,3249,2024-10-02,526.62,Full
10056,679,2022-07-17,1800.9,Minimum
10057,1148,2023-03-02,345.36,Full
10058,3412,2023-11-30,1734.62,Full
10059,3686,2023-12-16,1038.59,Full
10060,110,2022-08-02,1417.83,Minimum
10061,63,2022-01-10,79.08,Partial
10062,3293,2024-04-08,1689.7,Partial
10063,4391,2024-10-06,1747.87,Partial
10064,2494,2022-08-25,623.63,Full
10065,3436,2024-10-07,1397.2,Partial
10066,1062,2022-01-25,54.04,Partial
10067,3396,2022-06-23,1620.43,Minimum
10068,2984,2024-09-14,1760.98,Minimum
10069,4880,2023-09-19,907.48,Minimum
10070,1151,2022-06-07,90.78,Full
10071,1524,2022-03-24,574.09,Full
10072,1142,2023-06-21,1391.33,Minimum
10073,2306,2023-04-12,655.12,Full
10074,281,2023-10-07,1597.76,Minimum
10075,1851,2023-08-03,70.39,Partial
10076,4480,2022-06-27,1667.96,Full
10077,653,2024-01-03,1966.45,Full
10078,1623,2023-10-23,1133.61,Partial
10079,2180,2022-07-16,574.08,Full
10080,374,2024-09-13,139.44,Minimum
10081,685,2024-02-15,253.29,Minimum
10082,3206,2023-04-04,1841.84,Minimum
10083,3032,2023-03-10,1317.63,Minimum
10084,4156,2023-04-20,266.83,Minimum
10085,3357,2023-01-17,684.94,Partial
10086,2262,2022-07-20,1259.32,Full
10087,3106,2025-01-01,647.12,Full
10088,753,2024-09-11,1771.33,Minimum
10089,2165,2024-10-13,115.21,Minimum
10090,1216,2023-06-13,1730.01,Minimum
10091,4197,2023-11-15,194.09,Full
10092,4756,2024-07-22,1506.47,Partial
10093,4901,2024-08-21,286.18,Full
10094,4282,2024-05-28,1011.52,Partial
10095,2855,2022-07-12,865.12,Full
10096,4308,2022-04-18,1198.89,Full
10097,3426,2024-02-12,1995.1,Partial
10098,1176,2022-05-13,1527.28,Partial
10099,3980,2023-05-10,316.14,Partial
10100,396,2023-09-16,1015.38,Full
10101,1600,2023-11-22,571.89,Full
10102,2330,2024-11-14,1116.98,Partial
10103,1396,2024-07-29,266.62,Minimum
10104,3739,2022-09-06,1496.91,Partial
10105,376,2023-05-23,1651.45,Minimum
10106,407,2023-06-27,319.51,Minimum
10107,317,2023-11-18,1857.36,Minimum
10108,4852,2024-04-08,1783.99,Partial
10109,3199,2024-04-09,1632.59,Full
10110,416,2023-03-28,1459.86,Full
10111,1860,2023-01-08,1395.54,Full
10112,301,2022-12-27,500.08,Partial
10113,353,2024-10-23,1673.23,Full
10114,4412,2022-12-19,1124.98,Minimum
10115,2038,2022-04-28,673.7,Minimum
10116,4105,2022-04-08,321.7,Partial
10117,3088,2023-03-29,1469.69,Minimum
10118,1176,2024-07-30,375.22,Full
10119,4850,2024-11-18,1888.0,Full
10120,4016,2022-04-08,1893.93,Minimum
10121,1468,2022-01-13,1524.27,Full
10122,2838,2022-05-24,1510.04,Full
10123,3570,2022-11-20,937.64,Full
10124,2672,2022-05-17,1982.94,Full
10125,4277,2023-01-02,666.3,Partial
10126,2190,2023-04-09,1399.91,Minimum
10127,4812,2024-09-22,1331.6,Full
10128,4503,2022-02-02,542.94,Full
10129,3164,2023-09-22,1175.64,Partial
10130,4492,2024-06-02,858.42,Partial
10131,428,2023-11-25,1342.8,Partial
10132,1605,2023-12-21,1023.05,Minimum
10133,3958,2024-06-25,554.18,Full
10134,2208,2022-07-24,344.23,Partial
10135,853,2023-07-11,498.21,Full
10136,1951,2024-10-02,1187.13,Minimum
10137,296,2024-11-25,377.25,Full
10138,4606,2024-07-15,518.77,Minimum
10139,2102,2024-07-10,195.44,Partial
10140,4521,2022-09-09,1791.59,Minimum
10141,1202,2024-11-04,67.68,Partial
10142,153,2024-09-06,357.1,Partial
10143,2586,2024-10-01,1505.77,Minimum
10144,3752,2024-02-28,411.09,Partial
10145,1729,2024-09-02,1288.26,Partial
10146,3970,2024-02-14,330.28,Minimum
10147,2072,2023-11-07,1127.86,Minimum
10148,732,2022-10-14,1592.85,Full
10149,1575,2022-01-13,96.01,Partial
10150,42,2022-04-28,1825.46,Full
10151,303,2024-01-05,218.16,Partial
10152,1421,2022-11-07,965.76,Full
10153,71,2022-05-20,1928.58,Minimum
10154,2893,2023-07-04,231.66,Full
10155,212,2023-03-05,1149.95,Full
10156,4230,2023-05-14,578.28,Minimum
10157,2599,2024-03-25,1632.06,Partial
10158,3564,2024-05-18,1243.1,Full
10159,3378,2023-08-30,1357.9,Minimum
10160,3655,2023-02-15,1839.83,Partial
10161,4435,2022-03-20,843.26,Partial
10162,1153,2022-01-11,1894.82,Full
10163,3604,2024-09-16,915.94,Minimum
10164,1149,2022-10-29,510.23,Partial
10165,1904,2022-05-01,269.09,Full
10166,2173,2022-06-01,1060.21,Partial
10167,372,2023-11-17,1933.15,Minimum
10168,1804,2024-05-10,566.24,Minimum
10169,2603,2022-03-21,953.36,Full
10170,110,2022-08-26,1802.26,Minimum
10171,4572,2022-01-31,850.54,Full
10172,124,2022-09-20,746.91,Full
10173,4474,2024-02-11,1182.37,Partial
10174,1515,2023-06-19,1450.58,Partial
10175,1441,2024-07-14,1500.52,Full
10176,3375,2022-02-26,472.97,Full
10177,1911,2023-09-29,120.38,Minimum
10178,1238,2022-01-13,1794.48,Full
10179,4366,2024-09-16,1563.84,Minimum
10180,2471,2024-01-11,1114.65,Minimum
10181,381,2022-11-19,1899.25,Partial
10182,327,2024-05-02,1829.74,Minimum
10183,1194,2022-08-13,955.17,Partial
10184,2836,2023-06-04,1167.48,Partial
10185,1495,2023-04-07,1414.79,Full
10186,182,2022-07-11,1006.35,Full
10187,3451,2024-11-24,514.68,Full
10188,2765,2022-07-20,1423.47,Partial
10189,1949,2022-08-26,1188.83,Minimum
10190,3883,2022-09-24,1392.72,Partial
10191,3762,2022-07-18,779.59,Partial
10192,1646,2024-06-29,1304.36,Full
10193,2148,2022-11-14,922.84,Minimum
10194,3351,2022-02-28,299.59,Minimum
10195,2626,2023-04-29,97.3,Full
10196,2952,2022-02-26,1671.64,Partial
10197,1010,2023-07-08,1617.51,Partial
10198,1279,2023-06-08,205.23,Partial
10199,2632,2024-01-06,407.82,Partial
10200,728,2022-08-27,1300.68,Partial
10201,3865,2022-05-25,1196.32,Partial
10202,1101,2024-04-16,1093.31,Minimum
10203,4367,2024-11-17,413.16,Minimum
10204,299,2024-12-01,458.3,Partial
10205,2632,2023-06-12,891.26,Partial
10206,3054,2023-08-28,1406.81,Partial
10207,1569,2022-04-27,1276.57,Partial
10208,4571,2024-12-14,766.97,Partial
10209,977,2022-09-06,1447.82,Partial
10210,4748,2022-08-23,1227.35,Full
10211,1368,2022-06-18,244.82,Minimum
10212,3310,2023-07-01,1806.39,Partial
10213,1217,2023-01-13,1951.76,Full
10214,3216,2023-04-14,1304.33,Partial
10215,4909,2023-04-10,256.02,Minimum
10216,538,2024-02-18,445.88,Minimum
10217,4931,2024-11-17,354.57,Minimum
10218,1305,2022-07-20,647.02,Minimum
10219,2989,2022-03-10,1767.68,Full
10220,3389,2024-04-29,128.03,Partial
10221,2326,2023-12-29,183.33,Full
10222,676,2022-11-06,1730.85,Full
10223,3493,2023-03-05,1960.8,Full
10224,2226,2023-10-08,1820.35,Full
10225,727,2024-12-10,610.35,Partial
10226,2069,2023-09-06,277.12,Partial
10227,2101,2023-09-09,1606.02,Minimum
10228,4254,2023-08-29,1123.72,Partial
10229,2756,2023-11-27,1116.44,Minimum
10230,3352,2023-03-13,539.53,Partial
10231,2286,2023-04-07,1138.51,Full
10232,273,2024-09-06,587.35,Full
10233,4590,2023-08-18,873.12,Minimum
10234,4124,2023-08-12,868.76,Minimum
10235,1192,2022-11-24,1343.86,Minimum
10236,85,2024-04-25,1863.44,Full
10237,3619,2023-04-04,1276.45,Minimum
10238,2936,2022-02-17,662.0,Partial
10239,4403,2022-01-01,1816.85,Minimum
10240,1988,2022-08-09,587.55,Partial
10241,2512,2022-02-07,1320.63,Partial
10242,2678,2023-08-02,1189.53,Full
10243,2325,2024-10-04,253.58,Minimum
10244,4101,2024-02-08,999.52,Partial
10245,4932,2024-05-14,1359.07,Minimum
10246,3003,2024-01-14,1296.7,Partial
10247,3493,2022-04-23,1342.95,Minimum
10248,1495,2024-11-01,1730.81,Partial
10249,1711,2024-05-22,835.61,Full
10250,2410,2023-04-30,1676.23,Full
10251,819,2023-06-29,1836.03,Full
10252,2299,2023-09-15,1048.56,Partial
10253,3706,2024-08-01,1841.11,Partial
10254,858,2024-07-14,1800.78,Partial
10255,3926,2022-02-06,1677.4,Partial
10256,1426,2022-02-19,1285.04,Partial
10257,2912,2024-03-23,949.84,Full
10258,3461,2024-12-31,504.82,Full
10259,1486,2022-09-12,918.33,Minimum
10260,4133,2024-06-30,1827.85,Partial
10261,2555,2022-11-23,595.66,Full
10262,3005,2022-03-28,1718.02,Partial
10263,2629,2022-12-15,864.58,Minimum
10264,542,2024-07-13,1588.53,Partial
10265,191,2024-12-20,761.95,Partial
10266,2219,2023-01-07,211.73,Partial
10267,3706,2024-09-19,792.5,Partial
10268,2626,2022-02-26,1787.72,Partial
10269,1275,2024-06-13,937.77,Minimum
10270,1712,2024-11-23,774.34,Full
10271,4816,2022-08-19,1993.84,Partial
10272,703,2024-01-03,1069.45,Full
10273,4028,2023-10-30,82.03,Minimum
10274,2682,2024-11-25,250.34,Full
10275,2316,2023-10-05,633.74,Minimum
10276,827,2024-10-18,1700.82,Partial
10277,1472,2023-11-18,960.23,Partial
10278,2246,2024-03-17,115.77,Partial
10279,1378,2024-09-30,423.64,Partial
10280,4627,2023-05-07,281.98,Partial
10281,2445,2022-10-11,1562.15,Partial
10282,3655,2022-09-24,514.68,Partial
10283,4802,2024-02-10,857.46,Full
10284,2245,2023-03-30,1136.08,Minimum
10285,1623,2022-04-03,1673.79,Partial
10286,985,2022-05-29,778.77,Partial
10287,3745,2022-04-19,136.52,Full
10288,4478,2022-05-19,149.19,Full
10289,3924,2023-04-14,296.07,Minimum
10290,2942,2022-07-11,1659.53,Partial
10291,2539,2022-05-26,861.1,Partial
10292,2804,2023-01-21,1406.23,Partial
10293,3000,2022-07-14,1512.31,Partial
10294,1120,2022-01-29,1645.48,Partial
10295,442,2022-04-03,871.66,Minimum
10296,2707,2023-10-15,348.76,Full
10297,1012,2023-11-18,1684.09,Full
10298,155,2023-07-22,1059.53,Partial
10299,1011,2023-07-07,941.74,Partial
10300,4336,2024-11-12,1439.7,Minimum
10301,3890,2023-05-15,1652.33,Full
10302,240,2024-05-18,1472.59,Partial
10303,4620,2024-07-14,314.34,Full
10304,2462,2023-07-08,1438.85,Minimum
10305,3807,2024-04-03,124.44,Partial
10306,3836,2023-11-30,1770.5,Minimum
10307,4122,2022-11-02,1851.77,Full
10308,3360,2022-09-29,1067.23,Full
10309,49,2024-03-20,442.5,Partial
10310,1497,2024-04-09,688.74,Full
10311,334,2022-09-08,1776.95,Full
10312,4355,2022-04-23,1925.06,Partial
10313,1161,2022-08-18,134.04,Full
10314,1066,2023-05-05,47.11,Minimum
10315,1424,2022-03-09,1107.56,Full
10316,3694,2022-01-15,418.06,Minimum
10317,3330,2023-06-04,1594.82,Minimum
10318,2423,2022-09-13,1965.89,Full
10319,1003,2022-09-09,193.92,Full
10320,1962,2023-03-19,101.16,Full
10321,4173,2024-03-17,855.2,Full
10322,3136,2023-12-17,662.55,Partial
10323,1146,2022-11-11,783.95,Minimum
10324,3989,2022-11-22,665.49,Minimum
10325,3875,2022-03-27,250.31,Minimum
10326,4018,2022-07-07,1781.04,Minimum
10327,4912,2022-12-06,28.61,Partial
10328,1404,2022-11-13,281.73,Partial
10329,964,2022-10-22,478.31,Minimum
10330,4174,2022-08-02,849.22,Minimum
10331,4378,2022-09-28,342.41,Full
10332,1107,2025-01-01,778.7,Partial
10333,4712,2022-02-04,160.11,Minimum
10334,3618,2023-09-02,966.87,Minimum
10335,831,2023-07-12,1282.58,Full
10336,2228,2023-04-04,1678.0,Minimum
10337,4248,2023-06-17,1385.79,Partial
10338,1381,2024-06-25,480.06,Full
10339,1578,2024-01-15,1277.54,Full
10340,4538,2024-06-28,512.16,Partial
10341,1137,2024-09-23,1099.71,Minimum
10342,4322,2022-01-18,1397.38,Partial
10343,1050,2023-02-19,884.17,Minimum
10344,4361,2024-12-14,303.6,Full
10345,2524,2024-10-14,265.41,Full
10346,3383,2024-03-13,612.43,Minimum
10347,2167,2022-02-06,524.04,Partial
10348,3904,2024-11-02,162.15,Minimum
10349,1863,2022-04-11,138.17,Full
10350,3314,2024-05-03,251.4,Partial
10351,2667,2022-02-10,1542.54,Partial
10352,1591,2022-11-09,1616.13,Minimum
10353,1671,2022-06-29,1621.65,Full
10354,1622,2022-08-19,164.15,Partial
10355,3732,2024-12-30,382.87,Full
10356,2756,2024-02-19,147.39,Full
10357,2854,2023-04-16,556.54,Minimum
10358,4730,2024-03-17,1270.42,Partial
10359,4106,2023-02-03,1363.05,Minimum
10360,601,2022-02-06,641.74,Partial
10361,2741,2023-10-08,1668.64,Minimum
10362,4814,2023-02-04,308.4,Full
10363,2007,2022-11-01,161.17,Full
10364,276,2023-11-24,1305.78,Full
10365,1299,2024-10-29,104.17,Minimum
10366,3807,2022-11-16,879.13,Partial
10367,3377,2022-06-07,866.67,Partial
10368,2876,2022-12-17,561.79,Partial
10369,2129,2022-11-01,619.33,Minimum
10370,2476,2023-08-11,1749.12,Partial
10371,1426,2023-05-12,335.6,Full
10372,525,2023-10-13,1850.15,Full
10373,3977,2023-02-08,995.84,Full
10374,2704,2024-11-01,1936.41,Minimum
10375,4281,2024-03-19,80.81,Full
10376,787,2022-07-22,240.2,Minimum
10377,2265,2024-10-28,493.52,Partial
10378,908,2022-12-14,58.08,Partial
10379,4128,2022-06-11,1431.13,Full
10380,3032,2024-01-29,1368.73,Partial
10381,1852,2024-05-02,1851.11,Minimum
10382,336,2024-06-26,1232.88,Minimum
10383,3160,2022-01-16,493.19,Minimum
10384,679,2023-10-16,891.85,Partial
10385,1312,2024-12-09,1008.86,Minimum
10386,981,2024-12-14,600.06,Minimum
10387,692,2022-09-24,273.04,Partial
10388,4683,2023-09-04,343.2,Partial
10389,4752,2022-11-19,1972.05,Full
10390,1788,2024-01-16,1587.05,Minimum
10391,2025,2023-01-24,1272.18,Partial
10392,3390,2024-02-16,792.66,Full
10393,3434,2023-07-21,1186.82,Full
10394,70,2024-07-19,223.84,Full
10395,3438,2024-07-16,438.35,Minimum
10396,3442,2024-11-30,918.86,Partial
10397,2708,2022-06-21,230.32,Minimum
10398,2739,2023-11-29,1976.28,Full
10399,3290,2024-08-23,1936.01,Minimum
10400,4809,2024-08-26,472.21,Full
10401,4452,2024-05-28,1032.67,Partial
10402,2470,2023-04-23,135.05,Partial
10403,562,2024-09-06,66.23,Full
10404,1017,2022-06-12,1150.15,Minimum
10405,4804,2024-01-10,479.28,Partial
10406,4602,2024-03-26,43.05,Partial
10407,4142,2023-07-22,341.02,Partial
10408,3719,2024-04-28,1215.63,Full
10409,2724,2022-02-02,1471.01,Minimum
10410,432,2024-08-26,909.78,Partial
10411,3729,2024-01-23,1402.08,Minimum
10412,3946,2022-12-16,677.01,Partial
10413,4947,2024-10-08,515.01,Partial
10414,3713,2022-08-07,618.81,Full
10415,636,2024-02-28,547.41,Partial
10416,3511,2024-08-01,95.38,Minimum
10417,2759,2024-08-03,1841.44,Full
10418,1434,2024-08-19,1120.47,Full
10419,4911,2024-05-10,717.9,Full
10420,1311,2022-05-15,902.65,Full
10421,223,2024-03-27,725.32,Partial
10422,2042,2023-09-02,1501.58,Minimum
10423,3605,2023-02-12,1301.42,Partial
10424,3882,2022-09-13,1973.3,Full
10425,3291,2024-11-19,1143.03,Minimum
10426,1143,2022-06-29,358.84,Full
10427,1368,2023-12-18,1339.7,Partial
10428,3306,2022-04-07,172.86,Minimum
10429,615,2022-11-03,576.78,Partial
10430,4649,2023-05-19,434.53,Partial
10431,129,2023-02-14,613.23,Minimum
10432,4375,2023-12-02,576.63,Minimum
10433,1592,2023-06-11,1446.53,Minimum
10434,2120,2024-02-05,962.93,Minimum
10435,3002,2022-02-07,137.03,Full
10436,3359,2024-06-27,1387.58,Minimum
10437,1985,2022-06-11,460.24,Minimum
10438,596,2022-10-23,952.82,Minimum
10439,51,2022-01-17,1218.29,Partial
10440,1016,2022-03-20,1295.78,Full
10441,3069,2023-07-27,1348.36,Partial
10442,2206,2022-08-09,1648.3,Minimum
10443,3201,2023-11-16,1217.15,Partial
10444,4690,2024-01-08,1600.71,Partial
10445,4674,2022-06-27,380.91,Full
10446,1536,2022-09-22,1611.56,Full
10447,2336,2024-01-19,1477.88,Minimum
10448,4582,2024-12-08,1139.74,Minimum
10449,546,2022-01-21,1846.04,Minimum
10450,736,2024-03-16,1879.03,Minimum
10451,291,2023-03-04,812.62,Partial
10452,390,2023-04-05,1364.72,Partial
10453,3742,2022-08-29,1079.81,Full
10454,2988,2024-08-05,389.84,Minimum
10455,958,2024-10-11,1040.87,Minimum
10456,3550,2024-09-24,90.98,Partial
10457,3730,2022-11-30,342.61,Full
10458,3626,2024-07-04,276.38,Partial
10459,1810,2024-08-08,1968.49,Full
10460,2320,2024-12-10,1511.84,Full
10461,1967,2023-07-24,225.4,Partial
10462,655,2024-08-23,582.81,Partial
10463,4475,2024-04-22,883.05,Full
10464,3999,2022-09-07,1553.47,Full
10465,1006,2022-09-23,457.9,Minimum
10466,621,2023-03-12,1033.73,Partial
10467,4200,2024-07-11,945.6,Minimum
10468,1258,2023-02-12,1108.98,Full
10469,271,2023-01-09,1800.94,Minimum
10470,2234,2022-08-28,866.93,Minimum
10471,2839,2024-11-20,1999.96,Full
10472,2344,2023-02-08,883.69,Full
10473,4645,2024-02-15,897.01,Minimum
10474,1181,2024-12-21,190.72,Full
10475,1041,2022-04-28,970.32,Minimum
10476,302,2023-11-27,1558.17,Full
10477,3657,2022-11-14,512.66,Partial
10478,3354,2022-09-01,1289.1,Minimum
10479,1572,2024-05-22,1223.84,Full
10480,3614,2024-11-08,1054.91,Minimum
10481,1327,2023-06-17,1294.23,Minimum
10482,3400,2022-07-03,1295.64,Partial
10483,1239,2024-04-12,294.63,Minimum
10484,4668,2023-02-23,1850.78,Minimum
10485,1838,2022-11-28,1030.1,Full
10486,4512,2023-03-30,1725.67,Partial
10487,631,2022-02-04,705.23,Full
10488,3108,2023-02-20,634.29,Minimum
10489,4885,2023-05-11,1906.76,Full
10490,3715,2023-01-01,864.69,Minimum
10491,2874,2024-07-21,1638.16,Partial
10492,1977,2022-03-30,692.54,Minimum
10493,4350,2024-10-26,1920.52,Minimum
10494,1604,2023-02-23,1373.8,Partial
10495,2710,2024-07-26,416.72,Full
10496,2515,2024-03-23,1303.75,Partial
10497,4800,2022-08-26,685.55,Full
10498,1947,2023-05-18,307.28,Minimum
10499,1061,2023-05-14,146.69,Partial
10500,751,2022-08-18,548.23,Full
10501,3509,2022-06-14,1919.87,Partial
10502,3293,2023-02-28,1301.04,Full
10503,4164,2022-12-08,1982.06,Partial
10504,38,2024-07-16,167.73,Minimum
10505,4131,2023-04-20,1321.51,Full
10506,1010,2022-09-14,983.5,Full
10507,2561,2023-03-31,1916.93,Partial
10508,2960,2023-04-28,133.01,Minimum
10509,3766,2022-08-05,1129.41,Partial
10510,1734,2022-05-02,236.26,Partial
10511,2124,2024-09-25,1743.44,Minimum
10512,4791,2022-01-22,1874.05,Full
10513,4245,2024-12-31,857.96,Partial
10514,4887,2022-06-04,1348.51,Minimum
10515,4065,2023-08-13,1349.23,Partial
10516,4478,2022-06-22,646.07,Minimum
10517,3541,2022-08-28,657.7,Partial
10518,2543,2022-02-22,1399.52,Minimum
10519,963,2022-04-11,1520.25,Minimum
10520,3972,2022-07-01,1933.8,Full
10521,3326,2024-01-23,1663.66,Partial
10522,4402,2024-10-13,1179.89,Minimum
10523,3255,2024-04-03,1317.9,Minimum
10524,2901,2023-06-24,36.57,Partial
10525,728,2024-02-09,1789.07,Minimum
10526,3730,2023-08-09,672.38,Full
10527,1841,2022-02-11,1410.38,Partial
10528,1479,2024-03-04,1432.71,Partial
10529,160,2022-04-26,330.43,Partial
10530,3664,2024-09-17,93.97,Minimum
10531,4791,2023-02-28,730.62,Minimum
10532,1962,2023-11-11,1005.11,Minimum
10533,596,2022-03-30,1069.92,Partial
10534,1707,2022-01-27,672.5,Minimum
10535,1266,2023-11-24,110.97,Minimum
10536,4039,2024-07-20,1841.67,Minimum
10537,1670,2022-01-27,1550.17,Partial
10538,4761,2024-07-28,1216.41,Full
10539,2738,2022-11-26,159.96,Full
10540,3318,2022-10-17,906.93,Minimum
10541,2375,2023-01-27,1302.56,Partial
10542,2420,2024-10-18,1504.44,Minimum
10543,108,2023-07-10,1814.83,Minimum
10544,4006,2022-08-13,348.17,Full
10545,4544,2023-04-12,531.3,Minimum
10546,2548,2024-10-13,967.59,Partial
10547,4441,2024-05-21,1538.3,Partial
10548,2913,2024-12-29,1148.43,Full
10549,852,2023-12-26,998.09,Minimum
10550,4764,2023-08-14,1457.63,Partial
10551,658,2024-05-22,874.21,Minimum
10552,4880,2023-06-15,1798.26,Full
10553,2313,2023-01-08,1479.71,Minimum
10554,4324,2024-02-25,1510.69,Full
10555,237,2023-10-02,1687.56,Partial
10556,4869,2022-06-30,1954.96,Partial
10557,1981,2023-06-23,996.63,Partial
10558,3215,2024-09-27,560.92,Partial
10559,2361,2024-02-19,1218.54,Minimum
10560,1941,2022-06-24,490.02,Full
10561,4753,2022-09-14,1968.78,Full
10562,2278,2024-10-27,1074.97,Full
10563,4704,2024-02-23,1450.56,Full
10564,3742,2022-11-30,1717.63,Full
10565,195,2024-10-04,1564.56,Minimum
10566,3994,2022-11-11,1220.91,Full
10567,741,2024-07-05,1907.91,Partial
10568,448,2023-02-13,838.33,Partial
10569,1883,2022-11-04,816.74,Full
10570,4605,2024-04-14,345.07,Full
10571,4879,2023-10-09,819.0,Minimum
10572,902,2024-05-09,1333.71,Minimum
10573,1237,2022-11-05,1534.1,Minimum
10574,4161,2024-01-26,133.71,Partial
10575,3415,2024-02-12,1499.58,Minimum
10576,2164,2024-07-12,1319.81,Full
10577,4992,2024-10-26,1830.68,Partial
10578,155,2022-11-25,1491.25,Full
10579,61,2022-11-01,1948.32,Full
10580,4431,2022-01-11,1928.23,Full
10581,2472,2023-11-06,1325.1,Full
10582,3104,2023-07-23,610.84,Minimum
10583,301,2024-07-21,1565.55,Partial
10584,3407,2024-04-07,366.47,Partial
10585,3417,2023-09-30,523.49,Minimum
10586,1907,2022-11-20,1150.7,Minimum
10587,2489,2023-04-03,152.67,Full
10588,3218,2023-10-14,960.12,Minimum
10589,1747,2022-01-24,1698.48,Minimum
10590,1458,2023-07-18,1060.05,Partial
10591,1490,2022-08-20,1317.56,Minimum
10592,3889,2024-09-25,1870.76,Minimum
10593,307,2025-01-01,409.71,Minimum
10594,4820,2022-02-19,1451.65,Full
10595,1934,2023-10-18,907.65,Minimum
10596,2026,2023-05-24,1851.51,Full
10597,537,2022-05-04,1085.15,Full
10598,350,2023-12-19,889.51,Minimum
10599,2431,2022-06-15,298.9,Partial
10600,725,2024-11-16,234.41,Partial
10601,1346,2023-03-24,1355.27,Minimum
10602,1851,2023-05-19,1984.11,Minimum
10603,4447,2023-02-09,1999.71,Full
10604,3340,2022-05-04,638.65,Full
10605,193,2022-09-27,146.41,Full
10606,2561,2024-01-31,817.99,Minimum
10607,2363,2022-09-19,1059.33,Full
10608,2903,2024-01-10,1309.5,Partial
10609,3837,2023-04-29,701.02,Partial
10610,4036,2023-02-10,508.94,Partial
10611,990,2023-05-20,1611.79,Partial
10612,366,2023-05-24,1059.84,Full
10613,4895,2023-11-06,1877.36,Full
10614,448,2024-06-02,645.39,Partial
10615,2859,2022-05-20,682.23,Partial
10616,2225,2024-08-30,1658.72,Minimum
10617,4612,2023-01-29,1952.58,Partial
10618,1656,2024-07-13,785.37,Partial
10619,1226,2024-05-12,442.29,Partial
10620,4764,2022-07-15,469.91,Full
10621,466,2024-06-23,1489.58,Partial
10622,610,2022-11-13,1358.6,Minimum
10623,1612,2022-01-07,204.97,Full
10624,1211,2024-12-27,441.51,Full
10625,2386,2023-07-29,1679.47,Partial
10626,4221,2024-09-06,109.51,Minimum
10627,2985,2023-10-28,187.62,Minimum
10628,373,2024-10-31,513.35,Full
10629,3700,2022-07-04,720.35,Minimum
10630,41,2022-11-20,912.23,Minimum
10631,3505,2023-06-02,1191.5,Full
10632,4241,2024-08-21,685.7,Minimum
10633,186,2024-06-09,791.98,Full
10634,3231,2024-12-02,1370.5,Full
10635,1581,2024-04-19,1399.21,Partial
10636,69,2022-07-23,1920.15,Partial
10637,2407,2023-04-01,1952.39,Partial
10638,534,2022-12-04,303.99,Partial
10639,1620,2024-09-06,1889.09,Minimum
10640,2371,2022-04-10,1837.57,Full
10641,3810,2022-12-31,376.01,Minimum
10642,2701,2024-01-05,292.71,Full
10643,4788,2022-07-22,1457.27,Minimum
10644,1005,2022-04-01,1175.3,Minimum
10645,2709,2024-10-07,1730.46,Full
10646,4822,2023-11-11,1495.79,Minimum
10647,3847,2023-07-13,1800.18,Partial
10648,804,2022-05-17,1020.95,Minimum
10649,3992,2024-04-13,635.36,Partial
10650,4670,2022-11-19,1706.31,Partial
10651,2386,2022-01-09,370.4,Minimum
10652,241,2022-11-03,1577.73,Minimum
10653,1714,2022-12-04,329.64,Minimum
10654,1604,2022-01-07,934.77,Minimum
10655,2372,2022-06-21,1035.01,Full
10656,383,2022-05-05,1032.73,Full
10657,2607,2024-10-24,1490.04,Minimum
10658,4371,2022-03-11,1656.87,Full
10659,1188,2024-04-21,163.02,Full
10660,3000,2022-08-26,1850.76,Full
10661,2961,2024-05-21,229.73,Full
10662,1121,2023-06-13,1017.77,Partial
10663,3746,2022-08-18,160.08,Minimum
10664,766,2022-03-15,1960.3,Full
10665,4800,2024-11-03,1513.88,Partial
10666,293,2024-02-22,341.83,Partial
10667,1383,2024-09-21,697.42,Full
10668,747,2022-07-28,1683.22,Minimum
10669,4135,2022-11-16,569.81,Partial
10670,3947,2022-12-30,1528.17,Minimum
10671,1157,2023-12-15,1813.49,Full
10672,2541,2024-03-19,1310.05,Partial
10673,2015,2022-06-17,1112.5,Partial
10674,4309,2023-10-01,1271.81,Minimum
10675,1460,2023-11-25,933.75,Minimum
10676,1062,2024-11-20,128.87,Minimum
10677,1203,2024-10-21,1402.7,Full
10678,2334,2022-12-04,579.09,Minimum
10679,2249,2024-07-14,74.88,Partial
10680,3922,2024-04-06,849.16,Minimum
10681,3748,2024-05-21,391.48,Minimum
10682,4874,2023-04-12,587.58,Partial
10683,2935,2023-05-16,1438.64,Minimum
10684,4133,2024-07-18,830.87,Full
10685,1274,2022-08-10,411.84,Partial
10686,1125,2024-03-02,48.69,Partial
10687,3095,2023-03-12,1425.9,Minimum
10688,3470,2023-04-19,1004.2,Minimum
10689,937,2022-02-01,1577.8,Full
10690,2810,2024-12-21,762.93,Partial
10691,3437,2022-05-09,1809.09,Partial
10692,2349,2024-01-21,1988.77,Partial
10693,3985,2024-05-25,1462.75,Partial
10694,2290,2022-05-31,711.23,Minimum
10695,4490,2022-02-15,987.44,Full
10696,2222,2022-08-07,1780.67,Minimum
10697,2489,2023-05-21,1236.28,Minimum
10698,1443,2022-10-13,542.26,Minimum
10699,1091,2022-12-29,196.91,Partial
10700,1782,2023-09-12,1164.65,Full
10701,2425,2022-07-16,1180.73,Full
10702,1932,2022-08-23,1642.4,Full
10703,667,2023-03-17,1066.59,Partial
10704,3720,2022-08-23,1990.2,Minimum
10705,4967,2022-11-28,1882.25,Partial
10706,3243,2023-05-05,1748.55,Minimum
10707,4851,2024-03-16,1155.49,Full
10708,4211,2022-02-22,192.78,Full
10709,372,2024-10-07,1718.73,Minimum
10710,3088,2023-03-25,941.83,Partial
10711,4108,2024-04-14,1488.06,Minimum
10712,4646,2023-09-17,435.58,Minimum
10713,2431,2023-06-10,905.12,Partial
10714,2471,2023-06-08,203.75,Minimum
10715,3951,2022-12-29,794.27,Full
10716,4758,2024-04-17,1958.96,Partial
10717,4898,2022-03-01,828.78,Full
10718,2754,2024-02-20,1789.71,Minimum
10719,4020,2024-06-15,1899.02,Minimum
10720,3315,2022-01-31,1934.69,Minimum
10721,4118,2023-11-25,884.39,Minimum
10722,4657,2022-06-30,1902.1,Minimum
10723,3794,2022-10-19,1537.81,Minimum
10724,2988,2023-04-15,729.39,Full
10725,182,2024-09-02,1091.89,Full
10726,897,2022-03-08,1601.29,Full
10727,3231,2024-09-18,847.81,Minimum
10728,3783,2023-07-22,214.04,Minimum
10729,2065,2024-02-20,1892.3,Minimum
10730,2294,2022-04-18,876.28,Minimum
10731,187,2022-04-28,1192.92,Minimum
10732,531,2024-05-05,1171.97,Full
10733,3300,2024-08-24,1739.01,Minimum
10734,1257,2022-01-11,533.33,Minimum
10735,1914,2024-02-25,1162.7,Minimum
10736,2639,2024-07-03,1769.37,Full
10737,1629,2023-12-26,1611.16,Minimum
10738,4646,2022-05-23,1160.31,Minimum
10739,523,2024-02-27,1519.37,Partial
10740,256,2024-09-30,318.31,Minimum
10741,3401,2022-06-30,548.28,Minimum
10742,4204,2024-05-23,1339.93,Partial
10743,3899,2024-09-16,1133.46,Full
10744,4970,2024-05-31,526.37,Minimum
10745,3048,2023-06-14,121.66,Partial
10746,4872,2024-04-13,1768.17,Minimum
10747,2169,2024-09-17,102.79,Partial
10748,2187,2023-06-30,129.01,Partial
10749,4349,2023-02-02,257.78,Full
10750,1622,2023-08-20,36.29,Full
10751,3578,2024-01-17,1109.27,Full
10752,3916,2024-10-08,1444.15,Partial
10753,3869,2023-02-10,122.33,Partial
10754,1675,2022-12-07,218.26,Minimum
10755,3354,2023-02-21,449.43,Full
10756,3451,2024-07-07,222.38,Full
10757,3110,2024-07-19,1570.97,Minimum
10758,1000,2023-08-26,990.41,Minimum
10759,617,2023-08-19,1509.06,Partial
10760,891,2022-01-23,1158.01,Full
10761,3698,2022-01-24,1705.48,Minimum
10762,2519,2023-06-25,248.56,Full
10763,4764,2022-12-10,1269.45,Minimum
10764,3529,2024-09-02,1363.27,Full
10765,1165,2023-09-14,1193.57,Partial
10766,2087,2024-06-12,648.16,Minimum
10767,2909,2023-12-08,170.49,Partial
10768,4171,2023-01-25,930.76,Minimum
10769,4869,2022-04-06,477.9,Minimum
10770,1898,2022-06-15,233.06,Full
10771,952,2022-07-18,560.05,Full
10772,4903,2022-08-24,1416.56,Minimum
10773,2722,2024-08-21,738.16,Minimum
10774,1100,2023-10-16,498.44,Partial
10775,1773,2024-03-25,476.73,Partial
10776,942,2022-02-28,1347.57,Minimum
10777,4558,2023-06-14,929.74,Partial
10778,3778,2024-02-11,660.33,Full
10779,1299,2024-03-28,1508.37,Partial
10780,718,2022-11-22,269.72,Full
10781,4254,2024-06-29,1336.81,Partial
10782,711,2022-01-11,1811.69,Minimum
10783,2709,2023-02-11,1291.55,Full
10784,2327,2023-06-08,1671.65,Partial
10785,981,2022-10-15,376.45,Minimum
10786,1953,2022-08-26,1072.97,Minimum
10787,4204,2022-06-14,519.28,Partial
10788,1999,2023-12-19,788.33,Full
10789,1796,2022-11-04,1213.46,Partial
10790,4725,2024-01-03,354.84,Partial
10791,4433,2023-03-07,1513.84,Minimum
10792,2603,2023-11-30,662.07,Full
10793,4754,2023-07-12,912.47,Full
10794,4240,2022-11-18,1179.53,Minimum
10795,1243,2024-11-01,1108.63,Partial
10796,321,2023-08-01,1563.98,Full
10797,945,2024-06-19,368.71,Partial
10798,2160,2024-07-20,1066.92,Minimum
10799,2545,2022-06-15,966.74,Full
10800,4393,2024-07-06,620.36,Partial
10801,1317,2022-11-14,890.81,Full
10802,3843,2024-05-10,1694.59,Full
10803,3880,2024-12-30,1961.68,Partial
10804,2724,2022-03-28,668.37,Full
10805,4990,2022-06-23,987.21,Full
10806,619,2023-03-10,290.44,Partial
10807,2679,2023-08-22,1234.49,Partial
10808,4011,2023-07-08,1697.43,Minimum
10809,4077,2022-07-25,1900.58,Full
10810,1080,2024-07-05,880.99,Minimum
10811,4995,2022-01-08,1808.64,Minimum
10812,2499,2024-08-15,82.84,Minimum
10813,4883,2023-12-06,1563.09,Full
10814,1262,2024-10-04,980.5,Partial
10815,782,2023-06-10,1959.01,Minimum
10816,3242,2023-01-06,562.7,Full
10817,1317,2024-11-30,178.73,Full
10818,1572,2024-07-15,1244.57,Partial
10819,3021,2024-10-22,844.93,Partial
10820,276,2023-12-08,1075.46,Partial
10821,3204,2023-03-16,277.59,Partial
10822,3538,2022-11-16,1533.54,Full
10823,2171,2022-04-26,501.19,Minimum
10824,1680,2023-02-01,479.79,Full
10825,785,2024-02-15,575.38,Full
10826,3852,2024-05-24,362.61,Full
10827,4444,2023-07-23,777.53,Full
10828,4582,2023-01-04,226.43,Full
10829,3070,2024-12-09,300.14,Full
10830,1017,2022-06-30,1026.12,Minimum
10831,2275,2023-06-07,797.85,Full
10832,1100,2023-05-01,290.95,Partial
10833,1878,2022-10-31,455.68,Partial
10834,1893,2024-03-18,1219.51,Partial
10835,1524,2024-08-08,1184.47,Full
10836,2045,2023-04-19,325.88,Minimum
10837,2347,2024-03-04,240.84,Partial
10838,3424,2024-09-19,751.94,Minimum
10839,3164,2023-04-08,514.63,Full
10840,3186,2022-06-28,498.76,Partial
10841,3867,2024-01-28,1412.95,Partial
10842,276,2023-03-31,629.04,Partial
10843,407,2023-07-04,505.5,Partial
10844,9,2022-10-02,389.02,Minimum
10845,4163,2024-03-07,1426.27,Minimum
10846,4248,2023-04-26,94.99,Partial
10847,1831,2023-02-07,530.81,Partial
10848,1633,2023-03-01,1509.51,Partial
10849,1740,2022-05-27,1980.7,Full
10850,3734,2022-02-06,100.09,Partial
10851,3303,2024-09-17,940.91,Partial
10852,2385,2023-03-13,1550.71,Partial
10853,4424,2022-01-14,958.56,Minimum
10854,3569,2022-05-10,1667.84,Minimum
10855,3805,2024-02-05,1363.05,Full
10856,4334,2024-09-12,1253.21,Minimum
10857,4615,2022-11-12,47.43,Minimum
10858,1476,2023-08-04,774.26,Partial
10859,637,2022-07-17,301.76,Partial
10860,2836,2023-05-14,1568.16,Partial
10861,729,2023-12-25,1454.38,Minimum
10862,1662,2022-11-14,313.27,Full
10863,146,2022-05-18,156.73,Minimum
10864,624,2024-03-21,1116.46,Full
10865,1720,2022-07-05,904.31,Partial
10866,2242,2023-12-06,1719.52,Partial
10867,1045,2023-10-09,975.35,Minimum
10868,3390,2024-05-05,456.0,Full
10869,2539,2022-12-26,27.57,Partial
10870,3772,2022-05-27,1652.9,Partial
10871,3369,2024-09-01,1835.89,Full
10872,2028,2024-11-03,632.79,Minimum
10873,1027,2023-04-18,973.72,Full
10874,375,2022-11-01,950.2,Partial
10875,2891,2022-06-22,997.35,Partial
10876,3423,2022-08-03,1564.26,Full
10877,4485,2024-11-14,1867.53,Partial
10878,3506,2024-11-18,682.02,Minimum
10879,139,2023-04-20,814.89,Full
10880,1738,2024-08-24,296.0,Minimum
10881,2889,2024-07-21,1832.98,Partial
10882,4902,2024-08-27,288.0,Minimum
10883,4989,2024-03-30,1957.27,Minimum
10884,689,2024-07-29,1331.76,Minimum
10885,1953,2024-07-25,299.62,Partial
10886,1019,2023-09-26,996.25,Full
10887,4613,2024-09-02,621.19,Full
10888,4901,2024-02-02,888.65,Full
10889,2663,2024-02-28,678.42,Full
10890,4446,2024-03-09,1429.63,Minimum
10891,4143,2024-02-12,1912.8,Minimum
10892,239,2023-10-13,593.55,Full
10893,4171,2024-05-10,131.35,Partial
10894,1098,2023-03-14,212.38,Full
10895,3471,2024-06-07,1521.84,Full
10896,2966,2024-04-11,678.88,Full
10897,3441,2022-03-16,366.43,Partial
10898,2703,2023-03-25,1750.11,Minimum
10899,4605,2022-12-31,229.71,Minimum
10900,714,2023-12-30,1698.01,Partial
10901,1434,2023-07-10,1339.14,Partial
10902,692,2023-06-25,119.8,Partial
10903,351,2022-09-01,1246.97,Full
10904,2227,2022-04-01,835.5,Partial
10905,645,2022-05-26,884.31,Full
10906,890,2022-12-05,343.41,Partial
10907,4690,2024-10-24,1225.22,Partial
10908,104,2022-05-31,821.58,Full
10909,1181,2023-05-16,150.61,Minimum
10910,3601,2022-08-05,1824.61,Minimum
10911,3988,2022-06-14,693.94,Minimum
10912,4939,2023-07-26,564.89,Minimum
10913,1201,2023-10-06,671.57,Full
10914,4788,2022-11-10,1764.93,Minimum
10915,3328,2023-07-08,1823.51,Full
10916,4089,2022-03-15,1690.37,Partial
10917,1165,2022-08-01,1028.65,Partial
10918,2831,2022-06-25,574.36,Full
10919,3785,2024-03-23,844.3,Full
10920,2012,2022-04-18,1880.93,Full
10921,1810,2023-07-23,721.43,Full
10922,3477,2024-12-02,258.31,Full
10923,1658,2022-03-31,1360.99,Minimum
10924,3938,2023-02-22,1143.12,Full
10925,964,2024-07-13,697.4,Full
10926,4131,2024-04-29,103.98,Full
10927,573,2022-12-13,1399.71,Partial
10928,845,2023-06-27,1615.27,Minimum
10929,1805,2023-01-05,620.56,Minimum
10930,2347,2023-07-16,1620.0,Full
10931,4460,2023-10-28,371.62,Full
10932,1777,2023-06-10,583.96,Full
10933,2495,2023-02-26,1930.61,Minimum
10934,3720,2024-12-26,1621.29,Partial
10935,3282,2022-03-10,125.88,Minimum
10936,309,2022-10-20,1977.01,Full
10937,58,2024-01-19,839.37,Partial
10938,4242,2024-09-20,296.26,Minimum
10939,4247,2024-09-11,552.79,Partial
10940,1745,2024-07-17,1018.31,Minimum
10941,3859,2022-07-31,205.47,Minimum
10942,1246,2022-10-16,1042.62,Full
10943,2287,2023-01-06,1806.9,Partial
10944,3030,2022-01-30,1443.38,Minimum
10945,559,2024-04-15,1748.3,Minimum
10946,2614,2024-03-14,513.82,Full
10947,1196,2024-11-30,1060.73,Partial
10948,2443,2023-12-09,210.79,Full
10949,2145,2023-04-30,1356.84,Minimum
10950,1009,2022-05-28,467.11,Full
10951,4855,2022-12-29,359.61,Partial
10952,2000,2023-12-26,418.08,Partial
10953,124,2022-06-06,1326.4,Full
10954,222,2024-02-21,856.98,Partial
10955,4325,2024-09-13,820.16,Full
10956,455,2024-02-23,314.5,Partial
10957,2226,2024-06-18,271.87,Minimum
10958,3243,2024-01-03,817.15,Minimum
10959,1054,2022-02-07,799.9,Minimum
10960,658,2023-10-03,509.69,Full
10961,544,2022-03-10,1652.0,Full
10962,1767,2024-07-11,1415.17,Full
10963,2415,2024-08-02,543.55,Full
10964,4075,2023-06-21,1088.93,Minimum
10965,266,2022-11-09,1377.84,Minimum
10966,3699,2022-03-12,963.57,Partial
10967,4524,2024-11-02,278.58,Minimum
10968,3675,2024-07-19,898.9,Partial
10969,1250,2022-08-19,534.14,Partial
10970,1807,2024-09-29,360.86,Minimum
10971,3049,2024-02-01,494.16,Partial
10972,1812,2022-04-16,1619.56,Partial
10973,3125,2023-07-06,802.2,Full
10974,1436,2022-11-30,1625.44,Minimum
10975,2746,2024-05-31,271.38,Partial
10976,2513,2023-09-11,1157.94,Full
10977,478,2024-03-30,1193.42,Minimum
10978,1357,2022-08-09,1770.41,Minimum
10979,4851,2023-01-01,1003.28,Partial
10980,3154,2024-06-19,1271.24,Minimum
10981,1062,2024-01-07,1867.45,Full
10982,4705,2023-12-13,145.42,Partial
10983,644,2022-01-17,1150.68,Partial
10984,534,2022-04-16,176.46,Full
10985,4244,2022-11-23,1535.51,Minimum
10986,3555,2022-12-14,759.59,Partial
10987,3255,2023-10-07,1017.33,Partial
10988,4001,2023-09-27,920.85,Full
10989,2592,2024-03-31,83.35,Partial
10990,3831,2022-11-24,220.23,Partial
10991,1865,2024-10-27,262.99,Full
10992,2423,2022-11-01,1296.09,Minimum
10993,756,2022-12-22,1365.84,Partial
10994,2343,2022-01-29,1568.54,Partial
10995,3972,2023-10-12,621.54,Partial
10996,136,2022-11-19,1065.63,Full
10997,3093,2024-07-24,1264.4,Full
10998,4821,2023-12-23,873.16,Minimum
10999,2967,2024-01-03,1611.68,Partial
11000,1647,2024-06-17,1011.8,Partial
11001,3194,2024-12-28,747.99,Partial
11002,287,2024-07-07,626.98,Full
11003,2210,2022-06-29,1524.69,Minimum
11004,3503,2022-01-09,260.39,Minimum
11005,3074,2022-06-19,681.75,Minimum
11006,3948,2022-04-24,1649.72,Full
11007,4818,2024-06-30,1131.33,Full
11008,3191,2024-11-20,1390.3,Minimum
11009,1313,2023-05-16,1866.5,Minimum
11010,3556,2024-04-27,101.35,Minimum
11011,3294,2024-03-21,977.42,Full
11012,4646,2023-03-11,55.57,Partial
11013,388,2023-05-07,1078.91,Partial
11014,918,2023-10-06,23.79,Partial
11015,3174,2023-11-04,566.54,Partial
11016,1397,2023-02-09,272.89,Full
11017,1435,2024-01-12,301.98,Minimum
11018,762,2023-03-13,418.06,Partial
11019,868,2024-03-06,1833.22,Partial
11020,164,2024-12-07,1486.62,Full
11021,476,2022-04-18,1725.8,Partial
11022,2767,2023-04-26,1612.04,Minimum
11023,145,2023-04-30,287.36,Partial
11024,2765,2024-04-29,359.25,Partial
11025,3547,2024-12-23,786.6,Partial
11026,3712,2024-09-01,540.03,Minimum
11027,1820,2024-10-25,145.73,Full
11028,3727,2022-11-06,1364.64,Minimum
11029,3354,2023-12-13,1118.39,Full
11030,587,2024-12-01,978.61,Minimum
11031,4775,2024-08-25,1534.58,Full
11032,2053,2024-03-13,1600.56,Full
11033,4617,2024-04-19,815.85,Minimum
11034,1496,2023-01-14,304.65,Minimum
11035,2606,2024-06-08,763.41,Minimum
11036,3635,2024-02-20,310.12,Partial
11037,328,2023-05-27,1913.99,Partial
11038,4337,2024-03-25,1322.91,Partial
11039,3666,2024-04-22,743.64,Full
11040,1099,2022-08-10,1924.17,Partial
11041,1669,2022-01-03,353.75,Minimum
11042,1950,2024-01-13,1990.87,Partial
11043,4927,2024-06-20,272.84,Full
11044,3337,2023-11-30,515.28,Minimum
11045,4089,2022-07-08,1988.54,Partial
11046,4887,2024-11-20,1083.2,Minimum
11047,1595,2022-03-22,561.96,Partial
11048,1962,2023-11-12,1762.47,Full
11049,3671,2022-06-06,1708.82,Minimum
11050,3736,2024-11-14,1739.01,Minimum
11051,202,2022-07-15,349.36,Partial
11052,918,2022-12-18,943.41,Full
11053,1205,2024-07-16,1609.0,Minimum
11054,2894,2023-02-17,740.5,Partial
11055,1046,2022-12-20,1001.21,Full
11056,4968,2025-01-01,740.24,Minimum
11057,329,2024-01-10,112.51,Minimum
11058,3130,2022-03-24,862.17,Partial
11059,3687,2024-09-30,1841.92,Full
11060,3938,2023-07-21,326.13,Full
11061,2214,2024-10-07,968.7,Minimum
11062,4084,2022-11-06,577.84,Full
11063,291,2024-11-24,1497.71,Partial
11064,2344,2023-03-20,1627.53,Minimum
11065,2927,2024-09-24,1648.72,Full
11066,3104,2022-11-07,945.69,Minimum
11067,2586,2024-01-09,630.09,Full
11068,3706,2022-01-13,1080.54,Minimum
11069,49,2022-04-09,1618.05,Partial
11070,558,2023-04-04,1211.81,Full
11071,556,2023-10-17,86.64,Full
11072,3239,2024-08-14,1042.23,Minimum
11073,201,2024-02-21,308.01,Partial
11074,3155,2024-11-20,1490.55,Minimum
11075,1599,2022-07-08,678.78,Full
11076,4728,2023-03-22,506.75,Partial
11077,4330,2024-08-11,1841.63,Partial
11078,4346,2023-08-02,563.22,Minimum
11079,362,2022-05-20,1269.27,Minimum
11080,3247,2023-12-01,1653.85,Partial
11081,2995,2023-08-20,1004.51,Minimum
11082,1095,2022-09-15,936.8,Full
11083,2706,2023-03-19,1978.36,Minimum
11084,996,2023-09-26,486.7,Full
11085,2785,2024-08-24,997.3,Full
11086,628,2024-04-26,751.38,Full
11087,4862,2023-03-20,571.84,Minimum
11088,4004,2022-08-17,122.63,Minimum
11089,2707,2023-12-06,1047.09,Minimum
11090,1462,2022-07-06,1379.57,Minimum
11091,2380,2023-05-07,945.8,Full
11092,2909,2024-08-02,242.36,Full
11093,95,2022-09-21,321.49,Partial
11094,3902,2024-07-04,736.18,Partial
11095,1200,2022-08-09,1391.6,Partial
11096,4352,2024-09-04,1402.67,Partial
11097,636,2023-11-11,1443.2,Full
11098,4874,2024-05-19,1003.8,Full
11099,1574,2024-06-04,1731.72,Partial
11100,157,2022-05-20,483.7,Minimum
11101,4089,2022-07-30,1736.86,Partial
11102,4088,2022-04-24,1253.57,Partial
11103,3820,2024-04-12,847.4,Partial
11104,1919,2024-06-21,1569.97,Minimum
11105,872,2023-11-29,1387.14,Minimum
11106,1066,2022-04-05,1061.09,Minimum
11107,519,2024-08-14,1390.76,Minimum
11108,987,2022-12-18,675.28,Full
11109,114,2024-04-10,495.53,Full
11110,492,2023-07-06,183.59,Partial
11111,3950,2023-08-12,665.92,Full
11112,4602,2022-03-17,597.63,Minimum
11113,3241,2023-02-28,252.13,Minimum
11114,4115,2022-09-17,866.71,Minimum
11115,4152,2022-03-30,1618.09,Full
11116,1089,2022-06-24,1649.76,Full
11117,237,2023-11-04,194.89,Full
11118,807,2023-09-06,1424.19,Full
11119,3815,2024-10-05,1800.23,Minimum
11120,4855,2024-07-09,42.81,Minimum
11121,795,2023-10-27,1352.49,Partial
11122,140,2022-03-12,1993.78,Minimum
11123,2116,2023-01-28,1250.91,Minimum
11124,3023,2024-01-29,340.82,Minimum
11125,4088,2023-02-23,824.68,Full
11126,2998,2022-10-22,49.96,Full
11127,1785,2024-06-05,1244.47,Partial
11128,1222,2023-01-21,1867.25,Minimum
11129,2698,2022-01-28,1293.68,Minimum
11130,134,2024-12-10,964.26,Partial
11131,4519,2023-06-08,512.95,Partial
11132,1858,2024-08-12,739.95,Full
11133,1573,2022-10-26,56.82,Full
11134,1480,2023-01-04,825.33,Partial
11135,3180,2024-05-27,312.71,Full
11136,4005,2022-11-01,1208.47,Full
11137,912,2023-03-15,1205.67,Partial
11138,1970,2024-12-23,723.07,Minimum
11139,471,2022-05-06,1557.74,Minimum
11140,1085,2024-06-17,1624.18,Minimum
11141,2168,2022-01-28,828.91,Minimum
11142,4918,2024-11-08,273.12,Full
11143,1826,2024-05-13,1503.05,Partial
11144,4206,2023-01-23,1001.92,Full
11145,1974,2023-03-17,1605.26,Partial
11146,417,2024-12-04,500.62,Partial
11147,1171,2022-04-26,1114.8,Full
11148,1094,2022-12-13,268.09,Minimum
11149,4569,2023-01-05,1276.39,Partial
11150,523,2023-12-09,1372.29,Partial
11151,1239,2022-12-20,1899.76,Minimum
11152,4916,2024-08-24,1647.49,Partial
11153,1509,2024-01-14,389.09,Minimum
11154,1271,2022-01-30,1029.49,Minimum
11155,1866,2024-09-30,1929.73,Partial
11156,318,2024-09-19,415.28,Partial
11157,1000,2024-01-11,321.65,Minimum
11158,4034,2024-04-19,646.69,Minimum
11159,972,2022-10-20,1734.74,Minimum
11160,3445,2023-08-30,716.76,Minimum
11161,2331,2022-03-30,1484.01,Full
11162,3953,2024-12-26,858.12,Full
11163,2302,2024-03-15,1272.28,Full
11164,256,2024-03-10,491.23,Minimum
11165,3154,2023-06-21,1021.92,Minimum
11166,1196,2024-03-29,208.54,Full
11167,1961,2024-01-07,1248.51,Full
11168,2831,2023-06-22,922.97,Minimum
11169,411,2022-02-16,395.36,Partial
11170,1416,2024-03-10,1091.91,Partial
11171,863,2022-10-19,603.12,Full
11172,2572,2023-01-29,575.83,Full
11173,4430,2024-03-26,436.61,Full
11174,101,2022-07-14,1633.18,Minimum
11175,3540,2024-04-20,1729.11,Minimum
11176,2729,2022-01-20,1278.36,Minimum
11177,3720,2024-06-29,1265.07,Full
11178,4478,2022-12-02,787.62,Full
11179,3460,2022-01-29,1836.3,Minimum
11180,4621,2023-01-02,1891.04,Minimum
11181,2305,2023-06-22,1371.58,Full
11182,1692,2022-10-20,682.03,Full
11183,1505,2024-04-01,1408.57,Full
11184,3543,2024-05-27,989.26,Partial
11185,3046,2024-11-07,383.81,Minimum
11186,2069,2024-05-19,370.7,Partial
11187,342,2023-04-23,418.75,Minimum
11188,2128,2022-03-27,1383.33,Full
11189,3659,2022-12-30,1298.31,Full
11190,39,2022-05-08,508.94,Minimum
11191,3299,2023-06-23,1523.86,Minimum
11192,4471,2022-01-09,1913.37,Minimum
11193,4895,2024-01-28,40.08,Minimum
11194,2983,2024-09-23,355.86,Full
11195,3393,2024-10-01,1445.35,Full
11196,399,2022-10-08,1385.88,Partial
11197,480,2024-09-02,462.62,Minimum
11198,3417,2022-07-11,1581.99,Partial
11199,1555,2022-03-23,249.04,Full
11200,2673,2023-11-18,1154.59,Minimum
11201,4825,2024-05-21,1142.36,Minimum
11202,27,2023-01-28,1449.13,Partial
11203,680,2022-11-02,1713.04,Partial
11204,2133,2022-11-04,1724.16,Minimum
11205,1193,2023-03-17,1436.08,Minimum
11206,2221,2024-10-25,1703.44,Partial
11207,954,2024-07-28,1635.1,Full
11208,3307,2024-11-30,1803.93,Full
11209,2247,2022-05-24,303.78,Full
11210,1380,2022-01-30,193.9,Minimum
11211,1268,2022-05-05,1470.9,Minimum
11212,2866,2023-01-16,918.75,Minimum
11213,4483,2023-07-29,1670.69,Minimum
11214,295,2023-04-09,1067.24,Minimum
11215,2801,2024-01-14,1973.55,Partial
11216,1400,2022-10-06,208.74,Partial
11217,1418,2023-12-25,1187.09,Minimum
11218,1250,2023-06-06,991.38,Full
11219,4508,2023-03-07,407.92,Partial
11220,1589,2024-09-17,1671.22,Full
11221,4202,2023-03-05,1441.84,Minimum
11222,986,2024-07-09,585.53,Partial
11223,4602,2024-07-09,330.71,Partial
11224,165,2024-01-22,956.86,Partial
11225,1529,2024-07-04,212.24,Full
11226,1716,2024-09-29,298.72,Minimum
11227,2,2024-05-16,406.37,Partial
11228,1167,2022-01-10,297.5,Full
11229,2984,2024-03-19,1470.45,Full
11230,4594,2022-04-20,708.05,Full
11231,4182,2023-12-29,462.89,Full
11232,1133,2022-11-18,374.56,Partial
11233,2553,2022-03-15,1909.32,Full
11234,438,2022-09-09,741.41,Full
11235,2097,2022-04-07,1399.94,Minimum
11236,222,2023-12-03,85.98,Full
11237,3300,2023-08-27,1304.73,Minimum
11238,301,2024-06-27,1013.76,Full
11239,1422,2022-04-04,1502.13,Partial
11240,3411,2023-01-02,1022.98,Partial
11241,834,2023-09-30,858.88,Full
11242,2949,2022-07-27,1881.91,Partial
11243,4916,2022-02-22,254.54,Full
11244,3608,2022-12-20,1758.48,Partial
11245,3432,2023-09-30,1799.34,Partial
11246,1059,2023-08-31,1608.63,Full
11247,4411,2022-09-21,1551.29,Partial
11248,1108,2023-02-27,1878.16,Minimum
11249,1308,2023-03-05,1719.59,Minimum
11250,1368,2024-06-10,184.27,Partial
11251,1834,2023-02-09,1397.3,Full
11252,1080,2022-02-06,1816.32,Minimum
11253,2218,2024-08-25,456.68,Full
11254,2606,2022-01-06,1571.55,Minimum
11255,4735,2023-02-10,286.2,Full
11256,550,2022-09-08,511.88,Minimum
11257,3965,2022-07-17,328.3,Minimum
11258,3211,2024-10-28,70.72,Full
11259,4128,2023-10-27,30.16,Partial
11260,2625,2023-11-28,1432.37,Partial
11261,3552,2022-02-12,1310.32,Partial
11262,586,2022-10-25,1222.39,Partial
11263,1957,2022-01-12,341.46,Full
11264,1828,2023-07-22,777.95,Minimum
11265,2380,2023-06-29,1903.3,Minimum
11266,1364,2023-01-06,1915.92,Full
11267,3975,2023-09-26,1410.23,Partial
11268,3747,2023-08-10,647.34,Full
11269,1174,2024-04-07,1081.93,Minimum
11270,133,2022-02-25,83.75,Partial
11271,706,2024-02-15,1649.28,Partial
11272,3950,2023-05-22,1356.4,Partial
11273,1606,2023-11-22,962.18,Minimum
11274,2524,2022-01-06,536.65,Partial
11275,1751,2024-06-24,1685.29,Partial
11276,1761,2024-11-26,1804.65,Partial
11277,3025,2024-06-29,206.39,Minimum
11278,4954,2023-04-15,1913.13,Full
11279,1533,2023-05-22,540.24,Minimum
11280,4463,2024-07-14,1097.1,Minimum
11281,3843,2024-02-29,1446.08,Minimum
11282,3728,2023-06-23,574.02,Minimum
11283,1941,2023-06-29,1370.79,Full
11284,708,2024-01-01,708.26,Partial
11285,3702,2023-11-02,1953.88,Minimum
11286,655,2023-01-19,1558.13,Full
11287,1105,2022-04-24,1604.55,Full
11288,3285,2023-01-03,1221.18,Partial
11289,4571,2023-03-09,1927.46,Full
11290,1268,2022-03-25,1290.02,Minimum
11291,4618,2024-02-05,559.48,Full
11292,3495,2023-12-31,495.0,Partial
11293,3798,2024-07-20,1795.21,Full
11294,3427,2023-08-09,512.72,Partial
11295,517,2023-03-27,1915.43,Minimum
11296,4577,2023-09-24,1422.84,Partial
11297,3068,2023-04-15,101.26,Minimum
11298,2450,2023-01-15,125.62,Partial
11299,54,2022-02-13,283.13,Minimum
11300,3748,2022-07-29,1243.67,Minimum
11301,4033,2023-11-23,164.03,Minimum
11302,847,2022-07-19,1106.47,Partial
11303,1981,2022-02-24,1625.8,Minimum
11304,4344,2022-01-12,59.72,Minimum
11305,2212,2023-12-12,706.62,Partial
11306,1547,2022-07-28,895.76,Partial
11307,1821,2022-04-13,1144.47,Full
11308,3703,2022-04-03,1500.98,Partial
11309,3717,2024-05-04,714.03,Full
11310,4991,2023-06-30,1247.33,Full
11311,3034,2024-09-23,348.02,Minimum
11312,3617,2024-12-25,605.77,Full
11313,880,2023-10-25,1806.96,Full
11314,2072,2024-09-23,687.43,Full
11315,3237,2022-09-28,148.7,Partial
11316,1913,2023-11-04,601.38,Minimum
11317,681,2022-02-05,1040.54,Full
11318,3658,2022-06-24,1860.69,Minimum
11319,2412,2024-07-25,33.45,Partial
11320,4864,2022-06-19,338.4,Full
11321,1584,2024-12-11,1584.15,Minimum
11322,1455,2023-02-18,565.94,Partial
11323,2784,2023-09-19,500.11,Minimum
11324,2804,2023-07-19,1108.03,Full
11325,405,2023-09-21,1474.03,Minimum
11326,3419,2024-08-11,1350.87,Full
11327,2237,2022-01-08,1081.03,Minimum
11328,1130,2023-11-03,105.27,Partial
11329,1997,2024-03-09,149.74,Full
11330,4940,2022-12-12,257.79,Full
11331,477,2023-01-02,940.0,Partial
11332,2100,2024-03-23,918.61,Minimum
11333,4139,2022-05-11,1811.5,Minimum
11334,3047,2024-12-06,776.37,Partial
11335,1236,2023-03-19,541.23,Full
11336,4685,2022-11-30,354.54,Full
11337,4179,2022-02-13,1600.64,Minimum
11338,2594,2024-05-15,1328.51,Partial
11339,1703,2022-08-03,1441.23,Partial
11340,457,2023-03-14,1501.65,Partial
11341,3389,2022-08-14,137.03,Minimum
11342,1906,2022-11-06,1934.0,Full
11343,4275,2022-10-07,637.49,Partial
11344,984,2023-07-03,491.63,Minimum
11345,4955,2024-11-05,323.12,Full
11346,4065,2022-11-01,776.35,Partial
11347,2879,2022-10-14,71.17,Minimum
11348,3446,2022-06-01,913.84,Full
11349,3121,2023-10-09,869.62,Full
11350,116,2022-04-27,93.07,Full
11351,244,2022-07-31,1332.84,Minimum
11352,752,2023-03-23,764.73,Minimum
11353,4316,2022-11-10,1813.82,Full
11354,3691,2024-03-08,1138.63,Partial
11355,4121,2024-07-11,260.34,Minimum
11356,3555,2024-12-23,1119.18,Partial
11357,3727,2022-12-25,1276.34,Minimum
11358,2379,2024-12-08,1573.56,Partial
11359,1848,2023-11-12,136.36,Partial
11360,4129,2022-02-24,593.14,Partial
11361,4803,2023-06-29,182.56,Partial
11362,4461,2023-03-01,1078.12,Full
11363,4888,2024-04-25,1509.35,Full
11364,2555,2022-11-22,1818.55,Partial
11365,1054,2024-03-10,931.05,Minimum
11366,145,2022-11-12,368.42,Minimum
11367,2278,2023-02-14,1791.05,Partial
11368,1874,2023-05-03,76.16,Partial
11369,4570,2024-05-21,589.12,Minimum
11370,3144,2024-09-06,285.16,Minimum
11371,2153,2024-07-28,1921.14,Minimum
11372,3991,2022-11-29,657.28,Partial
11373,200,2023-04-22,557.22,Full
11374,2202,2024-07-18,424.73,Minimum
11375,2311,2022-05-11,716.69,Minimum
11376,284,2023-07-06,1316.37,Partial
11377,1536,2023-07-20,682.46,Partial
11378,2344,2024-05-08,371.42,Partial
11379,3455,2024-04-08,821.67,Partial
11380,2975,2023-06-29,413.84,Minimum
11381,761,2022-08-02,71.89,Full
11382,303,2022-07-26,983.82,Partial
11383,3109,2023-02-12,1116.82,Minimum
11384,4760,2022-01-10,745.77,Partial
11385,1288,2024-04-20,375.46,Partial
11386,3603,2023-05-07,456.48,Minimum
11387,4842,2023-12-25,1095.15,Full
11388,2556,2022-10-16,650.21,Minimum
11389,204,2022-04-29,1020.89,Minimum
11390,3778,2024-07-28,1941.85,Minimum
11391,4736,2024-11-25,402.06,Partial
11392,868,2023-08-04,1677.76,Partial
11393,3363,2022-08-31,1285.1,Minimum
11394,170,2024-08-15,1404.73,Full
11395,4016,2022-09-01,545.0,Full
11396,2925,2023-09-13,185.34,Minimum
11397,1005,2024-10-07,910.09,Full
11398,756,2024-08-04,684.63,Partial
11399,4171,2024-04-08,138.71,Partial
11400,430,2024-11-16,1475.59,Full
11401,165,2022-09-26,1992.72,Partial
11402,4167,2024-03-30,702.42,Full
11403,638,2022-10-08,1968.61,Partial
11404,3667,2023-08-06,1775.98,Full
11405,3842,2022-03-04,616.06,Minimum
11406,1736,2023-01-10,100.44,Minimum
11407,2148,2022-05-08,1996.69,Full
11408,1366,2022-07-10,1483.99,Minimum
11409,1659,2023-11-09,1163.38,Partial
11410,4467,2024-12-16,645.68,Partial
11411,2910,2023-02-26,1007.3,Full
11412,2362,2024-10-07,1014.83,Partial
11413,3766,2023-11-18,1350.74,Partial
11414,1565,2023-05-25,1308.16,Partial
11415,2057,2022-03-03,1878.37,Minimum
11416,2825,2024-05-16,1422.38,Partial
11417,3451,2022-04-02,1568.33,Partial
11418,1232,2023-07-27,1269.76,Partial
11419,1750,2023-11-12,822.59,Minimum
11420,3118,2024-06-19,1737.86,Full
11421,4517,2022-05-07,1968.24,Full
11422,3583,2022-03-02,138.51,Minimum
11423,2840,2024-05-10,1709.97,Full
11424,3742,2022-02-19,1808.28,Minimum
11425,2411,2022-05-20,1494.0,Minimum
11426,2355,2022-03-03,476.38,Minimum
11427,281,2024-10-04,1292.06,Full
11428,2123,2024-01-01,1331.77,Minimum
11429,1821,2023-08-30,1212.59,Minimum
11430,4281,2024-06-28,727.94,Minimum
11431,1020,2024-04-16,1795.45,Partial
11432,1649,2022-01-15,1429.98,Full
11433,2211,2022-02-11,1063.61,Minimum
11434,3548,2022-12-29,445.45,Minimum
11435,4408,2024-11-26,391.35,Partial
11436,1218,2024-08-14,1768.71,Partial
11437,3449,2023-06-14,703.36,Full
11438,1593,2023-06-10,1883.51,Partial
11439,41,2023-11-29,377.83,Partial
11440,3029,2022-02-11,56.06,Partial
11441,1303,2023-06-20,898.15,Minimum
11442,3966,2023-07-17,687.67,Full
11443,3178,2022-02-01,1944.09,Minimum
11444,2180,2022-07-25,1532.93,Minimum
11445,2890,2023-12-31,385.39,Full
11446,2922,2024-01-04,1317.23,Partial
11447,3808,2023-09-27,1626.76,Minimum
11448,342,2024-01-05,761.74,Minimum
11449,4657,2022-10-10,1678.58,Minimum
11450,272,2024-02-19,76.29,Minimum
11451,2157,2022-05-28,1909.84,Partial
11452,944,2022-07-26,972.4,Full
11453,3287,2022-11-06,676.58,Partial
11454,2881,2022-01-09,1382.22,Partial
11455,1682,2023-03-20,1803.58,Minimum
11456,1772,2023-04-14,1872.29,Partial
11457,806,2023-04-29,555.98,Minimum
11458,4654,2024-10-26,423.09,Partial
11459,2869,2022-02-23,246.5,Full
11460,2103,2022-01-12,1054.7,Full
11461,1172,2023-02-08,297.04,Partial
11462,3628,2022-02-19,1919.46,Partial
11463,1644,2022-02-25,777.26,Full
11464,1978,2022-10-06,1254.3,Partial
11465,713,2023-03-03,1461.94,Partial
11466,2737,2022-08-20,1296.29,Full
11467,359,2024-04-10,899.37,Partial
11468,801,2023-11-04,844.72,Partial
11469,2451,2023-12-13,1688.28,Partial
11470,4971,2022-05-29,375.77,Partial
11471,1788,2023-09-03,1277.05,Minimum
11472,3113,2022-01-21,1995.37,Minimum
11473,168,2023-07-12,402.78,Minimum
11474,1076,2023-10-12,491.48,Full
11475,2083,2022-03-22,1952.85,Full
11476,2667,2023-01-03,538.79,Partial
11477,3716,2023-12-06,156.94,Partial
11478,3902,2022-08-10,920.16,Minimum
11479,4,2023-02-24,29.28,Minimum
11480,2058,2023-10-05,1676.2,Partial
11481,1268,2024-08-07,938.27,Minimum
11482,406,2022-10-06,750.21,Full
11483,3761,2022-09-25,1084.08,Full
11484,1852,2023-01-24,343.41,Partial
11485,2576,2023-12-03,475.57,Full
11486,490,2022-12-18,643.32,Full
11487,3877,2022-12-04,250.55,Minimum
11488,2652,2023-02-16,873.41,Minimum
11489,2477,2022-09-14,1006.11,Minimum
11490,3191,2024-06-25,589.02,Partial
11491,1331,2023-07-07,387.94,Minimum
11492,3281,2024-01-14,1887.46,Partial
11493,4716,2022-12-22,1277.0,Partial
11494,1650,2023-05-24,407.86,Full
11495,1661,2022-07-09,309.02,Minimum
11496,3864,2024-08-16,1402.68,Full
11497,2708,2024-01-25,1286.28,Partial
11498,4841,2024-07-19,1547.22,Full
11499,642,2022-10-27,1410.98,Minimum
11500,602,2024-08-16,754.07,Full
11501,4859,2022-08-10,1928.76,Minimum
11502,2133,2022-01-07,1594.09,Partial
11503,4742,2023-11-27,1025.64,Minimum
11504,4460,2024-09-08,965.7,Minimum
11505,3264,2024-01-30,396.87,Minimum
11506,506,2024-11-20,1547.23,Full
11507,2623,2024-01-21,300.39,Minimum
11508,4743,2023-06-21,221.02,Full
11509,3588,2023-11-19,654.04,Partial
11510,1808,2023-03-23,239.55,Full
11511,3736,2023-03-27,511.37,Partial
11512,125,2022-12-15,934.58,Minimum
11513,2491,2022-03-22,465.45,Full
11514,824,2022-06-28,1854.14,Minimum
11515,2374,2023-07-12,1746.18,Full
11516,3801,2024-01-20,1830.16,Minimum
11517,2159,2024-08-26,495.14,Full
11518,2028,2022-04-22,86.67,Full
11519,4808,2023-04-21,1693.92,Full
11520,1549,2023-05-20,1184.95,Partial
11521,3989,2024-04-05,772.62,Partial
11522,3684,2022-01-26,1593.42,Full
11523,2743,2022-07-19,1686.19,Minimum
11524,281,2024-06-30,1118.2,Full
11525,1056,2023-03-21,1559.65,Partial
11526,4381,2023-03-30,988.29,Full
11527,1170,2024-02-12,726.79,Partial
11528,2588,2022-05-17,318.1,Minimum
11529,1251,2023-12-20,1207.47,Full
11530,4371,2024-08-19,535.32,Full
11531,115,2022-10-07,1455.81,Full
11532,323,2024-09-28,521.62,Full
11533,2137,2023-11-02,1393.31,Partial
11534,3174,2024-02-15,1167.68,Full
11535,2085,2022-07-11,1235.05,Minimum
11536,4694,2022-08-24,1925.99,Partial
11537,2673,2023-05-06,1175.79,Full
11538,2491,2023-12-04,474.23,Full
11539,4069,2023-05-27,1261.42,Minimum
11540,659,2024-11-14,1238.69,Full
11541,4584,2022-02-12,27.11,Full
11542,4573,2022-05-17,1945.0,Minimum
11543,3798,2023-08-02,1823.93,Full
11544,586,2024-03-22,401.5,Full
11545,1197,2024-01-03,1261.54,Full
11546,3947,2024-09-24,77.14,Full
11547,1749,2023-12-19,1116.68,Partial
11548,2497,2022-05-01,1740.46,Full
11549,879,2024-02-18,1418.92,Full
11550,3563,2023-11-06,1216.3,Full
11551,1461,2024-08-16,599.39,Full
11552,1661,2024-04-12,1129.45,Minimum
11553,2415,2023-06-24,721.54,Full
11554,4506,2022-05-16,1546.87,Full
11555,2505,2023-07-21,1905.86,Partial
11556,2334,2023-03-13,1666.15,Minimum
11557,3941,2024-02-23,602.96,Partial
11558,3182,2024-06-30,500.62,Full
11559,3860,2022-09-21,1988.42,Minimum
11560,198,2022-09-19,480.53,Minimum
11561,3044,2024-05-18,50.5,Partial
11562,1390,2024-04-22,930.13,Full
11563,2626,2024-11-18,528.39,Partial
11564,378,2022-02-28,620.33,Minimum
11565,4002,2023-12-06,1015.8,Partial
11566,4061,2023-06-18,83.88,Full
11567,522,2022-05-30,1143.16,Partial
11568,3168,2024-11-15,1195.51,Partial
11569,4017,2024-09-15,1457.42,Minimum
11570,2961,2024-01-14,878.17,Full
11571,3225,2024-10-10,1285.88,Minimum
11572,2875,2022-01-16,1003.14,Minimum
11573,3748,2023-09-29,1792.73,Partial
11574,2959,2022-10-27,1533.31,Minimum
11575,14,2024-07-09,224.77,Minimum
11576,2723,2023-03-28,1382.95,Minimum
11577,4435,2023-07-17,1793.7,Partial
11578,4647,2024-12-01,177.51,Minimum
11579,1706,2024-11-28,909.94,Minimum
11580,4110,2022-10-20,1453.87,Full
11581,3771,2022-12-04,1743.29,Minimum
11582,2435,2024-05-08,653.85,Minimum
11583,4752,2024-03-17,1015.76,Minimum
11584,1382,2024-04-19,430.01,Full
11585,1903,2022-04-17,487.21,Partial
11586,4223,2022-08-29,867.12,Minimum
11587,4190,2024-01-31,1410.42,Full
11588,766,2023-09-30,132.42,Partial
11589,3295,2024-04-22,441.78,Minimum
11590,989,2024-09-04,1196.69,Partial
11591,4139,2023-08-31,1266.28,Partial
11592,837,2024-05-11,639.83,Minimum
11593,4454,2023-12-16,854.87,Full
11594,4020,2024-09-04,1283.96,Minimum
11595,760,2024-09-15,598.67,Partial
11596,2570,2022-05-15,434.68,Partial
11597,3725,2022-07-10,735.12,Minimum
11598,4408,2024-02-18,332.39,Partial
11599,4221,2023-05-06,1352.09,Partial
11600,4851,2024-05-14,277.86,Minimum
11601,4311,2024-12-30,44.43,Partial
11602,4862,2023-05-29,663.71,Minimum
11603,1896,2023-06-09,1759.72,Minimum
11604,165,2024-09-28,400.81,Minimum
11605,4658,2024-02-25,1246.36,Full
11606,543,2023-01-15,1349.95,Minimum
11607,3042,2024-11-03,1791.2,Partial
11608,678,2023-01-22,602.26,Minimum
11609,2334,2024-10-06,933.06,Full
11610,4515,2022-03-09,1110.04,Minimum
11611,4615,2023-05-05,227.06,Full
11612,3232,2022-05-08,474.93,Full
11613,4855,2024-05-03,1756.19,Minimum
11614,4890,2022-11-12,306.76,Minimum
11615,3491,2023-04-18,204.12,Full
11616,1740,2024-03-20,1356.12,Partial
11617,610,2022-01-12,1338.31,Minimum
11618,3611,2022-04-10,1129.68,Minimum
11619,105,2023-10-08,981.11,Minimum
11620,3977,2024-08-10,485.59,Partial
11621,1850,2023-06-09,1038.67,Minimum
11622,2303,2024-10-05,56.96,Minimum
11623,4633,2022-07-23,851.02,Full
11624,4959,2024-02-02,339.4,Minimum
11625,1764,2024-08-17,1330.9,Full
11626,853,2023-05-06,50.26,Minimum
11627,4843,2023-05-13,1087.09,Full
11628,1088,2022-06-16,1872.5,Partial
11629,4665,2023-04-08,1357.94,Partial
11630,4302,2024-11-10,1423.8,Partial
11631,4640,2023-01-09,1472.56,Full
11632,1543,2023-12-19,189.99,Full
11633,4049,2023-03-16,879.84,Minimum
11634,4707,2023-11-23,412.48,Minimum
11635,2169,2023-03-16,841.21,Minimum
11636,1877,2022-08-22,1482.84,Full
11637,459,2022-02-17,247.13,Partial
11638,4707,2022-10-06,1070.74,Full
11639,386,2023-03-27,1373.34,Full
11640,1262,2023-07-25,648.85,Minimum
11641,2054,2024-12-09,1232.51,Full
11642,1093,2024-12-30,48.78,Partial
11643,4306,2023-04-10,809.05,Partial
11644,783,2024-05-06,211.08,Partial
11645,1395,2024-08-18,624.57,Partial
11646,1873,2024-02-22,67.18,Minimum
11647,811,2023-07-07,275.76,Partial
11648,4605,2023-05-24,949.81,Full
11649,4502,2022-11-21,811.05,Minimum
11650,4315,2023-06-07,1758.3,Partial
11651,3056,2023-06-09,384.14,Full
11652,2286,2022-09-09,630.83,Partial
11653,3781,2024-08-14,371.56,Partial
11654,4207,2024-07-19,1933.99,Partial
11655,1243,2023-03-30,1982.18,Full
11656,3693,2023-04-03,1258.21,Partial
11657,2991,2022-02-04,155.74,Partial
11658,4124,2024-06-29,670.41,Partial
11659,1144,2023-10-25,1601.95,Minimum
11660,4138,2024-05-10,1082.75,Minimum
11661,198,2023-12-24,1132.04,Partial
11662,4386,2022-02-02,1913.22,Full
11663,4294,2022-03-25,189.2,Full
11664,4410,2024-04-29,1844.64,Full
11665,1828,2024-11-24,1760.6,Partial
11666,3616,2024-07-04,638.64,Minimum
11667,1401,2022-11-09,694.94,Full
11668,2411,2023-08-15,359.74,Full
11669,2313,2022-01-14,167.65,Partial
11670,4114,2024-06-04,825.38,Partial
11671,3133,2022-11-25,541.36,Full
11672,4041,2022-02-09,967.43,Full
11673,3885,2024-06-11,1805.28,Partial
11674,3057,2022-09-24,77.88,Partial
11675,4954,2023-12-26,1081.41,Partial
11676,4526,2024-10-10,1014.77,Minimum
11677,1332,2024-10-12,1407.6,Partial
11678,3584,2022-01-13,1876.59,Minimum
11679,4905,2024-04-30,653.15,Partial
11680,682,2023-03-04,552.72,Minimum
11681,68,2024-10-12,505.36,Partial
11682,1150,2023-09-18,629.67,Full
11683,3983,2022-09-29,256.3,Partial
11684,1575,2022-11-24,28.62,Full
11685,2613,2023-01-08,396.98,Minimum
11686,3421,2023-02-01,1603.51,Partial
11687,3308,2023-03-05,1246.7,Partial
11688,2405,2023-07-06,963.95,Full
11689,1090,2023-11-28,1643.71,Full
11690,3337,2023-11-30,529.89,Minimum
11691,3887,2022-12-20,1556.24,Full
11692,3639,2024-04-12,151.0,Full
11693,690,2022-08-06,1624.78,Minimum
11694,3557,2023-04-28,1293.16,Partial
11695,4092,2023-05-03,1901.21,Full
11696,3413,2022-09-24,1172.89,Full
11697,2684,2022-09-04,31.37,Minimum
11698,4866,2024-12-16,725.64,Partial
11699,34,2022-02-09,838.72,Minimum
11700,661,2022-07-27,316.03,Minimum
11701,625,2023-07-22,1290.46,Full
11702,1495,2023-03-03,1042.18,Minimum
11703,1604,2022-10-11,1546.49,Minimum
11704,2622,2022-05-27,196.98,Partial
11705,3163,2022-07-15,1360.35,Full
11706,2419,2023-02-06,991.42,Minimum
11707,57,2022-10-16,1275.44,Partial
11708,2731,2022-06-27,1811.83,Partial
11709,3213,2024-06-22,1442.9,Partial
11710,2002,2022-04-23,272.42,Minimum
11711,4548,2023-08-15,590.07,Minimum
11712,4793,2024-06-08,1798.59,Minimum
11713,422,2024-11-30,617.07,Partial
11714,2645,2022-06-14,628.07,Full
11715,310,2022-03-17,1348.32,Partial
11716,1104,2023-12-18,352.88,Partial
11717,1148,2024-01-03,1215.55,Partial
11718,3476,2022-10-05,1263.96,Minimum
11719,3882,2023-09-20,1465.87,Full
11720,4676,2022-12-14,1511.32,Minimum
11721,926,2024-11-03,1557.89,Full
11722,996,2024-06-23,1787.18,Partial
11723,1579,2024-08-22,34.27,Full
11724,4821,2023-07-17,1377.64,Minimum
11725,1929,2023-11-23,1208.38,Minimum
11726,744,2022-11-05,94.38,Minimum
11727,3642,2024-06-24,948.52,Full
11728,3769,2022-11-13,1928.1,Partial
11729,2709,2023-02-13,933.6,Partial
11730,2248,2024-08-28,792.35,Full
11731,2622,2022-02-07,459.97,Minimum
11732,4796,2024-04-18,1805.91,Minimum
11733,336,2023-04-24,88.04,Partial
11734,4286,2023-02-14,1427.97,Full
11735,854,2024-05-26,513.69,Partial
11736,299,2024-03-17,1508.45,Minimum
11737,167,2024-07-21,1649.35,Full
11738,1665,2022-04-21,1177.2,Full
11739,2950,2024-04-19,40.04,Minimum
11740,3300,2023-09-21,863.04,Minimum
11741,130,2022-10-22,611.26,Full
11742,1660,2024-02-26,1332.59,Full
11743,1959,2022-11-26,1733.2,Minimum
11744,4951,2022-09-03,1822.7,Full
11745,4237,2022-05-07,496.01,Partial
11746,4130,2022-11-13,891.04,Minimum
11747,1842,2022-08-06,1762.32,Partial
11748,3327,2024-12-21,953.25,Full
11749,1874,2024-07-10,300.08,Full
11750,4271,2023-05-08,965.28,Full
11751,457,2022-09-12,1230.52,Minimum
11752,1547,2023-05-26,1702.92,Minimum
11753,1963,2023-09-18,449.08,Partial
11754,2327,2023-08-06,1911.26,Full
11755,1090,2022-02-28,1560.42,Partial
11756,4190,2023-03-10,554.28,Partial
11757,134,2023-09-26,1955.87,Partial
11758,2829,2022-07-24,1884.24,Full
11759,3413,2022-04-03,1488.94,Full
11760,4382,2024-11-08,1125.84,Minimum
11761,641,2022-08-10,1843.97,Partial
11762,2731,2023-01-25,896.03,Partial
11763,509,2023-07-06,862.95,Minimum
11764,4570,2022-04-23,767.31,Partial
11765,1579,2023-05-05,1652.66,Partial
11766,461,2023-02-11,328.15,Minimum
11767,3846,2024-02-04,154.07,Partial
11768,1398,2022-02-10,627.97,Minimum
11769,1809,2024-12-02,1889.13,Partial
11770,861,2024-01-31,926.32,Full
11771,4748,2023-06-30,628.84,Minimum
11772,4768,2023-11-20,126.73,Full
11773,755,2023-06-02,1333.33,Minimum
11774,1821,2024-06-09,1077.5,Partial
11775,3483,2024-09-01,1587.77,Partial
11776,385,2022-01-26,823.89,Partial
11777,4532,2022-05-08,1490.81,Partial
11778,3358,2023-09-03,378.44,Partial
11779,90,2023-08-17,1422.68,Partial
11780,1067,2023-07-24,525.44,Partial
11781,1033,2023-03-29,1636.81,Minimum
11782,3473,2024-03-09,1282.16,Minimum
11783,833,2024-10-22,909.26,Partial
11784,2233,2023-01-04,275.94,Full
11785,564,2022-06-03,504.85,Full
11786,4667,2024-04-22,342.66,Partial
11787,4635,2023-01-11,765.42,Partial
11788,3168,2023-10-20,477.41,Full
11789,4314,2023-12-12,806.37,Full
11790,1957,2023-03-25,1884.78,Partial
11791,1153,2022-05-16,120.7,Full
11792,4226,2022-03-19,277.21,Partial
11793,2199,2022-03-04,1046.6,Full
11794,3054,2022-01-13,1487.8,Partial
11795,3605,2023-03-27,588.54,Full
11796,4393,2022-02-03,1599.79,Minimum
11797,4751,2024-05-28,456.94,Minimum
11798,2130,2023-11-16,1860.55,Minimum
11799,2668,2023-08-24,1116.54,Minimum
11800,1424,2023-07-21,491.54,Partial
11801,52,2023-05-16,1102.86,Partial
11802,4379,2022-05-14,1862.8,Partial
11803,3714,2022-08-20,1675.62,Minimum
11804,1695,2022-08-23,1082.23,Partial
11805,560,2024-06-24,347.92,Full
11806,61,2023-12-04,1886.24,Minimum
11807,4581,2022-05-01,1755.41,Minimum
11808,3869,2023-09-28,44.56,Full
11809,2181,2023-02-10,164.19,Partial
11810,3111,2023-07-05,944.4,Full
11811,331,2024-08-24,1146.98,Full
11812,4086,2024-01-02,1130.45,Full
11813,1149,2024-02-07,1239.05,Minimum
11814,2088,2022-11-10,1376.0,Full
11815,1781,2022-06-15,1876.51,Partial
11816,2114,2023-07-01,808.36,Minimum
11817,3807,2022-03-03,77.36,Minimum
11818,1037,2023-12-30,1140.09,Partial
11819,3741,2024-03-06,1150.08,Minimum
11820,4181,2024-04-06,481.17,Partial
11821,2197,2023-09-04,1051.77,Minimum
11822,707,2024-06-24,1795.33,Minimum
11823,1514,2023-05-11,1263.09,Minimum
11824,4875,2024-01-23,1479.53,Minimum
11825,722,2022-12-14,1317.53,Partial
11826,3724,2024-10-01,672.1,Full
11827,1142,2022-01-06,373.93,Full
11828,4554,2024-08-12,781.75,Full
11829,2071,2023-03-23,1385.05,Full
11830,2044,2024-04-02,868.75,Full
11831,2094,2023-11-10,922.29,Minimum
11832,1981,2024-02-02,1447.54,Full
11833,2966,2024-06-18,1309.84,Full
11834,2533,2023-07-29,1681.91,Partial
11835,2325,2024-07-29,1654.19,Minimum
11836,3878,2024-02-02,321.78,Full
11837,1916,2024-11-26,893.53,Full
11838,2532,2022-08-24,618.98,Full
11839,1535,2023-06-28,1944.56,Minimum
11840,2023,2024-11-13,785.48,Minimum
11841,406,2022-04-15,1166.64,Full
11842,1585,2024-02-03,1098.08,Minimum
11843,2945,2022-01-11,1435.14,Minimum
11844,1631,2022-03-18,310.69,Minimum
11845,4603,2023-09-12,1920.83,Minimum
11846,2388,2022-04-18,173.86,Partial
11847,261,2023-09-24,1290.36,Minimum
11848,597,2023-04-28,1990.55,Full
11849,1720,2024-07-29,1893.42,Full
11850,4980,2022-01-11,499.83,Minimum
11851,2827,2024-09-30,882.34,Partial
11852,1469,2023-06-14,1034.14,Full
11853,1700,2023-02-04,403.98,Full
11854,1311,2023-01-15,1555.01,Full
11855,4393,2023-08-29,1019.08,Partial
11856,3344,2023-07-03,572.88,Partial
11857,660,2024-08-25,1833.59,Partial
11858,4344,2023-09-26,459.86,Full
11859,190,2022-01-18,499.57,Minimum
11860,3424,2024-10-22,1882.24,Partial
11861,4259,2023-09-09,574.61,Full
11862,199,2024-01-10,1538.96,Minimum
11863,3025,2024-01-09,864.34,Minimum
11864,4437,2024-12-19,1422.51,Minimum
11865,680,2022-11-15,1999.68,Partial
11866,3983,2023-07-13,1499.93,Partial
11867,1373,2023-04-18,991.72,Minimum
11868,1847,2023-06-11,1370.33,Full
11869,3132,2024-07-09,971.8,Full
11870,648,2024-08-19,1559.56,Partial
11871,2764,2023-01-29,93.66,Minimum
11872,3478,2024-12-15,818.34,Partial
11873,3470,2024-05-02,203.36,Full
11874,2594,2024-04-11,595.87,Full
11875,2803,2024-09-26,1692.8,Full
11876,1011,2024-10-10,286.4,Full
11877,3910,2022-01-02,921.95,Minimum
11878,3299,2024-07-18,1999.47,Full
11879,2550,2023-02-12,1626.3,Minimum
11880,1095,2023-08-27,895.64,Minimum
11881,4815,2022-01-02,580.94,Minimum
11882,976,2024-09-18,1179.22,Full
11883,2463,2022-06-06,1584.09,Full
11884,3837,2024-06-21,941.92,Partial
11885,4271,2023-07-05,564.92,Full
11886,1205,2022-11-03,1524.54,Partial
11887,2923,2022-05-22,1698.27,Full
11888,694,2023-10-11,508.74,Full
11889,4803,2023-11-06,476.8,Partial
11890,882,2022-06-07,697.24,Minimum
11891,2691,2024-09-22,156.85,Minimum
11892,2514,2023-12-22,1907.57,Full
11893,363,2024-06-18,1518.87,Minimum
11894,2867,2024-10-17,142.35,Minimum
11895,2580,2024-12-15,1899.55,Minimum
11896,3950,2022-12-31,1000.06,Partial
11897,1809,2023-02-14,557.41,Minimum
11898,2898,2022-11-22,1858.6,Partial
11899,4262,2024-10-20,1707.17,Full
11900,4783,2022-06-26,699.28,Partial
11901,4597,2022-12-21,1448.82,Partial
11902,1128,2023-09-17,481.95,Minimum
11903,2771,2022-04-14,1948.04,Full
11904,3571,2023-11-18,353.71,Minimum
11905,3182,2023-07-09,623.92,Full
11906,3921,2022-08-01,1710.81,Partial
11907,1192,2024-07-18,1796.19,Full
11908,4862,2024-08-28,1440.28,Full
11909,1818,2024-08-02,202.07,Minimum
11910,3993,2024-05-05,907.25,Minimum
11911,864,2024-09-13,703.79,Partial
11912,2737,2022-12-09,627.69,Minimum
11913,1618,2024-04-01,559.41,Minimum
11914,3322,2022-12-05,1282.99,Minimum
11915,835,2022-08-20,279.2,Minimum
11916,4118,2024-11-19,1573.75,Minimum
11917,53,2023-01-24,640.35,Full
11918,2053,2022-08-18,736.72,Full
11919,4841,2022-11-02,1657.85,Partial
11920,3124,2023-08-27,931.05,Full
11921,3198,2023-04-11,1154.86,Partial
11922,3010,2022-10-05,1014.13,Full
11923,596,2023-06-14,850.47,Partial
11924,4023,2024-05-27,1310.53,Full
11925,1699,2023-10-31,140.63,Partial
11926,3350,2023-11-20,1510.18,Minimum
11927,418,2022-09-15,1357.97,Minimum
11928,3194,2022-03-02,548.87,Partial
11929,878,2022-01-11,547.64,Minimum
11930,2362,2024-07-13,488.27,Minimum
11931,2943,2024-11-12,1441.19,Full
11932,2205,2023-03-21,1165.36,Partial
11933,4118,2024-01-16,1114.28,Full
11934,4660,2023-09-02,1825.55,Full
11935,1572,2023-04-05,1999.63,Partial
11936,134,2022-05-18,1165.79,Minimum
11937,1082,2022-08-30,1298.45,Full
11938,1465,2022-03-09,1207.15,Minimum
11939,4732,2023-02-19,223.44,Full
11940,3131,2022-09-25,868.76,Minimum
11941,2750,2024-06-21,885.39,Minimum
11942,1970,2023-03-09,140.4,Full
11943,3293,2022-07-05,1594.83,Minimum
11944,308,2023-08-11,295.91,Minimum
11945,2314,2024-05-05,1204.43,Minimum
11946,203,2024-03-21,299.07,Full
11947,3281,2023-03-05,1086.83,Minimum
11948,4334,2023-09-05,71.29,Full
11949,2515,2022-08-29,1186.3,Partial
11950,4408,2024-10-14,1130.85,Minimum
11951,1346,2024-01-16,66.38,Full
11952,1633,2022-06-06,131.22,Minimum
11953,4792,2023-05-02,1597.72,Full
11954,1895,2023-12-28,1031.35,Minimum
11955,1792,2023-10-30,437.76,Minimum
11956,4758,2022-12-03,1108.47,Full
11957,3442,2022-10-14,359.13,Full
11958,3200,2024-10-10,1113.49,Minimum
11959,1962,2022-04-23,228.84,Full
11960,3189,2022-11-10,310.66,Full
11961,3079,2024-04-26,857.7,Minimum
11962,2149,2024-08-15,1630.29,Minimum
11963,942,2023-02-10,903.81,Partial
11964,836,2024-06-14,853.07,Minimum
11965,891,2022-11-14,704.22,Full
11966,4003,2022-01-16,918.94,Partial
11967,3922,2022-10-10,1690.39,Full
11968,4239,2023-04-16,1195.47,Full
11969,50,2024-07-19,1236.45,Minimum
11970,794,2022-05-21,104.13,Minimum
11971,3484,2023-11-05,890.75,Full
11972,1106,2024-12-19,1363.54,Partial
11973,1261,2024-05-04,472.88,Full
11974,4756,2023-10-07,357.71,Minimum
11975,4184,2024-01-23,65.87,Full
11976,3675,2022-10-30,373.48,Partial
11977,681,2022-09-08,273.54,Partial
11978,2585,2024-12-27,1836.81,Partial
11979,3451,2024-08-21,459.52,Partial
11980,26,2024-11-16,1467.2,Partial
11981,3669,2024-09-07,1539.98,Partial
11982,3315,2024-08-19,986.77,Partial
11983,2382,2022-12-18,1305.37,Minimum
11984,44,2023-06-16,475.62,Minimum
11985,1918,2023-06-11,1385.53,Minimum
11986,1202,2023-01-19,1497.73,Minimum
11987,3274,2024-08-28,617.51,Partial
11988,4047,2022-04-03,1565.75,Minimum
11989,4353,2023-04-27,1966.19,Full
11990,2148,2023-10-12,1811.45,Full
11991,2151,2022-01-30,559.1,Partial
11992,199,2024-11-15,1503.41,Full
11993,2604,2024-10-22,366.86,Partial
11994,3216,2022-03-09,978.91,Full
11995,2773,2023-03-17,1832.62,Full
11996,48,2022-11-28,65.58,Full
11997,4886,2023-06-12,1398.18,Full
11998,665,2023-10-04,1917.03,Minimum
11999,3250,2023-08-04,754.75,Partial
12000,1340,2022-07-19,1364.31,Partial
12001,2275,2023-03-13,246.62,Minimum
12002,4446,2023-08-31,761.05,Full
12003,4515,2022-01-27,1500.46,Full
12004,2508,2024-11-11,27.61,Partial
12005,1958,2022-01-20,534.04,Minimum
12006,491,2022-11-29,840.93,Partial
12007,1956,2024-04-13,1312.58,Full
12008,4351,2022-04-10,469.88,Full
12009,4256,2024-05-06,840.71,Minimum
12010,3816,2024-03-13,893.74,Minimum
12011,3882,2023-05-07,484.53,Minimum
12012,1950,2024-07-04,1490.04,Full
12013,1743,2022-10-03,947.66,Full
12014,144,2023-12-28,1677.92,Partial
12015,1850,2023-12-11,444.94,Minimum
12016,2864,2023-12-10,1016.72,Partial
12017,946,2022-10-26,1915.09,Partial
12018,283,2024-06-08,203.57,Partial
12019,3326,2024-10-10,1987.17,Minimum
12020,4417,2023-07-27,95.34,Partial
12021,4691,2023-11-19,520.46,Full
12022,3124,2024-03-04,296.48,Full
12023,4921,2023-07-18,1230.08,Partial
12024,2936,2023-05-25,1771.78,Minimum
12025,4793,2022-08-11,148.63,Minimum
12026,4497,2022-02-01,1257.47,Partial
12027,2209,2022-10-31,1709.44,Minimum
12028,510,2024-07-17,976.4,Minimum
12029,1749,2023-08-04,920.83,Full
12030,1778,2022-09-21,1937.91,Full
12031,643,2023-08-13,1637.0,Partial
12032,4965,2022-03-30,598.56,Minimum
12033,4060,2024-04-22,1881.45,Minimum
12034,1954,2024-04-22,1358.43,Full
12035,4846,2024-06-06,1787.36,Full
12036,642,2022-04-19,1258.06,Minimum
12037,2245,2022-05-01,1028.92,Full
12038,1220,2022-09-16,481.14,Full
12039,2048,2022-08-10,590.79,Partial
12040,2074,2022-07-12,386.0,Partial
12041,4890,2023-08-07,1328.23,Full
12042,2732,2023-12-06,293.44,Minimum
12043,3841,2022-04-03,1760.34,Minimum
12044,4736,2022-12-20,1730.66,Partial
12045,3294,2024-02-05,66.23,Partial
12046,1153,2022-08-08,1312.22,Full
12047,3302,2022-02-08,1262.51,Minimum
12048,3578,2024-12-02,1284.55,Minimum
12049,4406,2023-03-13,1411.94,Full
12050,3790,2022-07-26,1198.15,Minimum
12051,2596,2024-09-25,95.42,Partial
12052,4369,2024-07-09,1417.44,Partial
12053,1611,2022-10-04,219.13,Minimum
12054,3036,2024-02-05,1009.03,Partial
12055,143,2022-10-07,1852.64,Partial
12056,709,2022-10-05,167.64,Full
12057,1211,2023-06-16,1547.38,Minimum
12058,3445,2024-07-24,1885.76,Partial
12059,511,2023-09-09,1878.91,Minimum
12060,527,2023-04-25,670.14,Full
12061,3608,2022-07-26,1367.56,Partial
12062,4807,2023-03-06,1319.62,Full
12063,2544,2023-04-04,887.59,Minimum
12064,2714,2023-08-28,906.02,Partial
12065,2685,2022-04-16,1757.57,Partial
12066,4275,2022-03-15,809.73,Full
12067,1986,2024-08-09,1979.76,Minimum
12068,240,2023-11-15,195.7,Minimum
12069,2381,2023-11-08,353.08,Minimum
12070,2001,2023-04-21,412.33,Full
12071,1329,2022-11-04,493.77,Minimum
12072,1673,2024-07-20,309.54,Partial
12073,4147,2023-10-18,1893.71,Partial
12074,371,2024-03-07,110.72,Minimum
12075,2371,2022-12-24,655.42,Full
12076,2229,2023-10-09,1082.0,Partial
12077,3700,2023-12-17,235.56,Minimum
12078,4318,2023-04-18,324.48,Full
12079,1098,2023-10-06,1419.96,Full
12080,3830,2023-08-24,1555.67,Full
12081,3244,2023-09-29,1112.23,Full
12082,3218,2022-07-18,455.63,Partial
12083,2206,2023-01-09,315.47,Partial
12084,3324,2022-06-08,1263.05,Minimum
12085,3791,2023-12-21,416.99,Partial
12086,2100,2024-02-21,369.74,Full
12087,3089,2023-01-18,904.75,Partial
12088,2037,2022-10-25,703.18,Partial
12089,2424,2024-01-05,554.16,Partial
12090,3253,2022-09-27,1444.83,Minimum
12091,4090,2022-03-23,1944.78,Minimum
12092,4134,2023-05-04,1162.78,Minimum
12093,3373,2023-07-15,1462.68,Minimum
12094,3883,2024-12-13,607.48,Partial
12095,3981,2024-05-17,356.83,Partial
12096,362,2023-06-22,365.75,Full
12097,880,2024-10-22,1055.28,Minimum
12098,4624,2023-11-19,1011.25,Full
12099,2262,2023-12-26,1054.32,Full
12100,3630,2024-01-22,1817.45,Minimum
12101,4262,2023-01-30,1583.41,Full
12102,922,2022-03-31,720.32,Minimum
12103,4510,2023-07-11,1195.4,Full
12104,3978,2023-08-17,1456.34,Minimum
12105,1531,2022-09-02,1758.85,Full
12106,3686,2023-08-12,1084.61,Full
12107,608,2023-03-31,178.74,Partial
12108,2297,2023-09-18,1903.76,Minimum
12109,4921,2024-03-04,721.6,Full
12110,4714,2023-05-08,1763.54,Full
12111,4491,2024-02-13,488.54,Partial
12112,4954,2023-03-25,1610.07,Partial
12113,4299,2024-12-20,78.2,Minimum
12114,131,2023-07-04,1559.03,Partial
12115,447,2023-08-19,527.51,Partial
12116,3947,2023-06-18,1103.32,Partial
12117,3830,2023-04-13,563.52,Minimum
12118,2899,2023-12-03,1456.39,Full
12119,67,2022-08-02,609.97,Partial
12120,1801,2022-11-10,1685.61,Full
12121,3810,2023-11-10,519.0,Partial
12122,2557,2024-09-24,1914.66,Partial
12123,295,2024-12-21,552.83,Partial
12124,3443,2022-11-16,667.92,Full
12125,3625,2022-07-27,1863.41,Minimum
12126,454,2022-01-13,1047.54,Partial
12127,4202,2024-05-24,792.87,Partial
12128,2884,2024-04-07,496.1,Full
12129,3942,2022-11-10,507.87,Minimum
12130,4636,2023-04-21,1886.16,Minimum
12131,1127,2024-10-08,486.2,Partial
12132,2318,2023-02-13,1698.9,Minimum
12133,1247,2024-06-18,487.5,Full
12134,2687,2023-03-10,1987.53,Partial
12135,860,2024-08-14,931.54,Full
12136,2692,2023-12-10,1164.67,Full
12137,4023,2022-03-27,1764.12,Partial
12138,4482,2023-10-06,1234.4,Minimum
12139,4305,2022-11-17,1372.06,Full
12140,3839,2022-12-05,771.4,Full
12141,4636,2022-05-26,718.68,Full
12142,3691,2022-07-30,1606.48,Full
12143,2954,2022-06-26,649.25,Partial
12144,3157,2024-10-27,1717.46,Full
12145,4006,2024-07-30,1249.8,Full
12146,4752,2024-08-18,543.41,Full
12147,11,2023-11-25,370.68,Full
12148,1994,2024-07-13,1757.13,Full
12149,919,2024-05-16,1985.79,Full
12150,705,2023-12-31,1122.14,Minimum
12151,2677,2023-04-03,522.89,Partial
12152,1307,2023-04-11,527.97,Partial
12153,4639,2024-06-02,1949.61,Minimum
12154,4755,2022-12-25,964.02,Minimum
12155,4715,2023-09-13,1642.7,Full
12156,664,2024-07-20,1555.53,Full
12157,1293,2024-01-01,680.04,Minimum
12158,385,2024-09-24,1364.95,Minimum
12159,1083,2024-01-13,1550.79,Minimum
12160,2698,2022-12-17,1579.44,Partial
12161,3562,2022-02-17,1895.29,Partial
12162,380,2024-11-19,1096.2,Minimum
12163,1609,2022-06-22,413.83,Minimum
12164,2316,2023-04-08,399.25,Full
12165,4456,2023-04-07,1282.54,Full
12166,853,2024-08-21,1657.89,Minimum
12167,3943,2022-12-13,487.33,Full
12168,556,2022-02-14,1693.32,Minimum
12169,1851,2024-06-10,1959.27,Minimum
12170,949,2024-09-27,1984.45,Full
12171,1869,2023-04-01,1751.23,Full
12172,1907,2023-11-02,37.68,Full
12173,2301,2024-05-27,36.33,Full
12174,4833,2024-08-18,1880.89,Partial
12175,302,2023-07-22,235.37,Full
12176,2117,2024-08-23,554.13,Minimum
12177,1071,2022-07-25,1777.6,Partial
12178,1459,2022-02-26,806.98,Partial
12179,2761,2023-08-24,580.24,Full
12180,1342,2022-07-28,341.71,Full
12181,2852,2022-09-05,1749.83,Partial
12182,4460,2022-03-03,1078.94,Full
12183,1808,2022-09-07,535.14,Minimum
12184,664,2023-03-04,1089.25,Partial
12185,1864,2022-10-07,1875.02,Partial
12186,4701,2024-08-03,179.21,Minimum
12187,2410,2024-07-24,1108.11,Partial
12188,4323,2024-07-20,1230.85,Minimum
12189,2259,2023-06-25,265.6,Full
12190,162,2024-11-02,1361.91,Minimum
12191,2130,2022-07-06,1518.99,Minimum
12192,2699,2024-08-23,1503.54,Partial
12193,3585,2022-12-01,360.11,Full
12194,769,2023-06-26,1281.92,Minimum
12195,1808,2024-06-10,1175.77,Full
12196,4608,2024-12-15,494.67,Full
12197,1964,2024-02-08,48.9,Minimum
12198,3315,2023-11-13,1919.6,Full
12199,3884,2023-06-08,1609.85,Full
12200,2094,2022-10-28,1412.19,Partial
12201,4926,2023-02-25,657.63,Minimum
12202,3019,2022-07-16,950.27,Minimum
12203,3531,2023-01-23,1197.75,Minimum
12204,3198,2022-02-01,114.34,Minimum
12205,1765,2022-02-04,1055.22,Full
12206,2977,2022-10-04,878.21,Partial
12207,3947,2024-09-25,761.59,Partial
12208,1857,2024-05-02,1162.39,Partial
12209,2535,2024-11-23,577.86,Minimum
12210,4006,2023-07-18,438.11,Full
12211,2323,2022-01-21,1618.34,Minimum
12212,3740,2022-01-17,466.05,Partial
12213,1298,2023-07-21,419.19,Full
12214,741,2024-12-11,389.8,Full
12215,1685,2024-12-12,1216.06,Minimum
12216,1262,2024-02-26,984.79,Full
12217,2064,2023-08-21,1084.39,Minimum
12218,4860,2022-04-24,1152.02,Minimum
12219,2120,2024-03-05,259.74,Minimum
12220,4454,2023-08-09,915.47,Full
12221,3751,2022-09-16,1328.29,Full
12222,1532,2022-08-07,356.61,Minimum
12223,3578,2023-03-31,593.75,Partial
12224,3891,2024-10-01,625.34,Minimum
12225,95,2023-12-05,1422.87,Full
12226,726,2023-09-30,114.91,Partial
12227,2006,2022-05-14,1625.76,Minimum
12228,2671,2023-07-11,1353.43,Partial
12229,247,2024-12-12,552.78,Full
12230,3157,2023-07-08,1356.96,Minimum
12231,1660,2023-04-09,1432.48,Minimum
12232,531,2024-09-16,807.35,Full
12233,1906,2024-10-20,426.02,Minimum
12234,4551,2022-09-07,1818.31,Partial
12235,1875,2022-07-21,1614.84,Full
12236,2261,2024-08-04,1110.96,Partial
12237,2891,2024-09-15,199.33,Full
12238,3288,2022-07-16,546.9,Full
12239,384,2022-10-13,1070.55,Full
12240,1978,2024-08-13,899.23,Minimum
12241,1566,2023-10-18,1383.99,Partial
12242,3987,2024-10-24,1912.09,Partial
12243,4929,2023-04-24,1186.23,Full
12244,694,2022-11-09,559.57,Minimum
12245,4075,2024-05-22,555.5,Minimum
12246,4121,2023-01-18,1883.79,Minimum
12247,3243,2023-09-13,865.35,Partial
12248,588,2023-10-05,989.57,Full
12249,4283,2022-02-25,329.56,Minimum
12250,4702,2024-04-11,781.06,Full
12251,4890,2024-03-17,809.1,Full
12252,3000,2023-02-25,1836.7,Full
12253,889,2023-05-10,1559.04,Partial
12254,585,2024-02-23,534.47,Minimum
12255,3635,2024-08-15,1405.27,Full
12256,2985,2024-01-18,585.4,Partial
12257,2831,2022-10-19,221.86,Partial
12258,4409,2023-07-28,1649.33,Full
12259,2586,2022-09-10,834.8,Full
12260,1053,2024-10-04,24.28,Minimum
12261,1323,2024-06-25,581.82,Minimum
12262,2505,2022-02-08,1579.86,Partial
12263,1742,2023-07-20,385.81,Minimum
12264,4228,2023-06-28,1145.09,Full
12265,259,2022-06-27,1345.47,Full
12266,3098,2023-05-05,1375.05,Full
12267,840,2024-04-09,36.51,Partial
12268,3083,2023-05-06,963.69,Minimum
12269,1162,2022-02-06,702.67,Minimum
12270,645,2023-03-06,1129.38,Minimum
12271,964,2024-02-20,354.12,Minimum
12272,1138,2022-10-31,303.33,Partial
12273,4334,2022-03-09,1572.32,Minimum
12274,2176,2022-06-15,730.69,Partial
12275,638,2024-09-23,111.88,Full
12276,473,2022-12-06,1880.37,Full
12277,4561,2022-09-06,1399.22,Partial
12278,1839,2023-07-29,1951.39,Full
12279,3685,2022-09-07,66.19,Full
12280,445,2023-03-10,919.12,Full
12281,2213,2022-04-08,1038.21,Partial
12282,4412,2023-08-12,828.04,Minimum
12283,825,2023-04-14,609.03,Full
12284,4134,2023-10-13,141.05,Partial
12285,3440,2024-05-18,412.54,Minimum
12286,61,2023-09-23,1233.42,Minimum
12287,377,2022-10-02,211.59,Full
12288,4329,2024-11-20,489.86,Full
12289,4440,2023-05-06,266.83,Minimum
12290,1622,2024-02-17,1289.67,Full
12291,3208,2022-02-05,1599.1,Partial
12292,2109,2023-03-02,782.21,Full
12293,4432,2022-07-07,1469.02,Full
12294,3698,2024-01-22,629.35,Partial
12295,2347,2024-04-21,1048.17,Partial
12296,1008,2023-12-21,1022.2,Full
12297,4757,2022-03-28,1289.38,Minimum
12298,767,2022-10-16,1826.98,Full
12299,596,2022-01-07,788.63,Full
12300,520,2024-08-20,1663.41,Partial
12301,493,2023-08-07,123.93,Minimum
12302,427,2024-01-30,1545.78,Minimum
12303,2640,2024-11-15,249.57,Minimum
12304,793,2023-05-01,1318.92,Partial
12305,4643,2022-01-16,892.88,Minimum
12306,3542,2024-07-06,1240.6,Full
12307,3777,2022-11-13,1392.11,Minimum
12308,234,2024-03-10,1816.45,Partial
12309,487,2022-03-30,592.93,Full
12310,3021,2022-03-01,561.25,Partial
12311,1776,2024-01-16,1603.36,Full
12312,1352,2024-08-23,1919.53,Partial
12313,657,2023-11-27,654.68,Minimum
12314,1944,2022-03-09,488.48,Full
12315,1917,2024-12-16,559.57,Full
12316,4925,2023-12-21,1936.02,Partial
12317,3707,2023-01-30,1972.14,Partial
12318,1782,2022-11-18,1032.92,Minimum
12319,3340,2024-03-22,1694.39,Full
12320,1214,2024-06-29,1682.7,Partial
12321,4216,2024-09-14,1140.67,Full
12322,343,2023-12-18,1762.6,Partial
12323,1453,2023-04-10,1497.69,Minimum
12324,2619,2024-10-09,1629.06,Full
12325,1618,2022-12-05,1621.64,Minimum
12326,4039,2023-12-05,1532.84,Minimum
12327,1407,2024-09-25,374.99,Partial
12328,1850,2024-03-22,1109.53,Minimum
12329,2129,2024-06-17,1386.2,Full
12330,975,2023-05-25,1216.76,Partial
12331,926,2022-08-03,1391.67,Full
12332,4595,2023-08-08,539.5,Full
12333,4918,2023-02-05,107.94,Full
12334,402,2024-03-07,1471.95,Minimum
12335,3940,2023-04-30,1959.81,Minimum
12336,2283,2023-03-15,1080.31,Minimum
12337,2634,2024-02-16,66.64,Full
12338,641,2024-08-11,1340.05,Minimum
12339,1810,2024-02-18,1365.97,Partial
12340,1464,2022-07-14,1460.11,Full
12341,4499,2023-07-14,34.72,Partial
12342,1794,2023-02-16,832.68,Minimum
12343,2703,2024-11-09,429.07,Minimum
12344,4724,2023-05-16,528.7,Partial
12345,2413,2024-08-03,496.85,Partial
12346,4423,2024-09-24,318.53,Minimum
12347,3240,2024-01-27,164.35,Minimum
12348,3152,2022-07-13,493.26,Minimum
12349,2870,2023-11-02,73.1,Full
12350,1659,2022-05-30,1273.69,Full
12351,65,2022-05-05,321.57,Partial
12352,4921,2023-12-15,513.16,Partial
12353,2051,2022-09-06,220.88,Partial
12354,2234,2024-01-12,1130.26,Minimum
12355,606,2023-10-03,1164.73,Partial
12356,4436,2024-06-28,1858.8,Full
12357,1629,2022-05-10,1126.99,Partial
12358,959,2023-05-29,555.61,Partial
12359,1687,2023-10-05,609.49,Partial
12360,3589,2022-04-17,92.44,Minimum
12361,4580,2024-08-26,1544.37,Partial
12362,2521,2022-10-05,1302.92,Minimum
12363,939,2023-07-17,494.69,Minimum
12364,168,2022-07-02,592.05,Full
12365,3314,2024-01-14,551.12,Partial
12366,1459,2024-11-25,1753.97,Partial
12367,4996,2023-08-15,1743.27,Full
12368,56,2024-12-19,1366.79,Full
12369,2665,2023-05-18,1987.54,Full
12370,1501,2022-07-01,1938.85,Full
12371,3137,2022-12-08,1887.5,Full
12372,4588,2024-11-24,565.75,Minimum
12373,4510,2022-04-14,1588.56,Minimum
12374,1737,2022-08-19,1921.86,Partial
12375,3905,2022-05-03,1647.81,Partial
12376,3163,2022-05-19,1873.98,Full
12377,2416,2022-12-20,1263.8,Full
12378,1000,2022-06-29,317.28,Minimum
12379,2060,2023-01-25,1732.83,Full
12380,315,2022-12-06,64.03,Minimum
12381,2448,2022-01-30,1984.16,Minimum
12382,229,2024-03-20,1362.91,Minimum
12383,99,2024-01-29,351.27,Full
12384,3044,2022-04-21,1615.04,Partial
12385,2773,2022-03-20,283.26,Full
12386,2076,2022-11-10,285.54,Partial
12387,1349,2023-02-21,1880.73,Full
12388,1601,2022-10-11,1387.56,Partial
12389,4731,2023-05-17,404.11,Minimum
12390,437,2022-12-06,1366.48,Minimum
12391,4654,2023-12-12,564.54,Partial
12392,746,2022-04-06,592.08,Full
12393,2644,2022-11-02,911.33,Full
12394,1015,2023-09-09,992.92,Minimum
12395,3715,2023-09-07,1451.8,Minimum
12396,3400,2023-02-16,1589.3,Full
12397,3410,2023-12-12,838.49,Full
12398,4817,2024-06-24,377.48,Full
12399,2099,2024-10-10,327.12,Full
12400,3647,2024-02-10,1751.37,Full
12401,2835,2024-11-11,1623.7,Minimum
12402,2388,2022-07-19,1535.5,Partial
12403,2639,2023-12-08,1559.19,Partial
12404,2625,2024-05-19,981.15,Partial
12405,3105,2022-10-11,1452.8,Partial
12406,4317,2022-11-25,1582.27,Partial
12407,2513,2023-01-13,1651.53,Full
12408,4874,2024-05-05,156.71,Partial
12409,2902,2023-10-11,774.46,Minimum
12410,1878,2024-03-15,1554.65,Full
12411,973,2024-03-31,687.74,Full
12412,3352,2024-03-06,394.74,Minimum
12413,3688,2022-04-29,1138.76,Partial
12414,369,2023-01-20,227.23,Minimum
12415,959,2023-02-17,1317.53,Full
12416,4825,2024-04-17,174.27,Partial
12417,2355,2023-10-06,326.29,Partial
12418,2767,2022-08-02,1544.7,Partial
12419,4980,2022-12-26,160.06,Minimum
12420,4576,2022-01-11,1128.04,Minimum
12421,17,2022-02-25,537.21,Full
12422,3714,2024-11-25,1147.67,Minimum
12423,1393,2024-12-13,384.7,Minimum
12424,1195,2023-09-14,1712.12,Full
12425,2737,2022-06-17,471.45,Partial
12426,1153,2022-06-14,643.44,Full
12427,2783,2024-06-05,1971.93,Full
12428,3466,2024-11-16,37.75,Minimum
12429,3590,2022-03-12,1273.05,Full
12430,587,2023-01-27,907.91,Minimum
12431,3612,2022-05-02,772.22,Partial
12432,348,2022-11-01,87.08,Minimum
12433,2255,2023-05-13,1972.05,Partial
12434,1488,2022-11-08,1004.68,Full
12435,3654,2023-04-06,1761.01,Full
12436,1739,2022-03-16,386.63,Minimum
12437,4979,2023-11-20,1342.63,Partial
12438,2952,2024-06-22,1553.62,Minimum
12439,2227,2023-03-14,1024.59,Partial
12440,4969,2022-12-10,1187.61,Full
12441,397,2022-07-30,1253.6,Partial
12442,2730,2022-06-26,215.65,Full
12443,3380,2023-11-22,1439.04,Minimum
12444,2847,2023-11-24,580.68,Partial
12445,44,2023-12-07,1950.65,Partial
12446,1644,2024-12-06,899.36,Full
12447,2664,2023-03-02,711.32,Full
12448,495,2023-07-09,598.68,Full
12449,3896,2022-02-28,1256.8,Minimum
12450,1863,2022-12-21,613.26,Full
12451,1688,2023-08-31,801.29,Full
12452,1918,2023-02-13,152.29,Partial
12453,77,2024-08-26,879.47,Minimum
12454,2722,2022-02-13,1539.51,Partial
12455,540,2022-07-13,721.69,Minimum
12456,1089,2023-10-27,1803.49,Full
12457,4974,2023-12-17,1712.58,Partial
12458,2248,2023-12-13,1735.5,Partial
12459,2043,2024-05-27,739.78,Partial
12460,4298,2023-01-11,1715.34,Partial
12461,3077,2024-12-10,283.49,Minimum
12462,217,2023-04-13,1928.06,Full
12463,1895,2023-01-21,1375.18,Full
12464,460,2024-05-01,1351.8,Partial
12465,1144,2022-09-28,154.88,Partial
12466,4408,2022-11-18,1939.92,Minimum
12467,2604,2023-10-11,1256.67,Minimum
12468,4060,2023-08-30,496.42,Partial
12469,1180,2022-09-07,832.74,Minimum
12470,2294,2024-09-02,1617.57,Full
12471,3565,2022-06-01,1718.96,Minimum
12472,2114,2022-09-13,76.31,Full
12473,353,2024-01-28,560.45,Full
12474,4456,2022-08-10,779.32,Partial
12475,3966,2024-01-21,387.92,Minimum
12476,1275,2023-05-19,1745.47,Full
12477,3475,2022-11-15,278.27,Partial
12478,4918,2024-11-29,354.38,Partial
12479,3618,2024-03-09,1655.69,Minimum
12480,36,2024-09-03,1561.3,Minimum
12481,1716,2022-08-10,1072.02,Partial
12482,3075,2022-04-03,1218.68,Full
12483,4872,2024-08-19,1016.61,Partial
12484,1945,2022-06-02,1623.52,Partial
12485,313,2022-01-14,727.51,Full
12486,3638,2022-07-02,1899.41,Full
12487,2312,2024-08-20,1595.38,Minimum
12488,4950,2023-02-06,374.51,Minimum
12489,4677,2023-07-10,532.47,Minimum
12490,3683,2022-05-29,1061.68,Full
12491,3945,2023-11-20,682.34,Partial
12492,1072,2024-05-16,1249.19,Minimum
12493,606,2022-09-20,1528.27,Minimum
12494,4921,2023-08-30,1918.89,Minimum
12495,1968,2022-07-16,164.06,Minimum
12496,4460,2023-05-12,540.07,Minimum
12497,4862,2024-11-12,411.48,Full
12498,1092,2022-12-14,545.23,Full
12499,598,2023-09-26,1731.31,Minimum
12500,3970,2022-11-17,1686.6,Full
12501,3261,2023-01-06,388.25,Minimum
12502,1248,2023-12-10,946.78,Minimum
12503,3217,2022-06-26,477.44,Partial
12504,3724,2022-07-18,296.2,Partial
12505,2032,2023-12-11,1605.44,Full
12506,2984,2023-12-25,602.23,Minimum
12507,3649,2024-11-13,845.67,Partial
12508,4751,2023-02-22,467.33,Full
12509,4105,2022-05-29,715.01,Partial
12510,3547,2023-07-22,630.14,Partial
12511,2487,2023-11-07,1836.27,Partial
12512,1276,2023-02-09,917.09,Full
12513,3859,2022-08-19,810.77,Partial
12514,1194,2022-05-03,1525.86,Partial
12515,1319,2024-11-11,1128.87,Minimum
12516,3912,2023-03-26,737.39,Full
12517,1119,2022-08-29,1817.87,Partial
12518,774,2024-10-12,344.45,Minimum
12519,874,2022-09-22,694.38,Minimum
12520,3043,2024-07-18,1335.74,Partial
12521,2562,2022-12-11,1346.01,Partial
12522,146,2023-02-25,1881.55,Partial
12523,2734,2023-11-18,831.34,Partial
12524,3214,2022-05-11,938.76,Minimum
12525,4342,2022-08-27,248.92,Full
12526,3425,2023-06-16,114.22,Partial
12527,852,2022-12-16,609.74,Minimum
12528,4534,2024-11-27,45.04,Full
12529,1073,2022-09-03,493.47,Full
12530,4384,2024-01-29,556.05,Partial
12531,4693,2023-02-16,1018.93,Full
12532,4419,2023-11-28,456.34,Minimum
12533,848,2024-12-01,1131.02,Partial
12534,1160,2022-09-13,522.81,Minimum
12535,3194,2023-11-04,1045.33,Full
12536,312,2024-05-04,1197.52,Partial
12537,3507,2023-07-10,1119.98,Minimum
12538,4169,2022-05-10,1176.26,Partial
12539,4575,2022-07-13,1390.45,Partial
12540,3883,2023-11-24,339.73,Partial
12541,3062,2023-03-20,544.42,Full
12542,1710,2022-03-09,1352.97,Minimum
12543,864,2023-06-23,1364.75,Full
12544,783,2023-09-27,623.28,Partial
12545,2407,2022-09-09,1071.99,Minimum
12546,3467,2023-05-20,776.74,Minimum
12547,2085,2023-11-07,1539.25,Minimum
12548,2847,2024-07-01,1116.04,Minimum
12549,3909,2024-04-30,924.08,Full
12550,3480,2022-02-21,1584.77,Partial
12551,3783,2022-11-25,1171.63,Partial
12552,2176,2022-12-11,479.89,Partial
12553,767,2024-09-23,383.13,Partial
12554,2019,2023-01-02,848.26,Partial
12555,4071,2022-02-17,587.29,Partial
12556,3302,2024-09-09,125.11,Partial
12557,1309,2023-04-12,1761.02,Partial
12558,2922,2022-05-04,31.02,Partial
12559,3614,2022-01-31,674.87,Minimum
12560,774,2023-05-05,492.77,Partial
12561,4097,2023-05-21,1232.02,Partial
12562,1606,2024-12-07,1787.17,Partial
12563,3731,2023-03-27,1105.21,Full
12564,3617,2024-11-08,912.27,Full
12565,1776,2024-06-10,1893.59,Partial
12566,1039,2022-10-31,319.55,Partial
12567,2805,2024-05-10,1625.21,Full
12568,2861,2023-12-30,391.43,Partial
12569,4260,2023-02-08,922.99,Full
12570,80,2023-09-13,1541.76,Full
12571,1327,2022-05-19,526.02,Minimum
12572,1600,2024-11-13,1327.15,Full
12573,4768,2022-08-25,1060.21,Minimum
12574,2627,2022-06-13,825.99,Full
12575,4548,2022-07-19,662.04,Full
12576,1689,2024-08-17,1873.6,Minimum
12577,3396,2022-08-09,1458.65,Full
12578,4676,2023-12-06,76.52,Minimum
12579,3935,2022-10-09,621.61,Full
12580,2818,2022-08-05,441.3,Partial
12581,2000,2023-07-08,841.92,Minimum
12582,3069,2023-10-24,778.96,Minimum
12583,2215,2023-03-11,629.45,Partial
12584,2856,2023-06-29,596.81,Partial
12585,1779,2023-06-29,1889.16,Partial
12586,1877,2022-04-12,1811.31,Partial
12587,2936,2024-08-20,1323.35,Minimum
12588,126,2022-10-14,961.71,Full
12589,1339,2022-05-28,561.44,Partial
12590,2126,2023-02-09,941.62,Full
12591,1653,2023-11-05,288.02,Full
12592,4011,2023-07-29,555.0,Partial
12593,2359,2023-09-18,1591.32,Minimum
12594,254,2022-03-02,1334.55,Full
12595,1181,2023-02-10,1287.78,Full
12596,3971,2022-10-08,1739.74,Partial
12597,2036,2022-10-22,1558.7,Full
12598,4880,2023-05-06,136.47,Full
12599,3676,2023-03-16,1937.75,Minimum
12600,3494,2022-02-20,1437.44,Partial
12601,1241,2024-01-20,1740.31,Full
12602,1490,2024-05-08,398.15,Full
12603,4582,2024-01-15,1655.43,Partial
12604,1095,2022-06-12,203.37,Full
12605,4450,2024-01-22,237.76,Partial
12606,1034,2022-08-10,440.27,Full
12607,472,2024-02-11,1002.76,Full
12608,3722,2024-07-17,1780.29,Minimum
12609,2501,2022-10-08,459.86,Partial
12610,935,2023-05-09,70.59,Partial
12611,1504,2022-08-01,382.51,Minimum
12612,3312,2022-03-18,1256.97,Partial
12613,381,2024-05-25,1003.86,Full
12614,3421,2022-02-14,1395.53,Partial
12615,1402,2024-09-09,64.61,Full
12616,2883,2022-02-22,263.08,Partial
12617,4913,2023-02-15,217.62,Minimum
12618,543,2022-03-28,1327.59,Minimum
12619,605,2024-01-09,1426.09,Full
12620,2573,2022-04-28,886.31,Full
12621,4091,2024-01-29,1002.2,Full
12622,4626,2022-03-18,400.09,Minimum
12623,138,2023-04-18,267.33,Partial
12624,189,2022-09-24,1059.42,Partial
12625,4364,2023-01-22,360.03,Minimum
12626,203,2023-06-09,1432.87,Partial
12627,3824,2024-11-26,1089.06,Full
12628,1268,2024-05-25,1396.07,Partial
12629,3237,2024-08-09,794.62,Full
12630,3170,2022-12-18,28.41,Full
12631,3660,2024-02-08,752.41,Full
12632,760,2023-01-04,1006.92,Full
12633,2562,2022-02-24,1191.67,Partial
12634,3332,2024-10-09,777.17,Partial
12635,4424,2024-05-03,507.39,Minimum
12636,2295,2023-03-23,214.71,Full
12637,461,2024-02-12,476.2,Full
12638,2756,2023-11-18,213.05,Minimum
12639,4581,2022-08-11,838.99,Partial
12640,1491,2022-04-21,1424.51,Full
12641,2098,2024-10-22,1107.74,Partial
12642,1099,2024-08-03,940.95,Full
12643,4807,2022-06-05,399.62,Minimum
12644,2907,2024-05-26,1733.42,Full
12645,506,2023-12-02,1167.55,Full
12646,2107,2024-05-01,1212.26,Partial
12647,2185,2022-07-27,1200.06,Full
12648,1872,2024-09-21,656.8,Partial
12649,2915,2022-10-20,395.3,Full
12650,2952,2024-07-30,1368.93,Minimum
12651,53,2023-05-06,996.05,Minimum
12652,181,2022-07-14,801.83,Partial
12653,1255,2023-06-11,1503.83,Partial
12654,3685,2023-02-03,261.4,Minimum
12655,3234,2023-12-07,687.47,Full
12656,2361,2024-08-23,260.19,Full
12657,4754,2023-03-03,150.49,Partial
12658,4472,2024-10-13,1986.93,Minimum
12659,1610,2022-08-16,943.58,Partial
12660,4658,2024-05-18,1401.5,Partial
12661,816,2023-11-20,753.39,Minimum
12662,1485,2024-02-24,1273.82,Minimum
12663,3745,2023-04-01,1224.18,Minimum
12664,3249,2022-02-25,1993.77,Minimum
12665,3374,2024-02-01,30.59,Minimum
12666,4659,2022-04-30,1356.37,Partial
12667,2322,2023-12-01,966.57,Minimum
12668,1195,2023-12-01,1567.62,Partial
12669,808,2023-05-01,1174.77,Partial
12670,50,2022-11-05,707.1,Minimum
12671,608,2024-04-11,207.95,Minimum
12672,3284,2024-09-17,479.57,Minimum
12673,2099,2022-11-01,850.62,Minimum
12674,551,2024-06-02,551.59,Full
12675,3650,2023-10-07,317.46,Full
12676,1285,2023-11-10,136.1,Minimum
12677,2161,2023-08-08,750.99,Partial
12678,485,2024-03-23,1632.33,Minimum
12679,4174,2024-09-14,784.37,Minimum
12680,3712,2023-11-08,479.88,Partial
12681,4268,2023-08-15,1116.14,Full
12682,507,2022-05-02,1851.35,Full
12683,2998,2023-08-16,1379.53,Full
12684,3512,2023-08-13,1239.19,Partial
12685,3744,2024-08-30,1003.73,Partial
12686,3995,2024-05-05,176.72,Full
12687,355,2023-06-26,1814.69,Partial
12688,2939,2023-11-27,319.88,Full
12689,667,2022-08-14,413.87,Partial
12690,1557,2023-07-06,401.78,Minimum
12691,3611,2023-01-08,1288.67,Partial
12692,2995,2024-11-05,281.33,Minimum
12693,924,2022-09-23,624.35,Minimum
12694,1708,2024-11-05,385.4,Partial
12695,2464,2023-08-21,1721.7,Full
12696,2997,2023-02-23,103.44,Full
12697,4421,2022-07-27,328.27,Minimum
12698,2666,2022-02-23,30.6,Partial
12699,1252,2022-08-30,1193.9,Minimum
12700,451,2023-07-08,712.77,Full
12701,489,2023-09-01,1593.08,Partial
12702,1437,2022-12-29,297.98,Full
12703,3665,2024-07-19,1305.98,Partial
12704,4785,2023-12-07,1343.15,Minimum
12705,3182,2024-04-18,299.95,Minimum
12706,4693,2022-02-13,475.01,Full
12707,441,2024-07-16,196.84,Minimum
12708,2691,2024-05-12,904.0,Minimum
12709,2683,2023-02-23,1605.72,Minimum
12710,1172,2023-03-06,44.28,Full
12711,2942,2024-11-14,894.01,Minimum
12712,4598,2022-04-08,1802.26,Partial
12713,2616,2024-05-14,1683.32,Partial
12714,4777,2024-12-13,55.25,Full
12715,264,2022-06-29,1509.35,Full
12716,3348,2024-12-02,426.59,Partial
12717,2356,2022-04-10,449.61,Partial
12718,1526,2022-01-16,1156.92,Full
12719,4401,2024-12-08,1310.91,Full
12720,1611,2022-06-21,1074.69,Full
12721,3166,2022-08-29,1859.41,Partial
12722,3001,2022-10-31,1176.46,Minimum
12723,1242,2024-01-10,1275.2,Full
12724,4931,2022-08-30,1386.71,Full
12725,1760,2024-10-14,850.09,Partial
12726,1919,2023-01-14,877.77,Partial
12727,4294,2022-02-25,1532.27,Minimum
12728,4540,2023-04-09,1364.06,Partial
12729,4046,2024-12-25,1317.93,Minimum
12730,313,2024-01-16,591.82,Full
12731,933,2024-11-03,682.73,Minimum
12732,449,2023-08-15,244.27,Minimum
12733,2928,2023-10-09,1405.52,Full
12734,645,2022-06-09,882.14,Minimum
12735,3004,2022-06-17,720.5,Full
12736,4170,2022-12-30,490.8,Full
12737,1318,2024-09-20,353.55,Full
12738,2257,2022-07-24,1422.07,Partial
12739,3770,2024-02-08,1026.39,Partial
12740,1022,2022-11-25,1505.65,Partial
12741,2402,2022-09-11,1202.24,Full
12742,2447,2024-10-07,1760.52,Full
12743,3088,2022-08-11,1722.81,Full
12744,1463,2024-02-11,1178.52,Full
12745,3601,2023-02-14,1843.46,Minimum
12746,2688,2023-02-05,1896.31,Partial
12747,4316,2023-07-26,269.46,Partial
12748,357,2024-04-28,1946.3,Partial
12749,3082,2023-12-04,1536.17,Full
12750,1330,2024-08-31,1258.69,Minimum
12751,111,2024-03-06,1861.02,Full
12752,2998,2022-07-24,1593.28,Full
12753,3876,2022-04-11,1711.55,Minimum
12754,2003,2023-06-10,378.11,Full
12755,1498,2023-08-02,851.78,Minimum
12756,715,2024-07-31,756.86,Minimum
12757,3341,2024-01-07,529.38,Full
12758,4825,2022-01-22,515.86,Full
12759,2660,2023-12-25,358.86,Full
12760,1619,2023-10-01,1203.9,Partial
12761,494,2023-08-25,1326.74,Partial
12762,3042,2023-03-31,1944.84,Full
12763,1177,2023-09-15,1993.49,Minimum
12764,2111,2024-06-27,1030.62,Partial
12765,2524,2023-12-24,1390.71,Full
12766,1780,2024-05-14,1032.75,Minimum
12767,4147,2022-07-07,260.31,Full
12768,1004,2022-02-25,1646.6,Minimum
12769,3436,2022-06-29,787.79,Partial
12770,2485,2022-04-12,760.68,Partial
12771,1498,2022-10-18,1296.54,Minimum
12772,2472,2022-03-11,1443.71,Partial
12773,1797,2023-02-19,1412.03,Minimum
12774,2168,2024-05-30,1274.96,Partial
12775,2732,2023-07-30,1413.23,Full
12776,4689,2022-12-17,1114.61,Minimum
12777,1380,2022-11-14,685.67,Partial
12778,4159,2023-04-16,804.23,Minimum
12779,3734,2023-05-10,1912.37,Partial
12780,1483,2023-12-23,677.83,Partial
12781,88,2023-02-22,1655.38,Partial
12782,3944,2023-10-10,1245.73,Full
12783,483,2023-01-16,270.44,Partial
12784,4103,2022-09-11,122.13,Partial
12785,22,2023-04-14,1856.69,Minimum
12786,233,2023-08-14,1024.99,Full
12787,597,2022-02-24,192.47,Full
12788,2049,2023-05-19,899.37,Full
12789,2667,2023-11-19,1776.29,Minimum
12790,4561,2023-12-11,1404.87,Partial
12791,2797,2022-12-17,28.28,Partial
12792,4695,2024-12-05,1134.87,Minimum
12793,2424,2024-04-16,358.21,Partial
12794,3818,2023-10-15,638.08,Partial
12795,4474,2023-07-30,99.17,Partial
12796,4853,2023-06-24,49.89,Partial
12797,125,2023-08-16,436.3,Full
12798,1627,2023-11-14,1464.96,Partial
12799,3683,2024-04-15,1152.08,Minimum
12800,3685,2022-09-09,247.96,Partial
12801,558,2024-09-28,977.58,Full
12802,13,2024-04-27,222.91,Full
12803,2515,2024-01-09,1021.79,Partial
12804,3004,2023-02-15,1602.96,Full
12805,4490,2023-07-28,1007.94,Partial
12806,462,2024-01-05,403.48,Full
12807,145,2025-01-01,923.63,Partial
12808,3633,2024-05-31,952.73,Partial
12809,4799,2022-07-22,1335.55,Minimum
12810,2860,2022-09-12,749.29,Partial
12811,3911,2022-09-23,1378.93,Full
12812,1790,2022-10-31,855.14,Full
12813,3107,2024-08-25,1357.69,Minimum
12814,819,2022-10-09,1197.65,Partial
12815,3678,2023-03-25,1082.5,Full
12816,4427,2022-02-17,810.48,Full
12817,1194,2023-06-04,1781.32,Partial
12818,4987,2023-02-09,774.26,Minimum
12819,304,2024-05-19,1090.7,Minimum
12820,932,2024-03-20,42.85,Full
12821,559,2022-12-26,1678.74,Partial
12822,400,2023-07-24,290.17,Full
12823,44,2022-11-13,1500.37,Partial
12824,2224,2024-09-27,1953.9,Partial
12825,905,2023-06-14,574.26,Minimum
12826,3688,2024-12-18,1943.41,Partial
12827,3221,2023-07-23,40.46,Full
12828,2525,2024-05-09,1695.93,Partial
12829,3706,2023-06-09,400.61,Full
12830,1508,2022-11-27,1818.5,Minimum
12831,350,2023-08-15,1185.88,Full
12832,1449,2024-03-30,1588.46,Partial
12833,2408,2024-03-31,273.61,Partial
12834,4745,2023-09-04,898.16,Full
12835,1261,2024-11-18,371.55,Full
12836,4394,2024-08-12,716.11,Minimum
12837,2256,2024-08-08,1531.65,Partial
12838,2021,2022-02-26,559.77,Full
12839,3511,2023-02-28,1423.89,Partial
12840,560,2022-11-04,1109.2,Full
12841,1594,2023-06-12,1119.4,Full
12842,4499,2024-10-29,54.91,Partial
12843,626,2024-01-06,408.83,Minimum
12844,744,2023-11-21,1793.25,Minimum
12845,1118,2024-01-17,836.48,Full
12846,4082,2022-12-03,437.03,Full
12847,4131,2022-10-08,1371.56,Minimum
12848,1808,2022-03-18,1720.03,Full
12849,1865,2024-12-03,1569.58,Minimum
12850,512,2022-12-23,1120.12,Minimum
12851,293,2022-03-08,148.23,Full
12852,1058,2023-08-17,435.16,Partial
12853,2200,2024-05-17,1220.82,Partial
12854,4130,2022-05-29,1409.83,Partial
12855,3382,2022-01-24,1895.34,Full
12856,6,2022-10-24,1538.6,Partial
12857,1179,2024-02-05,1086.02,Minimum
12858,4264,2022-02-21,1231.22,Full
12859,3668,2023-02-12,415.54,Partial
12860,754,2023-07-26,370.03,Minimum
12861,3952,2024-09-02,348.68,Minimum
12862,1741,2024-10-08,1564.79,Minimum
12863,2366,2023-01-01,102.71,Partial
12864,3437,2022-09-05,1666.11,Full
12865,1842,2022-05-21,839.11,Full
12866,936,2024-05-26,1081.81,Full
12867,3585,2024-09-30,1592.4,Partial
12868,3819,2023-10-27,441.29,Minimum
12869,2549,2023-05-09,409.81,Partial
12870,2760,2024-05-10,998.95,Partial
12871,4527,2022-03-30,1790.54,Minimum
12872,2784,2024-08-22,1184.1,Full
12873,1363,2024-07-30,57.97,Full
12874,2966,2022-07-18,1316.42,Minimum
12875,2413,2022-03-22,1206.85,Minimum
12876,3014,2024-05-17,759.35,Partial
12877,632,2023-01-03,739.39,Partial
12878,610,2023-01-10,203.55,Minimum
12879,2644,2024-07-01,29.22,Full
12880,4461,2022-10-27,114.6,Minimum
12881,2009,2023-01-23,43.61,Minimum
12882,3643,2024-08-16,1644.11,Minimum
12883,2416,2023-03-19,1833.21,Minimum
12884,4210,2023-01-11,67.31,Partial
12885,2173,2023-04-21,1040.8,Minimum
12886,1038,2022-08-08,351.66,Full
12887,2581,2024-06-16,1007.53,Minimum
12888,1939,2023-12-10,1039.6,Minimum
12889,1757,2022-01-17,180.78,Full
12890,4410,2022-11-29,1062.26,Minimum
12891,2479,2022-12-11,1813.16,Minimum
12892,3398,2024-04-17,43.87,Full
12893,4133,2024-12-12,1097.31,Minimum
12894,1491,2024-06-13,317.08,Partial
12895,2066,2023-12-30,1382.04,Minimum
12896,134,2024-06-27,187.56,Minimum
12897,1038,2023-07-27,1809.63,Full
12898,728,2023-06-09,282.64,Partial
12899,852,2024-01-20,1258.84,Full
12900,819,2022-06-26,1999.77,Full
12901,2221,2023-12-28,1748.45,Partial
12902,1059,2023-07-21,1892.57,Minimum
12903,1631,2024-10-13,1134.14,Full
12904,1171,2023-02-01,167.79,Partial
12905,4484,2024-08-12,950.82,Minimum
12906,2668,2023-04-13,945.19,Minimum
12907,476,2023-04-04,776.47,Minimum
12908,4685,2024-01-17,1690.29,Partial
12909,2175,2022-08-13,1802.7,Full
12910,1723,2024-12-08,1682.46,Full
12911,1248,2023-07-04,522.13,Full
12912,3383,2023-06-01,412.92,Minimum
12913,4281,2023-10-01,110.31,Full
12914,2828,2023-04-11,1251.86,Full
12915,1139,2022-01-12,1265.86,Minimum
12916,2101,2022-06-07,400.56,Minimum
12917,2762,2024-07-11,1313.1,Full
12918,1505,2024-12-28,23.09,Full
12919,3000,2024-01-28,579.52,Full
12920,1919,2023-10-09,928.18,Partial
12921,4676,2023-10-08,216.45,Full
12922,1277,2024-09-14,904.74,Partial
12923,2481,2022-11-29,422.1,Full
12924,196,2022-03-10,569.64,Full
12925,1311,2023-06-26,966.66,Minimum
12926,2513,2022-04-19,1774.88,Minimum
12927,1760,2024-09-18,1165.25,Partial
12928,1473,2022-03-01,54.98,Partial
12929,1215,2022-07-02,304.15,Partial
12930,633,2024-08-23,145.42,Minimum
12931,2579,2022-05-01,388.81,Full
12932,3012,2022-08-22,700.45,Partial
12933,3798,2024-08-16,366.62,Minimum
12934,55,2023-04-21,934.12,Minimum
12935,754,2024-10-22,1651.88,Minimum
12936,3154,2024-03-16,1654.57,Full
12937,323,2024-09-15,692.47,Partial
12938,3094,2022-09-02,666.81,Full
12939,2008,2024-06-10,1496.59,Minimum
12940,169,2024-09-23,841.84,Minimum
12941,1845,2024-05-27,1940.83,Partial
12942,782,2022-10-26,901.01,Minimum
12943,2992,2022-08-26,501.5,Minimum
12944,2441,2022-06-16,39.44,Minimum
12945,2293,2022-07-16,1909.14,Full
12946,1591,2022-02-20,255.11,Full
12947,698,2024-03-11,366.85,Partial
12948,1246,2024-07-06,95.91,Full
12949,2549,2022-01-22,940.58,Minimum
12950,3267,2024-02-27,828.6,Partial
12951,3332,2023-04-01,1635.22,Full
12952,2143,2024-04-30,1119.61,Minimum
12953,4462,2024-09-20,1172.94,Partial
12954,927,2023-05-21,1584.68,Full
12955,3376,2024-12-06,1174.21,Partial
12956,4596,2022-03-15,1139.45,Partial
12957,692,2022-10-04,1858.48,Minimum
12958,1046,2022-10-13,885.36,Partial
12959,3688,2024-05-27,1276.18,Minimum
12960,461,2022-07-30,780.98,Partial
12961,1771,2024-11-17,1308.34,Minimum
12962,3934,2024-12-22,39.91,Full
12963,1411,2025-01-01,1458.83,Partial
12964,2819,2022-06-22,1567.89,Minimum
12965,4207,2022-01-15,1757.19,Minimum
12966,1938,2024-10-29,1009.67,Minimum
12967,924,2024-12-24,586.64,Minimum
12968,4843,2023-10-18,1466.35,Partial
12969,2036,2023-06-07,1899.06,Full
12970,34,2022-01-21,1544.31,Minimum
12971,346,2023-04-17,1824.14,Minimum
12972,4063,2022-06-26,256.29,Partial
12973,1468,2023-10-04,1850.03,Partial
12974,3800,2024-07-05,1427.34,Minimum
12975,4466,2022-01-15,1648.12,Full
12976,2715,2024-11-26,853.38,Minimum
12977,551,2022-12-01,1148.54,Full
12978,496,2022-11-14,1234.4,Partial
12979,4839,2024-05-01,1047.17,Full
12980,3419,2023-03-05,211.22,Minimum
12981,3405,2022-08-20,479.33,Partial
12982,945,2024-03-24,296.3,Minimum
12983,1862,2022-11-15,1659.66,Partial
12984,3211,2022-04-28,757.72,Partial
12985,2628,2022-06-12,590.22,Full
12986,4283,2023-04-30,452.29,Partial
12987,319,2023-12-20,1410.35,Minimum
12988,4266,2024-09-01,1049.74,Full
12989,1785,2023-08-10,1192.3,Full
12990,1580,2024-03-10,1517.56,Partial
12991,910,2022-04-17,1940.27,Full
12992,1069,2024-06-27,1487.56,Partial
12993,4961,2022-12-21,1942.82,Partial
12994,1535,2024-01-27,1401.35,Partial
12995,641,2024-10-13,1360.89,Full
12996,3904,2022-08-18,305.58,Partial
12997,4073,2022-09-24,204.09,Minimum
12998,3742,2022-05-02,67.38,Full
12999,2033,2023-06-20,1393.57,Full
13000,3887,2024-03-05,1305.13,Partial
13001,4912,2022-05-31,1270.03,Full
13002,3275,2022-12-20,1257.65,Minimum
13003,3596,2022-10-25,1382.96,Full
13004,1537,2023-08-27,1674.33,Minimum
13005,1144,2023-04-17,1457.69,Partial
13006,4702,2023-01-20,1206.61,Minimum
13007,3535,2022-08-24,451.51,Full
13008,3544,2024-01-27,1539.2,Full
13009,2126,2024-04-09,514.26,Minimum
13010,748,2024-02-03,1367.02,Partial
13011,1276,2022-06-21,286.71,Minimum
13012,3453,2024-05-07,1029.88,Minimum
13013,1060,2023-01-30,1273.16,Full
13014,1858,2023-12-10,1634.06,Full
13015,1921,2023-01-31,1411.03,Minimum
13016,2589,2022-12-24,1616.74,Minimum
13017,4279,2022-11-12,1713.32,Partial
13018,2736,2024-12-21,1755.81,Minimum
13019,3407,2023-02-02,1764.45,Partial
13020,2183,2022-10-27,541.74,Minimum
13021,610,2024-03-12,1619.65,Partial
13022,2326,2023-03-30,53.52,Partial
13023,3022,2023-05-06,1873.36,Full
13024,1363,2022-08-17,388.7,Full
13025,86,2022-05-19,1769.34,Full
13026,357,2023-05-07,1612.52,Minimum
13027,464,2024-02-14,791.29,Full
13028,4131,2022-08-03,1927.53,Partial
13029,969,2024-01-29,206.24,Full
13030,2664,2023-12-02,596.17,Full
13031,858,2022-02-10,521.39,Minimum
13032,2537,2023-10-17,36.26,Minimum
13033,2764,2024-01-21,345.94,Minimum
13034,1579,2024-09-30,1592.19,Partial
13035,193,2024-08-22,1666.94,Minimum
13036,2534,2023-12-04,1495.19,Full
13037,1830,2024-01-09,1104.13,Partial
13038,4387,2024-10-08,1271.97,Partial
13039,1350,2024-06-27,1171.48,Full
13040,3840,2022-01-04,519.58,Partial
13041,2057,2023-05-29,781.58,Partial
13042,2595,2024-06-05,1640.41,Partial
13043,3672,2023-01-08,205.63,Full
13044,430,2022-03-29,96.68,Partial
13045,3529,2023-10-03,1382.36,Minimum
13046,4403,2024-04-21,1680.07,Minimum
13047,2256,2022-10-06,1242.22,Full
13048,1368,2024-11-30,1529.43,Minimum
13049,3500,2023-03-06,1955.08,Partial
13050,3936,2024-05-11,1269.27,Full
13051,2937,2022-02-17,899.36,Full
13052,2964,2024-06-29,1986.49,Minimum
13053,2199,2022-03-18,1264.63,Full
13054,4286,2022-09-13,371.42,Minimum
13055,1954,2023-09-28,1376.57,Minimum
13056,3260,2024-01-09,1491.4,Full
13057,3551,2023-06-28,42.32,Partial
13058,4231,2024-05-27,877.33,Full
13059,3543,2024-02-23,1893.72,Minimum
13060,1984,2023-10-20,1636.16,Minimum
13061,82,2024-01-12,425.38,Full
13062,3875,2023-01-24,623.2,Minimum
13063,2616,2023-05-18,1327.16,Minimum
13064,3850,2024-01-12,1827.06,Minimum
13065,4526,2023-04-22,1758.74,Full
13066,1371,2024-06-19,500.72,Full
13067,2983,2023-03-07,1369.35,Partial
13068,1509,2024-10-13,1137.06,Minimum
13069,2879,2024-07-22,764.05,Full
13070,81,2023-03-22,616.07,Full
13071,3692,2023-10-30,1006.67,Minimum
13072,3164,2023-06-16,1145.58,Partial
13073,3448,2022-02-17,1800.98,Full
13074,1407,2022-01-04,1503.31,Full
13075,785,2022-11-04,139.13,Minimum
13076,159,2022-12-05,370.26,Minimum
13077,2202,2022-12-20,490.7,Partial
13078,2284,2024-01-14,427.93,Minimum
13079,4615,2022-01-05,606.26,Partial
13080,1364,2023-08-13,824.69,Full
13081,3061,2024-02-06,53.46,Full
13082,2673,2024-09-02,155.02,Full
13083,2893,2023-07-07,1331.41,Partial
13084,4809,2023-12-15,1209.42,Full
13085,4107,2022-07-27,1755.17,Minimum
13086,2541,2023-05-24,1910.93,Minimum
13087,701,2023-12-03,1468.75,Minimum
13088,227,2024-09-14,801.45,Partial
13089,2036,2022-07-11,1492.99,Full
13090,4245,2022-07-30,1165.82,Minimum
13091,2968,2023-09-20,1887.26,Full
13092,641,2022-05-20,1810.88,Minimum
13093,2071,2022-09-20,1683.65,Minimum
13094,4968,2024-03-08,1307.77,Partial
13095,3935,2023-12-23,358.56,Minimum
13096,572,2023-10-25,1543.93,Full
13097,261,2022-10-11,1760.09,Partial
13098,3308,2024-07-12,1506.81,Minimum
13099,1323,2022-12-25,1179.54,Partial
13100,2748,2024-04-28,1493.85,Partial
13101,3046,2023-05-05,744.98,Minimum
13102,961,2023-02-10,297.62,Full
13103,574,2024-08-06,689.31,Full
13104,3643,2024-05-30,1723.59,Partial
13105,4273,2022-08-23,1794.05,Minimum
13106,398,2024-11-15,417.17,Minimum
13107,3153,2024-03-22,193.26,Full
13108,2559,2022-01-08,213.97,Full
13109,1207,2024-05-19,1100.52,Minimum
13110,4574,2024-03-18,548.73,Full
13111,2660,2022-11-01,866.86,Partial
13112,2356,2022-08-01,1100.08,Full
13113,3666,2023-01-07,133.12,Full
13114,1672,2024-07-11,1582.72,Minimum
13115,2670,2024-05-23,375.22,Full
13116,1069,2024-12-30,913.75,Full
13117,4592,2022-02-24,1745.15,Minimum
13118,3095,2024-07-31,1647.99,Minimum
13119,4080,2022-11-09,1779.42,Partial
13120,195,2024-04-18,1429.04,Full
13121,897,2022-03-10,485.81,Minimum
13122,3961,2023-04-12,805.67,Minimum
13123,4033,2022-04-25,219.99,Minimum
13124,3071,2024-10-17,758.07,Full
13125,4344,2022-12-23,29.76,Minimum
13126,4523,2022-12-10,1094.19,Full
13127,4262,2024-01-04,122.5,Minimum
13128,1957,2022-07-04,238.4,Minimum
13129,2590,2024-12-09,1173.23,Minimum
13130,4729,2023-07-12,150.41,Minimum
13131,3815,2022-03-24,1387.06,Minimum
13132,4258,2024-03-02,1354.72,Full
13133,2159,2022-10-19,1831.92,Partial
13134,756,2022-04-01,947.81,Full
13135,2721,2024-01-22,1986.17,Partial
13136,1818,2022-09-23,1845.29,Partial
13137,3838,2022-12-28,875.0,Full
13138,4960,2024-11-01,644.74,Partial
13139,3574,2023-01-26,987.58,Partial
13140,3737,2023-03-20,953.59,Partial
13141,2778,2023-03-07,337.77,Full
13142,3482,2024-04-17,1607.88,Full
13143,2361,2022-11-28,211.08,Minimum
13144,613,2023-04-26,249.87,Minimum
13145,3343,2024-08-23,1165.25,Minimum
13146,2108,2024-02-18,474.63,Partial
13147,4952,2022-01-03,1771.57,Full
13148,1406,2023-04-13,1996.31,Minimum
13149,2315,2024-09-24,326.71,Full
13150,3772,2022-01-01,1878.75,Full
13151,449,2023-05-25,1580.7,Partial
13152,3880,2022-03-31,769.74,Minimum
13153,318,2022-01-17,1075.74,Partial
13154,973,2023-07-01,795.22,Partial
13155,1058,2024-09-16,1037.82,Partial
13156,824,2022-02-16,1038.91,Full
13157,3622,2022-04-17,1522.99,Partial
13158,4544,2023-02-11,1333.05,Partial
13159,2590,2024-10-15,173.6,Partial
13160,2498,2023-08-08,610.37,Full
13161,2276,2023-06-28,185.97,Partial
13162,1081,2024-06-07,865.89,Partial
13163,3304,2024-10-22,976.81,Full
13164,2492,2023-08-10,724.98,Full
13165,1956,2023-01-18,374.14,Partial
13166,3554,2022-03-22,749.79,Minimum
13167,3526,2022-11-23,1386.59,Minimum
13168,592,2024-10-27,262.36,Minimum
13169,417,2022-04-20,1059.08,Partial
13170,225,2023-12-13,1402.14,Partial
13171,140,2024-06-02,428.18,Partial
13172,2862,2023-06-05,1844.47,Partial
13173,1520,2024-07-29,288.57,Partial
13174,3237,2023-12-30,332.76,Partial
13175,1991,2024-06-02,266.99,Partial
13176,101,2023-08-16,1602.66,Full
13177,3746,2022-08-20,210.31,Full
13178,3690,2022-01-20,1021.33,Partial
13179,1991,2022-02-18,1777.58,Minimum
13180,2971,2023-05-07,1146.45,Full
13181,4360,2024-04-07,738.46,Minimum
13182,3067,2024-12-18,918.01,Full
13183,1572,2022-12-12,71.58,Minimum
13184,634,2024-10-02,1012.31,Partial
13185,3348,2024-01-22,1803.17,Minimum
13186,4198,2024-02-11,1751.37,Partial
13187,1914,2024-09-26,157.98,Partial
13188,3918,2024-03-16,991.35,Full
13189,3258,2024-01-05,216.92,Minimum
13190,3417,2022-09-05,1183.0,Minimum
13191,4358,2022-08-16,923.34,Partial
13192,3950,2023-05-18,1355.84,Partial
13193,1798,2024-10-25,1022.02,Partial
13194,4655,2023-08-22,888.75,Minimum
13195,1,2023-07-05,723.47,Partial
13196,3437,2023-09-29,150.09,Minimum
13197,153,2024-09-06,1384.57,Full
13198,2733,2022-04-01,366.31,Minimum
13199,2848,2024-04-28,1638.8,Minimum
13200,860,2022-08-01,659.82,Full
13201,4327,2022-01-23,1372.6,Partial
13202,2348,2023-10-09,1961.29,Partial
13203,1161,2023-10-19,912.01,Full
13204,509,2022-03-18,1547.33,Minimum
13205,665,2023-06-16,1588.13,Full
13206,2985,2024-05-12,86.54,Minimum
13207,4828,2023-12-28,1085.35,Minimum
13208,1779,2023-07-28,662.07,Full
13209,2919,2023-08-14,905.03,Partial
13210,4967,2022-11-10,614.55,Partial
13211,2613,2024-08-12,1091.74,Minimum
13212,2722,2023-11-11,1806.77,Minimum
13213,3703,2024-12-09,120.75,Full
13214,3040,2022-11-23,445.34,Full
13215,3271,2022-01-11,1788.63,Full
13216,104,2022-07-28,163.95,Full
13217,1206,2023-04-11,749.81,Minimum
13218,1029,2024-10-15,517.97,Minimum
13219,4956,2024-03-26,366.04,Minimum
13220,3136,2024-09-20,559.57,Minimum
13221,4664,2022-12-19,1171.37,Full
13222,1902,2022-12-18,1936.75,Minimum
13223,2054,2024-11-21,840.27,Minimum
13224,1147,2022-11-07,903.86,Minimum
13225,4410,2023-06-11,810.55,Partial
13226,1686,2023-01-19,1911.71,Minimum
13227,4198,2022-11-01,279.53,Partial
13228,3415,2024-08-20,624.7,Full
13229,306,2024-09-21,79.57,Partial
13230,3042,2022-06-15,701.4,Full
13231,3319,2023-03-31,569.67,Partial
13232,4414,2023-11-11,500.99,Full
13233,1372,2022-05-30,461.09,Minimum
13234,28,2024-06-25,680.2,Minimum
13235,3375,2022-01-30,519.24,Full
13236,4852,2024-09-10,143.35,Full
13237,2768,2023-02-21,542.21,Minimum
13238,3637,2023-06-24,1954.79,Minimum
13239,123,2022-07-10,1890.43,Partial
13240,536,2024-03-21,1434.8,Partial
13241,4760,2022-07-14,399.64,Full
13242,1300,2022-12-09,1158.95,Partial
13243,1034,2023-06-13,1683.65,Full
13244,3129,2024-12-10,239.12,Minimum
13245,3852,2023-06-01,1070.71,Partial
13246,4690,2023-05-06,627.75,Partial
13247,4769,2024-11-06,813.49,Full
13248,363,2023-09-27,1093.57,Full
13249,3741,2024-09-28,969.08,Full
13250,3945,2024-05-31,1839.65,Partial
13251,843,2024-12-03,1075.7,Full
13252,1212,2022-03-18,1367.91,Partial
13253,2252,2023-04-28,1122.63,Minimum
13254,1434,2023-11-15,820.42,Full
13255,3696,2022-03-24,427.84,Minimum
13256,391,2022-06-16,180.53,Partial
13257,1927,2023-04-12,1361.27,Full
13258,1481,2023-11-05,220.89,Minimum
13259,20,2023-05-20,185.06,Partial
13260,4659,2023-06-25,1832.67,Full
13261,2924,2023-03-25,1941.17,Full
13262,1689,2023-09-17,1210.65,Partial
13263,579,2024-04-22,83.07,Minimum
13264,2578,2023-11-13,1530.05,Partial
13265,3024,2022-03-15,1038.45,Minimum
13266,3894,2022-04-29,1554.95,Full
13267,956,2023-10-07,839.22,Partial
13268,2440,2022-02-06,1494.84,Partial
13269,4008,2023-07-29,1594.72,Full
13270,2219,2022-11-08,1102.01,Minimum
13271,3679,2022-01-28,1938.29,Full
13272,3786,2022-01-14,628.15,Minimum
13273,1594,2023-04-23,1893.21,Partial
13274,1491,2023-06-12,107.55,Minimum
13275,3302,2023-08-22,1614.56,Partial
13276,990,2023-01-27,1129.31,Partial
13277,4445,2023-08-05,700.07,Full
13278,4102,2024-09-03,170.72,Full
13279,4852,2022-12-30,1385.92,Partial
13280,3555,2022-10-12,1357.66,Full
13281,3330,2023-08-15,1457.18,Minimum
13282,848,2024-07-25,1490.39,Full
13283,1396,2022-12-06,255.22,Minimum
13284,3808,2023-08-25,1720.5,Minimum
13285,4200,2023-12-28,310.99,Minimum
13286,2378,2024-12-29,1140.56,Full
13287,4710,2023-04-06,1597.79,Partial
13288,3802,2023-05-22,1999.77,Minimum
13289,4551,2022-04-24,402.63,Partial
13290,2263,2022-11-28,593.87,Full
13291,3353,2023-05-18,606.11,Minimum
13292,233,2024-12-27,1427.93,Full
13293,3408,2024-02-13,1029.29,Full
13294,2462,2023-03-27,803.54,Partial
13295,1410,2022-09-10,1894.2,Partial
13296,309,2024-06-16,1158.28,Full
13297,2051,2023-01-09,1674.61,Full
13298,2798,2023-03-02,1930.98,Minimum
13299,4689,2023-07-26,1018.87,Full
13300,3592,2024-08-05,1806.85,Full
13301,2114,2023-08-28,1601.7,Full
13302,691,2022-04-19,1994.74,Full
13303,3899,2024-12-17,911.7,Minimum
13304,1842,2024-11-12,62.68,Full
13305,3515,2022-12-12,236.28,Partial
13306,1908,2022-02-17,1506.31,Full
13307,3060,2024-03-19,1630.31,Partial
13308,2507,2023-02-23,733.17,Partial
13309,3750,2023-02-11,248.51,Minimum
13310,4180,2022-02-18,1423.97,Minimum
13311,170,2024-10-15,1277.1,Minimum
13312,3200,2022-06-12,129.02,Minimum
13313,1982,2023-07-15,1103.73,Partial
13314,1398,2023-08-03,510.17,Full
13315,1588,2022-05-09,249.58,Minimum
13316,1703,2023-09-06,379.34,Minimum
13317,3677,2023-05-06,435.35,Partial
13318,843,2022-04-11,337.11,Minimum
13319,106,2024-04-28,380.51,Partial
13320,2147,2024-12-14,1085.91,Minimum
13321,2062,2023-03-05,109.07,Minimum
13322,4455,2022-12-06,610.07,Minimum
13323,181,2022-04-29,235.42,Minimum
13324,613,2024-06-28,1251.02,Minimum
13325,3462,2022-02-15,1896.99,Minimum
13326,41,2023-09-29,107.99,Minimum
13327,4308,2024-10-11,1793.46,Partial
13328,2447,2023-07-08,1534.96,Minimum
13329,2383,2024-12-14,1098.15,Partial
13330,4196,2022-06-25,1899.62,Full
13331,737,2023-11-03,456.95,Minimum
13332,273,2023-04-17,107.37,Minimum
13333,1194,2024-09-07,1571.78,Partial
13334,2835,2022-10-23,263.71,Minimum
13335,425,2022-08-08,1668.97,Partial
13336,4280,2022-05-14,1837.44,Partial
13337,4601,2022-01-11,512.16,Full
13338,1274,2022-07-14,1729.12,Full
13339,2636,2022-11-28,1076.31,Minimum
13340,3127,2024-06-03,707.93,Minimum
13341,648,2024-07-09,573.77,Minimum
13342,15,2023-07-20,1574.51,Partial
13343,1953,2024-05-06,1331.87,Partial
13344,4454,2023-10-16,1689.98,Minimum
13345,4046,2023-05-06,1234.6,Full
13346,611,2022-08-18,726.69,Minimum
13347,3459,2024-12-05,734.63,Full
13348,1392,2022-05-29,1826.23,Minimum
13349,3717,2024-11-10,1341.52,Partial
13350,1935,2023-02-27,1688.15,Full
13351,3655,2023-03-08,1528.31,Partial
13352,653,2023-06-22,422.94,Partial
13353,3577,2023-04-16,919.87,Full
13354,4973,2023-02-04,186.03,Partial
13355,207,2023-06-09,1676.34,Partial
13356,3727,2024-08-26,1127.57,Minimum
13357,4278,2022-10-28,1827.68,Partial
13358,1737,2022-01-01,353.13,Full
13359,3762,2023-02-01,1848.29,Full
13360,3209,2024-01-16,1776.73,Full
13361,4812,2024-03-17,338.78,Full
13362,3229,2022-12-26,1530.2,Full
13363,4028,2024-10-03,951.82,Minimum
13364,4370,2024-04-05,542.82,Full
13365,4991,2024-10-11,1844.36,Full
13366,732,2023-07-17,1595.57,Full
13367,4694,2023-07-16,344.71,Minimum
13368,147,2023-12-17,1903.13,Full
13369,4215,2022-05-18,1065.47,Full
13370,3907,2024-08-19,1105.13,Partial
13371,3984,2023-11-22,1345.94,Minimum
13372,2890,2024-12-25,852.53,Partial
13373,1453,2023-11-20,751.79,Full
13374,4634,2023-03-02,1523.79,Full
13375,4004,2023-10-27,991.63,Full
13376,1816,2022-06-01,1164.78,Full
13377,3027,2024-09-13,726.44,Full
13378,3912,2024-01-29,1192.94,Minimum
13379,1825,2023-01-11,1326.83,Partial
13380,3007,2023-11-13,513.65,Partial
13381,3979,2022-10-10,1845.49,Partial
13382,1668,2024-06-18,1031.4,Full
13383,3458,2023-02-19,753.95,Partial
13384,3396,2022-08-08,1399.82,Full
13385,3051,2024-02-07,1880.28,Minimum
13386,3142,2024-09-10,1098.63,Full
13387,4307,2023-02-10,675.78,Minimum
13388,3872,2024-11-08,1333.87,Full
13389,1841,2024-10-07,1844.84,Full
13390,781,2022-04-16,377.32,Full
13391,4812,2024-08-08,1078.02,Partial
13392,341,2022-02-11,458.77,Minimum
13393,4686,2023-03-15,1075.62,Minimum
13394,3526,2022-01-10,1557.34,Partial
13395,447,2023-09-13,1610.7,Minimum
13396,1683,2022-02-28,91.29,Partial
13397,3996,2022-10-13,616.03,Partial
13398,4904,2022-06-14,425.01,Partial
13399,4173,2023-08-25,592.7,Partial
13400,3796,2023-12-09,936.14,Partial
13401,1199,2023-05-18,158.97,Full
13402,1134,2022-01-05,992.52,Partial
13403,229,2023-04-18,1472.22,Partial
13404,85,2022-09-24,1003.85,Minimum
13405,1052,2022-09-03,1308.71,Minimum
13406,2988,2022-12-09,1558.51,Full
13407,900,2022-02-03,1864.42,Partial
13408,147,2022-03-19,1687.94,Partial
13409,4561,2022-04-15,1701.52,Partial
13410,472,2024-12-20,636.46,Partial
13411,1091,2024-06-06,726.88,Minimum
13412,892,2024-07-02,587.9,Minimum
13413,1566,2023-11-08,1712.02,Minimum
13414,3662,2024-01-19,783.68,Minimum
13415,110,2024-02-05,36.74,Full
13416,1372,2022-05-17,202.43,Partial
13417,1343,2022-06-27,270.24,Full
13418,1488,2023-05-16,135.57,Full
13419,3471,2024-05-15,1182.14,Partial
13420,106,2023-03-14,178.08,Partial
13421,4631,2024-11-07,1312.09,Minimum
13422,4384,2023-07-24,514.7,Partial
13423,150,2023-12-11,1557.71,Partial
13424,1243,2023-07-31,1241.54,Minimum
13425,3388,2023-04-10,1801.73,Full
13426,4819,2024-02-07,938.93,Partial
13427,4468,2022-11-15,795.11,Partial
13428,359,2023-08-19,670.06,Minimum
13429,3988,2023-05-04,379.93,Partial
13430,4,2024-06-18,680.41,Minimum
13431,4058,2023-07-23,36.63,Minimum
13432,1788,2024-12-31,1825.39,Minimum
13433,916,2023-03-11,1947.73,Minimum
13434,2120,2024-10-05,1806.18,Partial
13435,1274,2023-02-17,158.13,Minimum
13436,3636,2023-08-20,301.01,Partial
13437,4942,2024-06-15,1658.11,Minimum
13438,4446,2022-07-06,1006.05,Full
13439,4855,2024-06-04,137.34,Partial
13440,3005,2024-12-07,663.28,Partial
13441,4675,2022-11-24,741.81,Minimum
13442,1730,2023-07-01,1290.81,Minimum
13443,4385,2022-06-16,146.6,Full
13444,2245,2024-07-30,1807.8,Partial
13445,2961,2022-05-30,195.69,Partial
13446,298,2024-05-14,772.88,Full
13447,4822,2024-09-22,95.53,Minimum
13448,3336,2022-03-10,1199.55,Partial
13449,2665,2023-11-02,1798.33,Full
13450,3249,2023-10-08,1754.31,Partial
13451,1776,2022-04-25,923.43,Minimum
13452,3144,2023-03-29,445.51,Minimum
13453,1820,2022-10-16,426.06,Full
13454,3233,2024-04-10,292.93,Minimum
13455,125,2022-04-07,1116.69,Minimum
13456,3903,2024-08-08,422.59,Partial
13457,4812,2022-01-21,943.81,Full
13458,1184,2022-06-17,1945.51,Minimum
13459,3832,2022-04-05,284.2,Partial
13460,724,2022-09-30,682.78,Full
13461,3811,2023-08-04,1554.24,Minimum
13462,3051,2024-09-10,802.65,Minimum
13463,1665,2024-01-24,1138.64,Minimum
13464,2148,2022-05-09,86.46,Full
13465,1248,2022-04-11,222.48,Partial
13466,827,2023-05-10,1098.52,Minimum
13467,3601,2024-09-18,147.43,Partial
13468,1683,2024-12-11,1735.85,Partial
13469,1777,2024-02-29,1692.75,Full
13470,4563,2024-07-13,24.01,Partial
13471,3045,2022-11-04,147.89,Minimum
13472,1954,2023-11-28,1571.84,Partial
13473,698,2023-12-22,1402.91,Partial
13474,4691,2024-06-24,190.65,Full
13475,1850,2023-05-02,430.18,Full
13476,4846,2024-06-17,555.0,Minimum
13477,1774,2023-04-18,1143.85,Full
13478,770,2024-07-01,640.54,Partial
13479,4752,2024-11-03,452.96,Minimum
13480,3852,2023-11-11,614.86,Minimum
13481,2269,2023-07-13,1945.07,Partial
13482,2519,2024-09-12,774.27,Full
13483,1085,2022-04-08,1441.92,Full
13484,3647,2024-04-23,863.56,Partial
13485,2759,2024-01-23,197.31,Minimum
13486,1840,2022-03-29,257.18,Minimum
13487,2104,2023-01-09,905.86,Minimum
13488,2781,2024-12-10,1647.19,Full
13489,4254,2023-05-15,547.07,Minimum
13490,4419,2023-01-25,1088.56,Minimum
13491,1896,2023-09-28,1306.27,Full
13492,4080,2023-08-27,1868.84,Full
13493,1743,2022-09-18,939.49,Partial
13494,2598,2024-09-06,681.77,Partial
13495,2693,2023-05-11,1212.51,Minimum
13496,3679,2023-06-16,607.64,Partial
13497,3102,2023-05-14,769.32,Partial
13498,2376,2024-05-18,816.37,Partial
13499,3484,2024-05-31,856.32,Minimum
13500,2811,2024-09-18,288.74,Partial
13501,862,2024-03-04,230.43,Full
13502,1300,2023-03-01,836.39,Full
13503,1390,2024-03-03,176.2,Full
13504,1384,2023-02-22,919.56,Full
13505,2187,2024-04-03,1891.43,Minimum
13506,1053,2023-10-14,1174.4,Minimum
13507,1615,2024-05-26,41.28,Full
13508,1654,2024-09-22,990.21,Partial
13509,2003,2024-07-01,237.65,Full
13510,3349,2024-08-25,944.36,Partial
13511,2542,2022-09-05,1949.28,Full
13512,81,2024-04-16,1896.33,Full
13513,1953,2023-11-30,859.03,Partial
13514,3639,2022-03-09,1847.44,Full
13515,2563,2024-02-19,146.16,Minimum
13516,3623,2024-02-20,325.1,Full
13517,1644,2024-04-19,399.71,Full
13518,3064,2024-02-07,126.08,Minimum
13519,4970,2022-07-30,1237.13,Full
13520,1943,2022-10-23,1169.82,Partial
13521,4348,2023-11-29,1172.35,Full
13522,2484,2023-11-22,539.31,Minimum
13523,243,2024-10-03,1316.3,Partial
13524,1169,2024-07-13,115.47,Partial
13525,3336,2023-10-11,473.05,Minimum
13526,4461,2024-01-26,1898.87,Full
13527,3872,2023-09-09,49.07,Full
13528,856,2023-01-25,267.79,Minimum
13529,1696,2023-01-27,1941.37,Minimum
13530,3941,2023-01-04,1618.42,Minimum
13531,4470,2022-11-08,1434.84,Partial
13532,2509,2024-04-05,1912.82,Full
13533,1074,2024-11-08,370.89,Partial
13534,1898,2023-06-03,936.36,Full
13535,603,2022-10-17,366.2,Full
13536,1062,2024-05-04,1487.9,Minimum
13537,4593,2022-05-31,1703.04,Partial
13538,721,2024-12-08,1726.85,Partial
13539,4317,2022-02-22,869.3,Partial
13540,28,2023-09-20,1585.53,Full
13541,261,2022-11-14,1913.83,Partial
13542,1987,2023-04-20,1245.22,Minimum
13543,1637,2024-02-27,1708.46,Minimum
13544,3730,2023-12-20,1556.04,Partial
13545,4389,2023-04-16,650.9,Partial
13546,4726,2024-05-25,1828.21,Minimum
13547,2654,2024-06-10,1691.17,Full
13548,748,2022-01-31,496.42,Full
13549,1008,2023-03-11,168.24,Partial
13550,1264,2023-08-26,1028.6,Full
13551,2378,2023-12-13,419.15,Minimum
13552,4602,2023-06-03,994.85,Full
13553,2965,2023-06-20,1754.42,Full
13554,4827,2022-12-15,161.12,Full
13555,997,2023-05-21,304.88,Partial
13556,4688,2024-11-16,360.0,Full
13557,1956,2023-01-06,1679.67,Minimum
13558,4449,2022-09-15,192.28,Partial
13559,1452,2023-06-24,635.31,Partial
13560,4884,2022-12-28,96.59,Minimum
13561,1496,2023-10-23,1549.17,Minimum
13562,922,2024-02-18,1288.73,Minimum
13563,905,2022-09-16,384.61,Partial
13564,2638,2024-01-09,476.27,Full
13565,1603,2023-08-16,254.37,Full
13566,888,2022-06-17,1035.87,Partial
13567,1605,2023-01-02,214.9,Partial
13568,1897,2023-05-25,351.61,Minimum
13569,1148,2024-07-19,1004.15,Minimum
13570,4153,2023-10-09,1474.35,Partial
13571,2828,2024-12-14,577.46,Full
13572,4380,2024-05-14,462.48,Minimum
13573,3980,2024-08-31,1514.32,Partial
13574,4581,2022-08-29,520.54,Full
13575,906,2024-04-20,1388.84,Full
13576,2580,2023-12-10,1041.4,Partial
13577,4153,2022-05-02,1021.78,Full
13578,3887,2023-10-29,974.9,Full
13579,1507,2024-05-21,177.24,Full
13580,778,2024-07-09,1932.53,Partial
13581,3067,2023-07-15,944.35,Partial
13582,4964,2023-01-08,850.66,Minimum
13583,470,2022-09-03,206.81,Full
13584,4505,2023-08-23,838.25,Minimum
13585,2922,2023-05-11,1495.98,Full
13586,1715,2024-06-01,431.28,Full
13587,2734,2024-11-13,1348.92,Full
13588,1187,2024-06-25,1501.23,Minimum
13589,2748,2022-05-02,1253.67,Minimum
13590,4233,2023-01-05,1952.48,Minimum
13591,595,2022-05-10,887.43,Minimum
13592,959,2022-11-25,628.03,Full
13593,465,2022-03-05,88.6,Partial
13594,57,2022-03-04,508.52,Minimum
13595,1196,2023-05-04,1415.78,Minimum
13596,2554,2024-07-23,625.5,Minimum
13597,1829,2022-02-20,630.75,Full
13598,3002,2023-10-21,1423.51,Minimum
13599,727,2023-01-08,1164.73,Full
13600,649,2022-06-05,873.29,Minimum
13601,2435,2023-01-26,138.64,Full
13602,918,2023-08-14,286.6,Partial
13603,2376,2023-07-02,919.39,Full
13604,224,2024-11-21,1186.5,Partial
13605,3934,2024-07-19,805.87,Minimum
13606,3853,2023-04-30,488.6,Minimum
13607,2798,2023-02-13,1688.1,Minimum
13608,682,2022-03-27,1442.95,Partial
13609,576,2023-09-17,1808.1,Minimum
13610,3820,2024-11-04,1836.53,Minimum
13611,2063,2024-03-29,1317.67,Full
13612,3752,2024-02-02,800.69,Full
13613,4984,2023-05-29,962.38,Full
13614,3275,2023-08-09,148.25,Partial
13615,1314,2023-09-15,250.41,Full
13616,4019,2024-11-29,536.9,Partial
13617,2256,2022-10-24,349.94,Minimum
13618,729,2022-02-08,250.64,Minimum
13619,1106,2022-12-27,913.19,Full
13620,3779,2024-04-27,1088.8,Minimum
13621,1470,2022-05-07,1642.48,Full
13622,1657,2022-05-16,1034.51,Minimum
13623,935,2022-01-23,958.05,Partial
13624,4070,2024-05-13,656.64,Partial
13625,614,2024-09-29,1611.14,Full
13626,1177,2023-04-16,1347.15,Minimum
13627,2833,2022-11-26,375.03,Minimum
13628,1746,2022-05-30,1071.04,Full
13629,2044,2022-07-29,334.97,Full
13630,3361,2023-02-25,1419.08,Full
13631,2437,2024-07-09,633.57,Partial
13632,4626,2024-08-04,1059.76,Minimum
13633,2224,2022-12-01,52.55,Partial
13634,1842,2024-02-19,1720.85,Full
13635,1512,2023-07-22,803.39,Partial
13636,1668,2022-07-18,55.23,Minimum
13637,4026,2022-06-25,163.09,Partial
13638,3139,2024-06-28,1616.69,Partial
13639,4094,2022-08-17,1574.9,Full
13640,793,2023-09-18,282.5,Full
13641,1376,2024-10-21,1439.69,Minimum
13642,551,2024-01-03,1099.93,Partial
13643,2376,2024-10-31,1521.17,Minimum
13644,2107,2022-08-28,552.43,Full
13645,2502,2024-05-29,161.47,Minimum
13646,213,2024-07-16,309.74,Full
13647,3084,2024-09-12,1870.03,Minimum
13648,1645,2024-04-04,480.43,Minimum
13649,2599,2024-04-02,1909.53,Partial
13650,4299,2023-09-07,966.4,Full
13651,812,2022-01-01,907.62,Partial
13652,2120,2022-02-24,1938.38,Minimum
13653,270,2023-07-15,431.15,Minimum
13654,1147,2023-08-14,1428.5,Full
13655,398,2023-07-29,265.3,Full
13656,115,2022-01-16,1741.53,Full
13657,4456,2023-10-25,103.7,Full
13658,3022,2024-01-17,1545.97,Minimum
13659,3012,2022-09-16,515.35,Minimum
13660,3400,2024-05-08,1203.23,Full
13661,2250,2022-05-18,1711.78,Minimum
13662,1302,2022-05-17,1478.32,Partial
13663,2532,2023-10-05,1917.4,Partial
13664,3228,2024-09-21,1709.27,Partial
13665,2319,2022-04-11,843.32,Minimum
13666,1310,2022-11-19,761.73,Full
13667,4679,2024-12-16,1529.2,Partial
13668,2833,2024-09-23,596.65,Minimum
13669,359,2022-08-20,742.1,Full
13670,2093,2024-03-09,1693.96,Partial
13671,2509,2024-04-04,284.94,Full
13672,3450,2022-09-07,63.67,Partial
13673,2138,2023-02-22,1907.23,Minimum
13674,2805,2023-04-02,448.42,Partial
13675,3808,2023-10-11,311.36,Partial
13676,3026,2022-11-23,1184.93,Full
13677,2503,2023-10-28,1790.49,Full
13678,4358,2023-12-15,802.05,Minimum
13679,4777,2022-08-26,1382.93,Full
13680,1860,2022-09-25,1263.44,Minimum
13681,3151,2022-04-25,835.29,Partial
13682,4978,2024-10-23,194.49,Partial
13683,976,2022-10-14,1856.8,Partial
13684,3940,2023-02-09,1957.38,Full
13685,3971,2024-10-06,1101.43,Full
13686,1823,2022-10-26,258.8,Full
13687,3876,2024-11-19,1424.78,Partial
13688,1178,2023-11-12,149.83,Partial
13689,2203,2022-08-03,1192.87,Full
13690,1618,2024-12-25,987.0,Full
13691,480,2024-12-02,123.0,Full
13692,759,2022-09-08,324.56,Full
13693,3108,2022-09-03,294.07,Partial
13694,3845,2024-10-23,1426.7,Partial
13695,3794,2022-01-01,1531.56,Full
13696,4897,2022-01-27,216.12,Full
13697,4088,2022-05-17,713.64,Partial
13698,1127,2023-06-13,275.31,Full
13699,2219,2022-04-01,1835.42,Minimum
13700,1205,2024-06-02,137.19,Full
13701,3484,2024-04-02,818.08,Partial
13702,1312,2022-06-25,496.43,Partial
13703,1949,2022-08-20,1873.83,Minimum
13704,4466,2023-11-11,1755.88,Partial
13705,2132,2024-05-01,727.97,Full
13706,2165,2023-04-02,880.97,Minimum
13707,3421,2022-06-25,200.7,Full
13708,2757,2024-06-23,807.4,Minimum
13709,3627,2022-01-18,1114.82,Partial
13710,3473,2023-11-23,754.73,Full
13711,536,2022-08-08,187.97,Partial
13712,44,2022-09-14,442.47,Partial
13713,1418,2024-04-16,550.4,Partial
13714,721,2024-11-30,1545.21,Full
13715,309,2022-10-17,422.75,Full
13716,4699,2023-03-16,1388.06,Minimum
13717,1446,2024-05-04,640.89,Minimum
13718,1212,2024-03-08,239.6,Minimum
13719,3938,2023-09-11,1013.73,Full
13720,2165,2022-09-02,1653.75,Full
13721,966,2023-02-05,621.85,Minimum
13722,1563,2024-07-28,1183.63,Partial
13723,1000,2024-06-18,1658.44,Partial
13724,3692,2023-12-08,548.96,Minimum
13725,4808,2024-12-01,201.77,Minimum
13726,2460,2024-03-19,465.04,Partial
13727,2242,2024-10-02,1719.08,Full
13728,1720,2022-12-24,670.19,Minimum
13729,2861,2022-09-08,370.92,Partial
13730,2836,2022-08-16,1018.56,Partial
13731,3275,2023-07-01,1243.74,Full
13732,1124,2022-10-06,935.41,Full
13733,1998,2024-02-23,661.38,Full
13734,1292,2022-04-30,994.54,Minimum
13735,178,2024-09-19,1808.69,Minimum
13736,3280,2023-06-29,1301.6,Partial
13737,445,2022-02-01,874.18,Full
13738,1188,2022-11-08,1633.12,Full
13739,2520,2022-02-22,23.91,Partial
13740,3591,2023-03-28,408.97,Partial
13741,4174,2024-04-24,1084.49,Full
13742,2055,2022-01-13,1318.27,Partial
13743,401,2023-08-05,995.3,Partial
13744,194,2024-04-17,1308.16,Full
13745,1306,2024-10-26,1230.61,Minimum
13746,4521,2023-10-03,1137.88,Partial
13747,3163,2022-12-31,306.2,Full
13748,2228,2023-12-26,895.55,Full
13749,2053,2023-12-26,890.6,Partial
13750,2108,2022-06-05,472.86,Minimum
13751,2662,2022-03-26,1791.58,Minimum
13752,3273,2024-09-06,1761.32,Full
13753,1797,2022-10-27,618.26,Minimum
13754,2419,2023-03-29,451.15,Full
13755,2181,2024-08-01,796.22,Minimum
13756,65,2023-02-28,88.42,Partial
13757,1305,2024-08-03,1796.39,Partial
13758,2135,2024-12-07,398.87,Full
13759,2932,2023-01-13,463.53,Full
13760,3869,2022-05-12,909.13,Minimum
13761,3398,2022-01-01,1163.48,Minimum
13762,1784,2024-12-18,889.31,Partial
13763,3390,2023-12-17,1015.28,Partial
13764,2149,2023-10-06,1750.64,Minimum
13765,4862,2024-03-19,1636.08,Partial
13766,240,2024-08-23,41.93,Minimum
13767,2334,2024-03-28,976.37,Partial
13768,3163,2024-12-10,1479.07,Minimum
13769,4139,2022-07-16,1400.84,Full
13770,1514,2024-03-09,727.6,Full
13771,2482,2024-02-17,1373.48,Full
13772,1642,2023-11-17,1274.15,Minimum
13773,4910,2024-02-29,535.43,Minimum
13774,1949,2023-08-03,435.75,Full
13775,3414,2024-06-17,162.65,Partial
13776,2774,2022-01-18,883.22,Partial
13777,3781,2023-02-26,1045.29,Partial
13778,2560,2024-04-07,97.8,Full
13779,1245,2024-02-01,815.66,Partial
13780,4078,2022-08-25,200.71,Full
13781,187,2024-09-01,168.9,Full
13782,4733,2024-09-29,588.53,Minimum
13783,2974,2022-09-28,1049.81,Full
13784,2257,2022-04-02,1229.46,Full
13785,849,2022-07-31,1137.27,Minimum
13786,2843,2024-06-06,1927.81,Partial
13787,3882,2024-06-07,467.91,Minimum
13788,3320,2024-06-19,902.15,Partial
13789,3190,2023-08-05,1012.13,Minimum
13790,1488,2024-04-11,430.29,Full
13791,1284,2023-01-08,508.18,Minimum
13792,4170,2024-02-03,1305.82,Partial
13793,593,2023-11-25,1719.58,Partial
13794,2720,2024-07-31,835.06,Full
13795,1910,2023-10-29,1187.52,Full
13796,987,2022-04-02,1966.52,Partial
13797,3565,2023-09-27,1558.44,Minimum
13798,4267,2022-09-27,241.11,Full
13799,3685,2023-06-01,1998.95,Full
13800,2046,2023-02-16,1397.26,Partial
13801,113,2024-01-26,334.27,Partial
13802,4222,2024-08-02,480.78,Full
13803,4022,2022-04-14,1353.83,Full
13804,4023,2023-10-29,1683.07,Full
13805,2890,2022-08-01,1050.3,Minimum
13806,965,2023-04-15,1150.15,Partial
13807,1360,2022-01-20,407.69,Partial
13808,1907,2022-07-13,1233.73,Partial
13809,2619,2024-10-22,1171.3,Partial
13810,1050,2023-02-24,887.17,Partial
13811,4675,2022-10-19,127.09,Full
13812,1456,2023-04-24,1329.9,Partial
13813,2132,2023-12-15,1047.16,Full
13814,4131,2023-05-09,982.19,Partial
13815,3018,2024-10-04,1929.77,Full
13816,4566,2022-09-07,1162.71,Minimum
13817,738,2022-11-21,1863.99,Full
13818,1364,2024-06-24,1380.02,Minimum
13819,3127,2022-08-19,406.23,Partial
13820,1218,2023-01-14,1122.17,Full
13821,2786,2024-08-05,1498.82,Partial
13822,4803,2023-10-23,1498.52,Full
13823,1699,2022-08-28,245.31,Minimum
13824,848,2022-03-27,224.38,Partial
13825,63,2022-09-22,64.95,Full
13826,79,2023-05-23,1305.78,Partial
13827,1062,2024-07-09,802.38,Full
13828,668,2024-03-03,1595.73,Full
13829,688,2024-01-19,1749.96,Full
13830,2155,2022-08-01,1544.72,Full
13831,695,2024-02-13,1015.69,Full
13832,1485,2023-05-12,1015.18,Full
13833,4301,2024-02-24,300.73,Minimum
13834,3191,2022-01-13,1250.42,Full
13835,709,2023-02-05,697.88,Full
13836,1451,2024-10-12,174.38,Minimum
13837,1268,2024-04-29,1336.08,Minimum
13838,3290,2023-06-17,1297.95,Minimum
13839,2438,2023-08-04,85.69,Full
13840,4442,2024-04-09,1962.95,Full
13841,423,2022-08-15,157.27,Minimum
13842,3691,2022-02-13,382.32,Minimum
13843,4066,2022-11-05,1418.85,Partial
13844,3686,2024-11-20,1531.7,Minimum
13845,3000,2023-10-12,656.03,Partial
13846,1521,2024-09-30,1271.24,Partial
13847,947,2024-06-23,681.14,Partial
13848,3050,2024-07-05,673.26,Minimum
13849,3307,2023-04-07,1857.99,Partial
13850,4893,2024-02-29,1435.72,Minimum
13851,3059,2022-06-21,1044.42,Full
13852,109,2023-08-01,469.23,Minimum
13853,3487,2024-03-16,629.8,Full
13854,639,2023-05-01,1831.23,Minimum
13855,719,2023-05-14,1115.78,Full
13856,3349,2022-02-19,1100.0,Full
13857,152,2024-10-26,723.45,Full
13858,677,2024-12-12,243.96,Full
13859,2540,2023-11-09,1023.73,Full
13860,261,2024-12-29,1884.52,Minimum
13861,3013,2024-01-05,1346.11,Partial
13862,3432,2022-08-03,721.27,Minimum
13863,1896,2024-10-03,1611.58,Full
13864,24,2024-07-22,1788.89,Partial
13865,2004,2024-06-11,590.38,Full
13866,3073,2024-07-21,628.15,Full
13867,4333,2023-05-14,1325.4,Full
13868,47,2023-10-19,1061.61,Full
13869,4665,2022-06-25,803.88,Minimum
13870,3051,2024-09-04,420.59,Minimum
13871,4091,2024-09-08,598.22,Full
13872,4091,2022-06-15,568.11,Full
13873,1168,2022-09-16,153.55,Partial
13874,4078,2023-08-09,142.71,Full
13875,4026,2024-04-30,1068.48,Partial
13876,4309,2024-07-04,1462.01,Partial
13877,2825,2022-06-04,457.47,Partial
13878,1632,2023-11-26,1589.35,Minimum
13879,4413,2024-12-25,1989.41,Minimum
13880,2219,2022-11-19,1599.23,Minimum
13881,661,2022-06-07,753.08,Full
13882,1935,2023-09-29,1591.96,Full
13883,3369,2022-05-20,912.19,Full
13884,2665,2024-12-20,620.83,Full
13885,4620,2023-04-25,716.04,Partial
13886,2461,2023-08-09,1338.32,Full
13887,3351,2024-10-20,101.86,Full
13888,889,2023-12-20,1719.59,Full
13889,1594,2022-06-02,1275.81,Minimum
13890,1269,2023-01-18,1833.33,Partial
13891,330,2024-07-12,1266.43,Partial
13892,4947,2022-09-09,1542.79,Minimum
13893,3640,2022-04-06,1324.3,Minimum
13894,1584,2022-02-26,1227.93,Full
13895,1077,2022-06-25,1634.29,Minimum
13896,1562,2024-04-20,615.57,Partial
13897,2279,2024-04-10,34.48,Minimum
13898,1155,2022-04-23,915.67,Minimum
13899,3763,2024-01-02,1090.21,Partial
13900,107,2024-02-10,1075.39,Minimum
13901,4514,2022-08-13,48.1,Full
13902,2559,2022-05-25,1160.43,Full
13903,3323,2023-12-26,1000.89,Full
13904,759,2022-10-18,1281.66,Partial
13905,4829,2024-01-06,1989.99,Full
13906,2031,2022-12-25,468.04,Partial
13907,920,2022-08-04,79.4,Full
13908,3696,2023-12-17,1956.24,Partial
13909,4369,2022-01-20,1425.85,Partial
13910,2520,2023-08-20,522.1,Partial
13911,3958,2023-05-19,1958.44,Minimum
13912,2429,2023-06-16,211.66,Full
13913,4922,2023-07-05,645.45,Partial
13914,4444,2022-10-22,818.99,Minimum
13915,3688,2022-03-22,894.79,Partial
13916,4114,2024-05-11,819.78,Minimum
13917,1260,2023-11-01,761.41,Minimum
13918,2839,2022-10-09,607.09,Full
13919,1510,2024-05-11,1313.02,Partial
13920,309,2023-06-07,1800.12,Full
13921,3908,2024-04-03,1511.75,Partial
13922,331,2022-10-02,423.35,Minimum
13923,4396,2022-09-03,75.65,Partial
13924,2375,2024-04-19,995.0,Partial
13925,1906,2023-01-13,1549.04,Full
13926,2261,2022-07-20,1793.6,Partial
13927,3494,2022-05-13,719.47,Partial
13928,290,2022-12-09,946.37,Minimum
13929,423,2023-02-27,109.89,Minimum
13930,658,2024-11-28,396.08,Minimum
13931,744,2024-01-08,1490.5,Full
13932,1577,2023-12-08,630.05,Partial
13933,2774,2023-08-22,1052.37,Minimum
13934,2177,2024-03-12,665.06,Full
13935,3282,2024-04-28,430.28,Minimum
13936,4800,2023-12-01,1695.47,Minimum
13937,2179,2023-01-30,1246.99,Minimum
13938,4786,2024-05-02,860.32,Full
13939,4065,2022-10-21,1718.64,Minimum
13940,1125,2024-03-27,185.72,Partial
13941,944,2024-06-29,388.33,Partial
13942,2954,2024-03-20,120.35,Minimum
13943,152,2022-04-07,609.55,Partial
13944,3395,2022-10-10,1593.9,Full
13945,1805,2022-11-18,1195.26,Partial
13946,1531,2023-11-23,611.69,Full
13947,2277,2024-09-14,1744.25,Partial
13948,1168,2024-12-03,706.87,Minimum
13949,2698,2022-08-14,418.81,Partial
13950,3530,2024-11-17,1665.57,Minimum
13951,4931,2022-04-01,1611.83,Full
13952,4820,2022-02-04,1108.15,Minimum
13953,3816,2023-03-03,576.32,Full
13954,1930,2023-06-19,886.16,Partial
13955,2530,2024-07-23,615.01,Partial
13956,669,2024-03-02,200.89,Partial
13957,91,2022-12-04,87.82,Minimum
13958,4746,2022-08-02,415.51,Full
13959,3048,2024-11-17,1350.13,Minimum
13960,856,2022-08-25,434.65,Minimum
13961,3851,2023-10-09,1745.14,Full
13962,2919,2023-07-28,1325.79,Minimum
13963,4883,2023-04-22,290.52,Partial
13964,2145,2023-01-11,1602.23,Partial
13965,3741,2024-03-20,1190.48,Full
13966,1831,2022-01-25,1647.73,Partial
13967,2652,2022-09-14,704.48,Minimum
13968,628,2022-04-16,1599.97,Partial
13969,1264,2022-04-15,1224.87,Full
13970,3246,2022-05-04,1801.08,Full
13971,1050,2022-09-21,1738.05,Partial
13972,833,2024-07-13,1480.7,Partial
13973,3373,2024-02-19,129.0,Full
13974,669,2023-07-14,545.95,Minimum
13975,3778,2024-04-28,932.72,Partial
13976,1941,2023-07-23,508.43,Full
13977,3155,2023-06-03,1230.7,Full
13978,1027,2023-04-25,80.41,Full
13979,1634,2023-05-26,1413.45,Minimum
13980,1800,2024-11-04,22.48,Full
13981,4756,2023-07-19,1931.64,Partial
13982,3464,2022-06-20,919.57,Partial
13983,2721,2022-07-03,1062.06,Full
13984,189,2024-12-29,64.02,Full
13985,2105,2024-12-13,1700.55,Full
13986,4488,2022-04-20,1613.59,Full
13987,390,2022-01-21,419.97,Partial
13988,1908,2024-10-03,174.02,Partial
13989,329,2023-05-12,644.01,Full
13990,852,2023-09-28,137.1,Partial
13991,3902,2024-04-09,168.95,Partial
13992,370,2024-07-12,189.07,Minimum
13993,4451,2022-04-21,826.72,Minimum
13994,395,2024-05-28,1804.02,Minimum
13995,3112,2023-06-12,145.05,Full
13996,4335,2022-08-23,1519.65,Minimum
13997,2376,2022-11-13,29.74,Partial
13998,1661,2024-03-25,1389.7,Full
13999,37,2023-09-01,988.42,Full
14000,1053,2024-04-09,402.12,Minimum
14001,1306,2022-09-09,1749.38,Partial
14002,3320,2023-10-06,1218.81,Partial
14003,3444,2024-05-09,1804.23,Full
14004,188,2024-04-22,1437.77,Minimum
14005,1683,2022-06-16,396.68,Full
14006,763,2024-01-14,548.49,Full
14007,4219,2022-06-02,1375.44,Partial
14008,2390,2024-10-21,1073.0,Full
14009,4040,2024-06-26,1299.61,Full
14010,4293,2024-02-29,1357.96,Minimum
14011,2920,2023-04-23,800.4,Full
14012,3671,2023-12-30,1902.58,Minimum
14013,130,2023-01-29,1338.97,Minimum
14014,4497,2022-07-16,1347.52,Partial
14015,3956,2022-07-14,191.1,Full
14016,4310,2024-10-15,806.98,Full
14017,3973,2023-10-03,1898.61,Minimum
14018,1801,2022-05-23,616.24,Minimum
14019,2165,2024-10-27,472.85,Partial
14020,1974,2024-03-28,533.63,Partial
14021,2366,2022-10-04,145.04,Minimum
14022,3111,2022-10-30,835.48,Full
14023,602,2022-11-14,1453.34,Partial
14024,2725,2023-07-16,1020.83,Full
14025,188,2022-06-07,1596.32,Full
14026,4194,2023-03-14,204.27,Minimum
14027,4464,2023-12-26,1273.0,Minimum
14028,3440,2024-05-12,1198.08,Minimum
14029,916,2023-07-24,1145.52,Full
14030,3737,2023-10-09,877.81,Partial
14031,3914,2022-07-14,1906.59,Minimum
14032,1594,2023-09-16,74.73,Partial
14033,643,2022-01-07,1845.57,Full
14034,1247,2024-11-30,1843.02,Full
14035,4383,2022-10-31,1994.32,Full
14036,3424,2022-01-17,1679.82,Partial
14037,2820,2024-09-25,1844.12,Full
14038,1223,2022-07-13,254.85,Full
14039,2796,2023-11-11,1701.81,Partial
14040,4233,2022-03-07,438.27,Partial
14041,673,2022-01-20,1026.09,Minimum
14042,2673,2024-04-13,1265.47,Partial
14043,372,2024-04-28,815.58,Partial
14044,3677,2023-02-18,841.57,Partial
14045,667,2022-07-15,300.09,Full
14046,2401,2024-10-09,1009.68,Full
14047,3271,2022-11-13,1429.59,Minimum
14048,3683,2022-09-16,136.38,Partial
14049,2411,2024-12-13,646.75,Minimum
14050,2847,2022-02-05,1866.27,Partial
14051,2382,2024-11-05,985.32,Full
14052,2270,2022-02-12,1597.83,Partial
14053,4545,2024-06-21,137.23,Full
14054,2163,2023-11-12,1444.97,Partial
14055,212,2023-12-11,1855.17,Full
14056,3323,2022-05-14,1425.82,Full
14057,1678,2022-03-29,254.21,Partial
14058,3992,2022-06-11,1512.52,Minimum
14059,4483,2024-01-13,804.7,Minimum
14060,2425,2022-10-17,1096.63,Full
14061,830,2022-12-16,1533.97,Full
14062,4,2024-08-02,157.39,Minimum
14063,3488,2023-04-13,1565.86,Minimum
14064,2865,2022-07-01,796.25,Full
14065,4617,2023-04-11,1734.84,Partial
14066,4697,2024-03-31,45.57,Partial
14067,3741,2023-01-10,948.03,Full
14068,620,2023-11-02,1703.41,Minimum
14069,3622,2022-03-23,1471.17,Minimum
14070,3941,2024-02-13,1894.61,Full
14071,2263,2022-03-02,1887.49,Partial
14072,1335,2023-11-02,1724.38,Partial
14073,3155,2023-10-06,649.16,Full
14074,2043,2023-07-11,441.61,Full
14075,4894,2022-07-31,416.85,Partial
14076,3344,2024-05-14,720.73,Partial
14077,3506,2024-10-10,36.96,Minimum
14078,273,2024-01-14,1561.58,Minimum
14079,968,2022-02-20,998.68,Minimum
14080,2619,2022-09-10,1877.0,Full
14081,3030,2023-12-07,762.88,Partial
14082,4731,2024-10-11,1285.92,Partial
14083,2148,2022-04-01,1410.16,Minimum
14084,3573,2022-09-13,464.59,Minimum
14085,1359,2024-07-08,47.91,Partial
14086,3802,2022-11-21,36.89,Partial
14087,4198,2022-12-09,854.4,Partial
14088,177,2024-10-20,1258.68,Full
14089,2214,2023-07-03,159.9,Minimum
14090,2567,2024-10-30,1150.98,Minimum
14091,4457,2024-04-24,803.79,Minimum
14092,2135,2022-03-21,594.81,Full
14093,1020,2022-12-25,1090.45,Partial
14094,4883,2022-04-12,96.56,Partial
14095,4961,2022-08-19,1123.98,Full
14096,4876,2024-12-15,489.63,Full
14097,1153,2022-01-19,533.81,Minimum
14098,1497,2024-11-22,1771.21,Minimum
14099,2288,2024-06-23,1087.73,Minimum
14100,1211,2022-06-12,1147.61,Minimum
14101,4294,2024-05-30,945.55,Minimum
14102,1274,2023-03-10,1269.85,Partial
14103,815,2024-02-17,1176.34,Minimum
14104,4169,2024-01-17,1893.81,Partial
14105,4189,2023-02-10,1858.74,Full
14106,2271,2023-01-21,335.95,Partial
14107,2649,2024-10-11,1276.23,Minimum
14108,3627,2024-04-07,87.9,Minimum
14109,1951,2024-11-19,679.84,Minimum
14110,1717,2022-06-04,309.51,Full
14111,3181,2023-04-09,1589.2,Minimum
14112,2969,2024-05-25,451.4,Partial
14113,4204,2022-12-24,1171.94,Minimum
14114,3807,2023-09-20,225.02,Minimum
14115,2960,2023-03-05,231.2,Partial
14116,2762,2022-05-22,43.5,Minimum
14117,2786,2022-04-24,165.2,Minimum
14118,4144,2023-01-07,1988.96,Full
14119,4284,2023-12-02,1537.97,Partial
14120,2696,2024-10-16,357.91,Minimum
14121,4445,2023-03-24,1902.44,Full
14122,2011,2023-02-15,1508.34,Partial
14123,52,2024-03-02,77.29,Minimum
14124,1170,2024-01-06,1165.18,Minimum
14125,1528,2024-05-07,40.12,Full
14126,4041,2022-02-03,1601.52,Full
14127,2982,2024-10-01,552.68,Full
14128,3742,2024-02-27,1329.48,Minimum
14129,469,2023-04-18,73.07,Full
14130,61,2022-09-21,645.84,Minimum
14131,4468,2022-04-23,318.05,Partial
14132,3876,2022-02-21,650.79,Full
14133,2217,2022-01-29,1632.86,Partial
14134,839,2024-09-11,1833.03,Minimum
14135,1640,2024-04-23,1880.95,Minimum
14136,3360,2023-10-28,1594.02,Full
14137,912,2024-10-03,902.42,Minimum
14138,2908,2022-07-31,719.96,Minimum
14139,3098,2023-11-11,1188.25,Minimum
14140,1580,2023-11-14,132.0,Full
14141,4644,2023-12-17,1796.25,Full
14142,686,2023-09-05,1018.53,Partial
14143,3700,2022-03-23,1947.76,Full
14144,281,2024-09-24,357.33,Full
14145,1729,2023-07-12,1150.16,Full
14146,4889,2022-11-21,1918.51,Minimum
14147,4920,2024-11-22,607.36,Partial
14148,60,2024-01-31,1330.63,Full
14149,3602,2024-02-11,1023.42,Full
14150,2140,2023-03-19,1873.57,Full
14151,3027,2022-09-16,1293.55,Partial
14152,864,2023-12-03,1522.57,Full
14153,2721,2024-12-30,857.41,Minimum
14154,1897,2022-07-24,777.4,Full
14155,872,2023-12-05,363.39,Partial
14156,3849,2024-05-02,549.65,Partial
14157,4575,2024-03-20,721.68,Minimum
14158,4074,2024-04-14,572.67,Minimum
14159,201,2023-05-21,1177.5,Partial
14160,2652,2023-01-01,507.35,Minimum
14161,3429,2024-03-25,309.09,Minimum
14162,1549,2024-05-14,1613.56,Minimum
14163,2529,2024-11-27,890.69,Minimum
14164,422,2024-10-17,1170.88,Minimum
14165,192,2024-01-21,1192.45,Minimum
14166,1998,2023-05-17,1748.49,Full
14167,534,2024-10-11,1158.06,Full
14168,544,2022-07-24,555.77,Minimum
14169,2211,2023-09-27,1988.61,Partial
14170,817,2022-03-07,253.93,Full
14171,4145,2024-05-22,1734.36,Partial
14172,2509,2024-06-16,1420.57,Full
14173,2638,2022-10-22,261.8,Minimum
14174,1984,2022-02-13,693.9,Minimum
14175,619,2023-07-27,1933.61,Minimum
14176,619,2023-08-25,1435.53,Full
14177,1556,2022-05-06,1646.54,Minimum
14178,2508,2022-10-25,472.69,Minimum
14179,4939,2022-08-28,250.51,Full
14180,458,2024-12-05,1927.01,Full
14181,526,2022-06-03,1054.73,Full
14182,714,2023-05-18,271.11,Full
14183,4937,2022-08-21,1180.39,Full
14184,4388,2022-11-07,1524.19,Minimum
14185,2296,2024-02-11,424.84,Partial
14186,1561,2023-07-01,192.8,Minimum
14187,756,2023-05-01,1622.65,Minimum
14188,2120,2024-01-28,1278.64,Minimum
14189,346,2023-11-23,120.14,Minimum
14190,4972,2023-02-09,438.35,Partial
14191,1811,2024-05-01,1160.73,Partial
14192,3767,2022-09-12,1934.49,Minimum
14193,2735,2024-03-09,411.02,Minimum
14194,2204,2023-02-17,420.51,Full
14195,2962,2024-12-08,1062.24,Full
14196,391,2022-03-17,1803.62,Partial
14197,1859,2024-08-13,1990.94,Full
14198,4543,2022-06-29,73.29,Partial
14199,3776,2023-09-16,1326.05,Full
14200,2423,2022-10-04,296.56,Partial
14201,993,2024-02-17,599.16,Minimum
14202,496,2023-12-24,44.36,Partial
14203,553,2024-10-17,832.88,Partial
14204,843,2023-01-30,1196.15,Full
14205,129,2022-09-25,36.33,Full
14206,4202,2023-04-28,903.78,Partial
14207,1456,2022-06-04,649.73,Full
14208,658,2022-11-29,30.19,Minimum
14209,2277,2024-05-15,987.97,Minimum
14210,4138,2023-10-20,1613.07,Partial
14211,2332,2022-06-08,1863.44,Full
14212,244,2023-11-08,1483.05,Full
14213,3489,2022-04-12,1541.08,Partial
14214,18,2024-08-24,1501.94,Minimum
14215,4908,2023-10-28,501.11,Full
14216,3585,2023-09-08,729.32,Partial
14217,1959,2024-04-09,894.24,Partial
14218,2293,2022-10-25,460.26,Partial
14219,2529,2023-08-05,713.19,Full
14220,980,2023-12-18,1331.05,Partial
14221,1251,2024-10-11,382.64,Partial
14222,284,2024-12-09,64.66,Full
14223,362,2023-06-11,1067.72,Minimum
14224,4088,2022-04-12,1334.8,Full
14225,3091,2024-11-01,879.12,Partial
14226,2108,2024-01-16,641.63,Partial
14227,4666,2023-05-22,1686.27,Minimum
14228,980,2024-09-01,1420.86,Partial
14229,1385,2024-05-28,1126.16,Minimum
14230,2845,2023-10-19,862.25,Minimum
14231,125,2023-12-23,1418.88,Partial
14232,3568,2022-06-27,1804.82,Minimum
14233,2769,2023-08-22,977.97,Full
14234,1392,2023-09-24,1161.34,Partial
14235,4098,2022-10-24,1316.62,Minimum
14236,4312,2023-03-27,931.79,Minimum
14237,1489,2023-04-16,1003.17,Minimum
14238,2652,2022-08-22,102.17,Partial
14239,935,2024-10-14,1847.18,Minimum
14240,3164,2024-09-11,1897.91,Full
14241,3806,2024-02-23,1867.81,Full
14242,3181,2024-12-04,145.72,Minimum
14243,527,2022-05-12,22.01,Full
14244,3850,2023-06-11,137.83,Full
14245,3766,2024-05-30,1149.33,Full
14246,3681,2024-05-03,858.81,Minimum
14247,2511,2023-06-11,1982.25,Minimum
14248,3360,2022-12-13,1571.42,Minimum
14249,2912,2023-10-05,1350.01,Full
14250,4283,2022-10-11,272.84,Partial
14251,422,2023-09-30,776.39,Minimum
14252,1780,2023-10-28,1752.56,Partial
14253,907,2023-04-11,1463.93,Partial
14254,3923,2023-05-02,76.24,Partial
14255,2328,2022-02-26,653.44,Partial
14256,452,2022-03-09,1275.12,Minimum
14257,1394,2022-12-06,1057.9,Full
14258,2321,2023-12-04,1972.43,Full
14259,638,2024-08-13,1090.66,Full
14260,887,2022-04-04,1362.97,Minimum
14261,1257,2022-12-03,1567.51,Full
14262,12,2024-03-29,639.47,Partial
14263,1949,2023-10-05,1762.39,Partial
14264,229,2024-04-02,50.91,Partial
14265,2279,2023-09-29,1926.55,Minimum
14266,3121,2024-05-23,1102.7,Full
14267,2492,2024-05-13,88.07,Minimum
14268,3615,2024-08-09,1215.98,Minimum
14269,4102,2022-10-29,423.0,Minimum
14270,4806,2022-06-22,1739.76,Partial
14271,2978,2023-01-15,868.05,Partial
14272,3640,2024-05-18,1141.63,Minimum
14273,1122,2023-11-09,1896.43,Full
14274,4326,2023-04-22,294.92,Minimum
14275,4330,2024-01-24,338.05,Full
14276,2342,2022-04-07,252.44,Minimum
14277,3321,2023-11-03,280.93,Partial
14278,1920,2022-09-14,1138.47,Partial
14279,2372,2024-12-22,248.51,Full
14280,3293,2023-10-08,696.6,Minimum
14281,4052,2024-01-02,261.65,Minimum
14282,1552,2022-09-05,954.9,Full
14283,4947,2023-06-12,85.66,Minimum
14284,1143,2023-07-12,729.99,Partial
14285,2452,2022-12-01,1788.65,Minimum
14286,444,2024-01-09,874.62,Full
14287,1912,2024-05-04,1679.37,Minimum
14288,2525,2022-05-04,386.95,Partial
14289,2086,2023-09-04,857.73,Minimum
14290,613,2023-03-15,1260.23,Minimum
14291,4995,2023-07-07,41.96,Partial
14292,982,2023-02-07,1825.56,Partial
14293,420,2022-03-21,1998.66,Partial
14294,4046,2024-07-09,414.71,Full
14295,2609,2022-12-09,356.48,Minimum
14296,4829,2022-03-30,1330.51,Partial
14297,3880,2024-01-31,358.28,Full
14298,1602,2022-08-13,1287.7,Partial
14299,2700,2023-01-03,1393.89,Partial
14300,3205,2022-05-07,1084.95,Partial
14301,2489,2022-11-05,483.51,Minimum
14302,622,2024-10-27,1791.0,Full
14303,1984,2024-01-12,598.34,Partial
14304,1818,2023-03-18,1084.07,Minimum
14305,3127,2022-05-30,513.49,Full
14306,1959,2022-08-06,1713.35,Full
14307,568,2022-09-07,1090.23,Minimum
14308,4213,2022-07-25,1743.33,Full
14309,270,2022-09-03,910.46,Full
14310,3464,2022-03-16,450.65,Minimum
14311,4290,2022-07-21,1186.06,Partial
14312,1240,2024-12-15,591.53,Full
14313,1201,2023-01-22,1529.75,Full
14314,3419,2023-09-22,491.83,Full
14315,189,2024-03-17,1173.02,Minimum
14316,4333,2024-11-17,372.69,Minimum
14317,739,2023-11-02,1779.8,Full
14318,3742,2024-04-04,1167.56,Minimum
14319,3680,2023-03-23,1412.2,Full
14320,2351,2022-04-15,345.94,Partial
14321,765,2024-06-08,1571.68,Minimum
14322,2947,2022-03-21,576.58,Full
14323,3125,2022-10-28,714.69,Full
14324,876,2023-05-09,64.03,Full
14325,3371,2024-08-31,152.23,Partial
14326,2499,2024-12-10,387.34,Partial
14327,1539,2023-02-16,207.67,Partial
14328,1735,2022-07-02,66.51,Full
14329,2924,2024-01-31,760.28,Full
14330,3579,2024-06-08,1551.57,Partial
14331,834,2023-07-20,513.09,Minimum
14332,1060,2023-04-06,761.3,Full
14333,4653,2024-09-23,1112.34,Full
14334,2780,2023-12-28,745.73,Full
14335,2707,2024-01-12,1913.09,Partial
14336,2120,2023-09-19,452.3,Partial
14337,4210,2024-12-24,903.78,Minimum
14338,4621,2022-11-20,1716.64,Minimum
14339,1823,2023-12-29,648.06,Full
14340,4248,2024-07-08,336.99,Partial
14341,4440,2024-01-08,1831.8,Partial
14342,102,2023-12-06,1185.69,Full
14343,2673,2022-05-02,1047.73,Partial
14344,613,2023-12-05,280.34,Minimum
14345,4830,2024-07-02,166.16,Full
14346,3182,2024-11-23,1861.36,Minimum
14347,949,2022-03-07,176.88,Partial
14348,683,2024-02-28,988.5,Partial
14349,4219,2022-11-01,1526.03,Minimum
14350,3008,2024-08-24,1463.23,Minimum
14351,4119,2024-07-12,1335.81,Minimum
14352,1907,2023-08-09,84.32,Minimum
14353,3272,2023-12-02,1320.26,Full
14354,4990,2023-03-17,361.36,Partial
14355,2678,2023-07-16,1148.29,Minimum
14356,655,2024-09-18,1264.07,Minimum
14357,606,2022-11-17,518.42,Full
14358,4053,2022-06-07,917.89,Full
14359,698,2023-02-20,681.94,Partial
14360,1506,2023-02-25,1915.8,Minimum
14361,4955,2023-06-05,1695.66,Partial
14362,1427,2023-08-04,446.21,Full
14363,2037,2024-02-23,163.49,Minimum
14364,1256,2024-07-21,1047.31,Full
14365,884,2023-07-17,656.47,Partial
14366,292,2022-02-01,1843.69,Minimum
14367,3503,2023-06-19,512.34,Partial
14368,4015,2023-07-05,521.04,Minimum
14369,2041,2024-09-30,666.68,Full
14370,1475,2024-06-26,212.57,Partial
14371,2094,2024-03-05,1060.09,Minimum
14372,1965,2023-09-01,541.36,Partial
14373,568,2023-11-06,820.82,Minimum
14374,1581,2024-04-14,1223.11,Minimum
14375,3414,2023-01-06,1178.02,Minimum
14376,1550,2022-05-13,634.36,Minimum
14377,3490,2022-12-23,313.07,Partial
14378,4089,2023-03-10,1368.86,Partial
14379,186,2024-12-17,61.77,Minimum
14380,1992,2024-11-13,1446.78,Minimum
14381,633,2024-05-08,1157.52,Full
14382,2727,2024-12-14,859.99,Full
14383,132,2022-12-20,455.55,Minimum
14384,3298,2023-08-06,1695.08,Full
14385,4537,2023-10-16,179.54,Minimum
14386,429,2023-02-10,1847.11,Minimum
14387,1270,2022-04-10,384.6,Partial
14388,1332,2024-11-24,436.7,Partial
14389,4655,2024-12-20,1431.11,Partial
14390,2098,2022-05-02,1996.03,Minimum
14391,4873,2024-01-31,448.92,Full
14392,1246,2023-07-18,1213.79,Full
14393,3012,2023-06-18,1750.11,Partial
14394,813,2023-07-20,816.58,Full
14395,3532,2023-09-03,1363.98,Partial
14396,640,2023-11-14,196.83,Minimum
14397,3223,2024-04-14,470.86,Partial
14398,3048,2024-08-16,1984.92,Full
14399,4816,2023-02-18,1146.61,Minimum
14400,1279,2022-11-21,1019.45,Partial
14401,1711,2023-03-01,138.74,Partial
14402,275,2022-08-18,506.6,Minimum
14403,1384,2022-10-03,1566.06,Minimum
14404,2371,2023-02-11,942.55,Full
14405,4058,2022-05-18,1443.43,Partial
14406,1957,2023-02-15,1839.92,Full
14407,2241,2024-06-06,1634.98,Partial
14408,4725,2023-11-01,358.91,Partial
14409,1838,2024-11-24,1397.12,Minimum
14410,4308,2022-05-06,1396.56,Full
14411,65,2024-09-15,1964.97,Partial
14412,3041,2023-02-22,1030.05,Partial
14413,3102,2023-11-11,913.73,Partial
14414,3531,2022-10-01,1432.24,Partial
14415,605,2024-06-25,1626.52,Partial
14416,3374,2023-01-06,1173.63,Minimum
14417,1349,2023-08-24,1379.9,Partial
14418,2257,2023-05-12,1768.88,Minimum
14419,2213,2022-05-12,1588.15,Partial
14420,4538,2023-09-16,297.95,Minimum
14421,3634,2024-01-05,1735.91,Minimum
14422,3703,2024-10-12,1076.09,Minimum
14423,2927,2022-04-17,1424.79,Full
14424,47,2022-07-13,1869.79,Partial
14425,2801,2022-05-22,1591.37,Full
14426,2842,2022-07-29,1560.98,Minimum
14427,3487,2024-12-05,1224.23,Partial
14428,2337,2023-10-20,1889.65,Full
14429,4000,2022-08-25,657.43,Partial
14430,550,2022-10-15,686.11,Full
14431,3131,2022-01-30,1973.73,Partial
14432,1468,2024-10-18,1839.01,Minimum
14433,1202,2024-04-13,449.99,Minimum
14434,756,2022-09-14,172.27,Minimum
14435,1078,2024-06-16,1254.51,Full
14436,4253,2023-11-22,939.99,Partial
14437,4217,2022-09-11,1352.29,Partial
14438,4646,2023-10-23,647.09,Partial
14439,2894,2023-02-17,1633.57,Minimum
14440,600,2023-01-24,1074.09,Partial
14441,2909,2024-04-16,1968.22,Partial
14442,3716,2023-01-12,217.6,Minimum
14443,1257,2024-11-14,1926.78,Partial
14444,463,2022-09-11,1767.67,Full
14445,3919,2022-08-06,1479.73,Full
14446,416,2023-02-28,1516.36,Minimum
14447,2930,2024-07-28,759.72,Full
14448,2994,2024-11-30,1072.34,Minimum
14449,3364,2022-07-09,863.11,Partial
14450,1205,2022-03-06,1624.75,Partial
14451,3578,2022-03-13,1134.73,Partial
14452,1489,2024-12-02,1332.79,Full
14453,3556,2022-12-02,917.89,Partial
14454,2363,2023-11-03,701.51,Full
14455,2263,2022-07-01,818.18,Minimum
14456,2326,2022-07-29,757.41,Minimum
14457,2817,2023-10-25,80.83,Minimum
14458,1328,2024-05-20,1418.86,Partial
14459,1428,2023-01-14,1570.27,Minimum
14460,2594,2024-05-10,1214.0,Minimum
14461,1157,2024-07-10,494.5,Minimum
14462,3954,2022-02-20,1407.36,Minimum
14463,1648,2023-08-15,206.81,Partial
14464,374,2022-10-26,1852.73,Minimum
14465,1445,2023-10-16,1310.29,Full
14466,3453,2022-02-06,1453.87,Full
14467,3826,2024-09-16,1053.93,Full
14468,487,2023-07-16,1274.78,Full
14469,1388,2023-12-09,1233.77,Partial
14470,62,2023-05-13,362.98,Minimum
14471,1266,2022-07-09,1137.01,Partial
14472,1687,2022-12-30,1008.5,Minimum
14473,491,2022-08-02,145.61,Full
14474,134,2023-05-30,1046.76,Partial
14475,2047,2022-01-21,1947.04,Partial
14476,2556,2024-03-14,1526.75,Full
14477,4425,2022-02-03,446.62,Minimum
14478,3027,2022-04-07,1227.18,Minimum
14479,3254,2024-05-27,469.45,Minimum
14480,321,2022-11-21,1696.19,Partial
14481,3343,2024-04-17,1555.54,Full
14482,1890,2022-03-02,1979.64,Partial
14483,1937,2023-04-09,538.72,Full
14484,2195,2022-04-25,1107.41,Partial
14485,3063,2022-08-23,1722.71,Full
14486,3305,2022-04-20,1473.36,Full
14487,3643,2022-03-18,199.96,Full
14488,1513,2023-05-02,185.53,Full
14489,3459,2023-10-20,399.71,Partial
14490,4841,2023-05-21,1650.52,Minimum
14491,1196,2022-01-26,309.87,Full
14492,2535,2023-05-20,483.19,Minimum
14493,2219,2023-05-04,1505.87,Full
14494,1183,2024-05-02,1184.52,Partial
14495,2888,2024-11-03,1637.39,Minimum
14496,3805,2023-09-27,944.97,Full
14497,4921,2023-01-22,1584.14,Full
14498,2478,2024-12-07,738.42,Full
14499,1,2022-02-27,487.18,Minimum
14500,340,2022-03-11,1359.57,Partial
14501,2510,2022-10-12,854.12,Partial
14502,2882,2024-08-21,1895.23,Partial
14503,726,2024-12-26,1380.4,Full
14504,4124,2022-03-07,1555.87,Partial
14505,2107,2024-02-20,105.24,Full
14506,1384,2023-10-12,901.21,Partial
14507,2280,2023-11-29,1590.48,Minimum
14508,2041,2022-11-12,1943.73,Full
14509,3502,2024-04-07,1759.55,Minimum
14510,1455,2024-11-27,388.21,Full
14511,3802,2022-02-14,1820.24,Full
14512,3521,2023-06-20,1582.7,Minimum
14513,4912,2024-12-29,1550.35,Partial
14514,1639,2023-01-15,1675.05,Partial
14515,1685,2024-11-25,358.08,Partial
14516,1696,2024-12-19,839.86,Minimum
14517,3801,2023-10-26,119.93,Full
14518,4084,2022-11-02,115.1,Partial
14519,1100,2023-07-23,1719.27,Partial
14520,1635,2023-11-21,1499.95,Minimum
14521,4139,2024-07-11,734.84,Partial
14522,2181,2024-01-15,1023.34,Minimum
14523,153,2022-07-07,489.52,Full
14524,1674,2023-01-08,929.17,Partial
14525,4413,2022-05-08,473.98,Partial
14526,4446,2024-08-27,1156.6,Minimum
14527,3562,2024-10-28,1656.46,Full
14528,3975,2023-06-07,1744.66,Minimum
14529,3370,2022-01-28,972.97,Partial
14530,4040,2023-09-20,1777.43,Minimum
14531,1542,2023-09-23,1512.37,Minimum
14532,549,2024-11-10,1825.55,Partial
14533,2686,2024-06-18,1764.35,Minimum
14534,3838,2024-08-08,1013.43,Full
14535,4600,2024-05-06,756.28,Partial
14536,3187,2023-01-31,1645.49,Minimum
14537,3851,2023-07-08,1507.9,Full
14538,1208,2023-09-25,362.6,Minimum
14539,4534,2023-05-08,58.86,Partial
14540,1064,2022-06-20,1268.67,Minimum
14541,2316,2022-11-22,1899.13,Full
14542,2547,2023-10-22,463.69,Full
14543,4890,2023-05-18,1272.73,Minimum
14544,187,2024-02-04,668.89,Minimum
14545,2153,2023-02-03,901.18,Full
14546,1917,2022-11-17,424.32,Minimum
14547,944,2024-11-13,509.0,Partial
14548,251,2023-11-17,731.27,Minimum
14549,2624,2024-08-19,984.39,Partial
14550,2777,2022-09-22,1193.9,Partial
14551,2927,2022-04-24,1497.14,Minimum
14552,2075,2022-10-09,1004.63,Full
14553,1936,2023-01-24,1710.09,Partial
14554,1983,2022-07-05,275.64,Full
14555,2469,2024-12-15,721.81,Full
14556,2064,2023-01-17,1914.4,Partial
14557,320,2022-10-25,368.04,Minimum
14558,390,2023-09-27,297.72,Minimum
14559,57,2023-11-19,1319.94,Minimum
14560,4267,2024-03-01,1497.97,Minimum
14561,4446,2023-07-07,407.52,Partial
14562,1715,2023-12-04,472.22,Minimum
14563,2269,2023-09-20,834.76,Full
14564,2539,2024-12-08,1608.55,Minimum
14565,4845,2023-01-22,818.08,Minimum
14566,417,2022-01-20,1180.88,Minimum
14567,4123,2023-02-22,1084.07,Full
14568,3519,2024-01-21,1639.88,Full
14569,4202,2023-12-03,1831.02,Minimum
14570,1329,2024-03-10,1214.93,Minimum
14571,788,2023-10-14,1699.14,Partial
14572,3101,2022-11-24,610.84,Minimum
14573,4259,2024-05-29,618.0,Full
14574,1472,2023-05-11,1466.89,Minimum
14575,2813,2022-04-09,1976.78,Minimum
14576,4749,2024-05-18,440.48,Full
14577,31,2023-01-04,240.48,Minimum
14578,608,2023-12-26,359.81,Full
14579,2741,2022-10-05,1391.96,Minimum
14580,4661,2023-01-03,1863.65,Full
14581,2588,2024-10-25,681.68,Minimum
14582,1934,2024-04-13,435.64,Partial
14583,456,2022-12-23,353.3,Partial
14584,1605,2024-09-19,278.86,Full
14585,2478,2023-03-23,1446.59,Partial
14586,999,2024-03-21,459.61,Partial
14587,67,2023-01-24,1942.29,Full
14588,2326,2022-12-05,1742.3,Minimum
14589,4512,2024-09-21,1181.98,Minimum
14590,4133,2023-03-01,1459.14,Minimum
14591,3771,2023-09-01,1310.2,Partial
14592,1832,2024-07-05,1976.41,Full
14593,3070,2024-11-14,259.5,Full
14594,1175,2022-01-20,1781.41,Partial
14595,4117,2023-01-25,1343.67,Full
14596,4509,2024-06-13,1118.49,Full
14597,2990,2024-08-09,862.34,Minimum
14598,228,2022-04-21,1982.25,Minimum
14599,1401,2022-01-03,1647.68,Full
14600,4283,2022-05-17,54.84,Full
14601,3294,2022-11-20,98.5,Full
14602,4279,2023-11-27,1522.74,Full
14603,1181,2022-05-13,1082.56,Full
14604,2384,2022-08-28,1142.3,Full
14605,3208,2022-11-12,672.77,Partial
14606,1915,2023-02-16,1853.55,Minimum
14607,4579,2022-07-16,464.46,Full
14608,164,2023-10-30,1366.98,Minimum
14609,718,2022-08-24,144.16,Partial
14610,1413,2022-11-01,572.01,Full
14611,1925,2022-07-10,1827.53,Partial
14612,569,2023-03-06,871.61,Full
14613,2373,2024-05-20,1283.07,Partial
14614,3772,2023-09-23,689.55,Full
14615,2248,2024-05-07,1232.85,Minimum
14616,3199,2023-07-07,101.11,Partial
14617,346,2022-05-19,535.19,Full
14618,236,2024-01-04,1828.25,Minimum
14619,551,2024-08-25,332.97,Full
14620,4927,2023-04-14,380.3,Partial
14621,2397,2023-12-19,992.58,Full
14622,4389,2024-04-01,1612.31,Minimum
14623,2008,2024-01-27,427.39,Partial
14624,3120,2023-04-09,1736.09,Minimum
14625,3833,2023-03-26,207.94,Minimum
14626,3278,2023-01-29,1048.28,Partial
14627,52,2022-10-24,634.64,Full
14628,3368,2022-08-12,347.1,Minimum
14629,2014,2022-04-27,559.34,Full
14630,2421,2024-03-08,1562.64,Minimum
14631,3799,2024-11-21,87.58,Minimum
14632,2865,2023-06-12,1969.91,Full
14633,3886,2023-03-27,1445.05,Partial
14634,1022,2024-06-29,628.15,Full
14635,1958,2024-04-07,772.05,Minimum
14636,4185,2022-02-21,822.43,Minimum
14637,2403,2023-12-29,65.47,Minimum
14638,4241,2022-10-06,166.37,Full
14639,3964,2023-04-03,669.08,Partial
14640,4118,2023-05-06,500.74,Partial
14641,4815,2023-02-21,1535.81,Full
14642,4860,2024-12-03,473.6,Partial
14643,1990,2022-08-30,682.72,Full
14644,508,2023-04-24,1924.66,Full
14645,780,2024-01-10,1698.07,Full
14646,2547,2022-09-02,1654.31,Full
14647,1629,2024-07-11,1659.72,Partial
14648,3847,2024-04-27,1283.89,Full
14649,3746,2024-08-09,1073.11,Minimum
14650,17,2023-08-13,1661.45,Partial
14651,2158,2022-07-05,708.45,Full
14652,1594,2024-10-05,1114.43,Partial
14653,3728,2024-06-28,1742.6,Full
14654,3734,2024-01-15,228.92,Minimum
14655,1619,2024-05-31,78.8,Minimum
14656,1683,2023-02-25,1815.36,Minimum
14657,1514,2022-09-28,1437.66,Full
14658,3388,2024-09-10,1156.64,Partial
14659,1751,2022-07-15,295.5,Partial
14660,2376,2024-08-12,1989.36,Minimum
14661,4644,2022-07-10,649.5,Partial
14662,1108,2024-03-13,144.86,Partial
14663,516,2023-07-02,875.3,Full
14664,2274,2024-11-18,149.13,Full
14665,2983,2024-03-20,1021.69,Partial
14666,3769,2023-12-06,840.63,Minimum
14667,4194,2023-03-22,1440.23,Minimum
14668,845,2022-06-20,972.17,Partial
14669,4858,2023-01-02,1382.58,Minimum
14670,108,2023-10-12,605.26,Full
14671,2727,2023-09-29,350.05,Partial
14672,250,2023-09-26,1336.74,Full
14673,3279,2022-09-23,1600.65,Partial
14674,468,2022-07-17,827.12,Partial
14675,1102,2022-05-07,51.63,Partial
14676,3601,2023-11-24,723.26,Minimum
14677,4863,2023-05-21,131.57,Minimum
14678,663,2024-04-10,1552.95,Partial
14679,1368,2024-04-18,120.72,Minimum
14680,4385,2024-01-30,277.91,Minimum
14681,4797,2023-04-14,998.21,Minimum
14682,2528,2024-01-28,777.45,Minimum
14683,3236,2023-11-08,1644.58,Full
14684,266,2024-05-13,1658.66,Full
14685,192,2024-01-16,516.62,Full
14686,4178,2024-04-22,1658.98,Minimum
14687,1503,2024-08-11,218.09,Full
14688,1599,2022-04-20,1105.55,Full
14689,3354,2023-11-12,522.04,Minimum
14690,251,2023-12-07,1995.84,Partial
14691,887,2022-06-28,1632.0,Partial
14692,1784,2022-03-14,440.03,Full
14693,2786,2024-04-22,590.32,Full
14694,428,2024-01-21,1396.69,Full
14695,436,2023-02-02,1771.72,Partial
14696,2359,2024-02-27,1140.45,Minimum
14697,44,2022-05-22,1253.98,Partial
14698,1623,2023-04-20,333.68,Full
14699,4049,2023-07-09,1907.14,Minimum
14700,4219,2022-01-12,1651.66,Minimum
14701,1692,2022-02-27,638.37,Partial
14702,4040,2024-12-09,172.81,Minimum
14703,225,2023-12-31,433.48,Full
14704,2660,2023-06-09,1390.5,Partial
14705,4759,2022-02-12,1065.84,Full
14706,4772,2023-11-27,228.12,Partial
14707,2018,2024-07-25,965.85,Partial
14708,155,2024-07-16,1246.55,Minimum
14709,2138,2024-03-16,1200.99,Minimum
14710,2244,2024-11-09,1497.83,Minimum
14711,1172,2022-12-24,903.2,Full
14712,2957,2024-10-13,1292.22,Minimum
14713,2022,2023-06-01,908.98,Partial
14714,1498,2024-07-10,1403.07,Partial
14715,3007,2023-09-28,1919.92,Partial
14716,3845,2024-12-26,562.32,Minimum
14717,928,2022-03-27,1571.2,Minimum
14718,1624,2022-03-21,1539.76,Full
14719,806,2024-09-06,1014.23,Minimum
14720,3339,2024-03-16,1042.8,Minimum
14721,2399,2024-08-04,199.99,Full
14722,3551,2023-08-02,891.58,Full
14723,3536,2024-05-19,1893.56,Full
14724,1873,2023-02-19,1516.54,Minimum
14725,3989,2024-04-20,632.7,Partial
14726,1791,2023-03-02,351.71,Full
14727,3169,2024-12-21,389.48,Partial
14728,3615,2024-02-21,280.6,Full
14729,1066,2022-06-02,1855.85,Minimum
14730,1723,2022-04-10,1350.28,Full
14731,1102,2022-07-28,1570.11,Full
14732,3007,2022-12-12,297.0,Full
14733,1366,2022-06-22,1370.73,Minimum
14734,582,2024-04-14,1618.38,Partial
14735,4502,2024-07-13,167.44,Partial
14736,2812,2022-12-19,1300.06,Partial
14737,4640,2022-05-03,1500.99,Full
14738,310,2024-07-01,460.35,Partial
14739,2338,2022-06-27,384.76,Minimum
14740,962,2023-01-16,1012.44,Minimum
14741,4411,2023-06-14,1260.46,Partial
14742,4383,2022-12-04,554.84,Minimum
14743,4410,2022-05-06,1348.88,Full
14744,2377,2023-08-18,1646.63,Minimum
14745,3900,2023-10-05,1967.29,Minimum
14746,2994,2024-02-08,1423.18,Partial
14747,2238,2024-09-07,1707.6,Minimum
14748,2187,2023-11-19,467.87,Full
14749,4169,2022-07-05,437.51,Minimum
14750,3520,2022-07-24,1914.28,Partial
14751,2879,2024-05-09,1443.32,Partial
14752,2981,2024-04-03,248.12,Minimum
14753,2349,2022-01-12,860.27,Minimum
14754,2134,2022-09-27,1130.68,Minimum
14755,4452,2022-09-06,469.15,Full
14756,4870,2024-06-03,678.84,Full
14757,4506,2023-04-13,1065.28,Full
14758,2435,2023-06-07,1236.18,Partial
14759,641,2023-12-25,154.74,Partial
14760,4239,2024-05-19,389.79,Full
14761,3169,2022-12-22,994.57,Partial
14762,4088,2023-03-13,300.4,Minimum
14763,1080,2023-05-14,248.09,Full
14764,2341,2024-04-20,716.89,Minimum
14765,534,2023-12-11,784.65,Partial
14766,4527,2022-01-11,917.0,Minimum
14767,2417,2022-11-29,627.02,Partial
14768,1987,2023-11-18,769.94,Full
14769,963,2022-04-07,867.14,Minimum
14770,361,2022-07-28,1428.53,Full
14771,694,2024-10-12,1429.29,Full
14772,3781,2022-01-26,340.86,Minimum
14773,2969,2024-03-08,593.54,Partial
14774,2296,2024-02-28,922.73,Minimum
14775,2814,2022-02-07,737.1,Minimum
14776,884,2022-06-05,189.05,Minimum
14777,1233,2024-08-30,1735.33,Minimum
14778,894,2022-12-01,1892.58,Partial
14779,2818,2023-12-30,1505.93,Full
14780,4596,2023-06-16,1982.9,Full
14781,3132,2022-07-22,1167.94,Full
14782,1857,2024-08-18,1641.5,Partial
14783,616,2022-08-07,316.69,Minimum
14784,4057,2024-09-14,1164.35,Partial
14785,578,2024-03-27,288.24,Full
14786,2932,2023-10-14,1590.5,Full
14787,3991,2023-02-06,288.03,Partial
14788,4905,2022-11-26,1044.69,Partial
14789,4839,2023-04-07,1644.62,Full
14790,1519,2023-12-18,1621.69,Partial
14791,1893,2024-01-15,776.81,Minimum
14792,4843,2022-04-26,574.53,Partial
14793,4725,2023-03-05,1456.77,Minimum
14794,2816,2022-12-02,511.03,Minimum
14795,1966,2022-07-11,728.4,Minimum
14796,3611,2023-01-29,1167.51,Minimum
14797,151,2023-09-16,89.2,Minimum
14798,764,2023-06-24,785.64,Minimum
14799,3392,2022-03-05,1618.95,Minimum
14800,4657,2024-10-26,423.36,Partial
14801,298,2023-03-17,1455.72,Partial
14802,957,2022-12-03,1553.57,Full
14803,1248,2022-03-12,141.5,Partial
14804,1076,2024-08-07,193.91,Minimum
14805,4709,2024-02-20,1441.58,Partial
14806,4460,2024-09-05,1344.16,Minimum
14807,437,2024-08-22,1805.92,Minimum
14808,3673,2024-11-24,923.82,Minimum
14809,569,2022-06-16,1554.14,Partial
14810,4485,2022-07-15,1548.97,Partial
14811,1783,2024-05-20,1105.52,Minimum
14812,688,2023-05-03,327.66,Partial
14813,3506,2022-09-19,1802.73,Full
14814,4739,2022-06-08,1029.18,Minimum
14815,3992,2024-03-02,141.69,Partial
14816,2801,2023-08-01,714.65,Minimum
14817,3187,2022-05-31,380.99,Full
14818,3292,2023-09-07,1727.42,Minimum
14819,2367,2022-08-07,566.15,Full
14820,404,2022-03-23,1590.14,Partial
14821,3466,2022-08-09,1869.61,Minimum
14822,3851,2024-03-09,1913.24,Minimum
14823,3444,2024-04-09,599.85,Partial
14824,3411,2023-10-07,1337.22,Partial
14825,1052,2023-07-31,1065.15,Full
14826,3061,2022-04-27,1940.59,Minimum
14827,438,2024-05-22,1527.64,Partial
14828,931,2024-01-11,116.06,Full
14829,4564,2023-05-22,1762.0,Partial
14830,1751,2024-02-15,1798.73,Minimum
14831,3087,2023-04-10,520.53,Minimum
14832,700,2024-10-02,1625.35,Partial
14833,1585,2024-07-05,1984.49,Partial
14834,957,2022-05-03,917.88,Partial
14835,2942,2024-01-09,1422.24,Full
14836,510,2024-05-12,1376.97,Full
14837,4810,2024-06-20,512.69,Full
14838,5,2024-04-25,784.64,Partial
14839,618,2024-09-07,405.81,Full
14840,4208,2024-05-17,541.96,Minimum
14841,299,2022-01-31,823.75,Full
14842,2437,2023-06-30,509.92,Full
14843,1382,2022-02-18,1633.24,Full
14844,4438,2024-01-04,316.27,Partial
14845,4306,2023-05-04,988.16,Partial
14846,4029,2023-10-24,1177.46,Partial
14847,1574,2023-02-04,803.83,Full
14848,4947,2023-03-23,1298.6,Partial
14849,414,2022-12-18,1335.72,Minimum
14850,520,2023-09-21,1670.78,Partial
14851,4358,2022-05-23,991.45,Full
14852,3330,2022-02-16,105.44,Minimum
14853,3040,2024-05-07,1864.37,Partial
14854,1109,2023-11-02,245.73,Partial
14855,2741,2023-04-27,317.87,Minimum
14856,370,2023-03-06,1626.63,Minimum
14857,1019,2022-01-24,681.83,Minimum
14858,4429,2024-12-20,136.12,Partial
14859,3033,2022-03-19,192.62,Partial
14860,1858,2024-11-06,1231.56,Minimum
14861,3023,2023-08-25,1368.83,Minimum
14862,1307,2024-07-25,100.19,Partial
14863,4702,2022-07-19,392.62,Full
14864,4502,2022-11-21,1830.22,Minimum
14865,1547,2022-09-26,1929.63,Partial
14866,3487,2023-06-25,1221.45,Partial
14867,2664,2022-10-17,1335.17,Full
14868,442,2023-04-06,1991.66,Minimum
14869,462,2022-01-30,194.29,Minimum
14870,642,2022-01-14,1094.2,Minimum
14871,2317,2022-10-06,1511.19,Full
14872,789,2022-08-02,463.21,Partial
14873,842,2023-04-25,1899.4,Full
14874,2626,2022-01-24,1308.65,Minimum
14875,1020,2022-12-04,440.44,Full
14876,4802,2024-10-22,1768.1,Partial
14877,3122,2022-12-19,209.81,Minimum
14878,3382,2024-04-21,1971.38,Full
14879,4970,2024-04-24,352.33,Minimum
14880,3787,2024-06-07,1455.49,Minimum
14881,4057,2023-11-17,578.54,Partial
14882,4655,2023-10-26,148.14,Full
14883,2607,2022-02-09,919.28,Full
14884,1819,2024-05-19,1919.91,Partial
14885,1656,2022-02-12,525.56,Minimum
14886,2022,2022-07-25,702.31,Full
14887,547,2023-12-08,1971.63,Partial
14888,3968,2022-08-10,1152.8,Full
14889,4692,2022-08-06,1422.16,Full
14890,4974,2023-06-20,336.81,Minimum
14891,2930,2022-11-04,1058.96,Minimum
14892,713,2024-07-28,1435.93,Partial
14893,4046,2024-03-21,160.32,Partial
14894,3612,2022-03-19,1424.51,Partial
14895,4213,2022-11-02,139.54,Minimum
14896,741,2023-04-09,357.79,Partial
14897,4608,2022-09-16,941.42,Partial
14898,3804,2023-03-28,1380.26,Full
14899,46,2023-12-16,589.02,Partial
14900,974,2022-11-24,49.5,Minimum
14901,2141,2023-01-21,1850.96,Full
14902,2544,2024-09-03,577.25,Minimum
14903,4648,2022-11-10,972.59,Minimum
14904,1423,2022-07-13,150.09,Full
14905,889,2022-08-24,1377.08,Partial
14906,4424,2024-01-21,1591.48,Full
14907,2276,2023-08-07,931.36,Partial
14908,4549,2024-04-12,334.66,Minimum
14909,1111,2022-02-26,261.76,Partial
14910,4285,2022-12-06,1893.15,Partial
14911,3516,2022-03-10,1457.43,Full
14912,1900,2022-08-24,790.85,Minimum
14913,3223,2024-12-08,417.18,Partial
14914,322,2022-12-29,1296.36,Full
14915,2144,2023-10-02,1365.25,Partial
14916,1251,2023-01-13,1555.03,Minimum
14917,3627,2023-04-26,1071.59,Partial
14918,1064,2022-11-20,488.36,Minimum
14919,1095,2023-04-22,1860.12,Minimum
14920,3279,2022-06-09,1181.06,Minimum
14921,475,2024-04-02,27.13,Minimum
14922,4796,2024-01-21,793.7,Minimum
14923,4098,2022-03-31,447.25,Partial
14924,4442,2024-05-05,878.21,Full
14925,2505,2024-01-25,1488.13,Full
14926,4271,2023-03-05,626.3,Partial
14927,1237,2024-05-06,179.15,Full
14928,1711,2022-02-21,1505.49,Partial
14929,2165,2023-12-22,1776.01,Minimum
14930,2835,2023-05-20,176.48,Partial
14931,4742,2022-03-12,1717.07,Minimum
14932,263,2022-08-26,1858.8,Partial
14933,800,2022-09-15,1652.27,Partial
14934,3401,2024-05-02,90.75,Partial
14935,4008,2024-01-01,592.97,Partial
14936,3171,2024-05-04,564.49,Minimum
14937,3515,2024-04-02,849.73,Full
14938,1874,2024-11-26,420.09,Partial
14939,3013,2022-02-16,1854.71,Full
14940,550,2024-07-14,416.56,Full
14941,4918,2022-08-04,783.66,Full
14942,1519,2022-07-02,1089.73,Partial
14943,1642,2022-04-23,492.54,Minimum
14944,4928,2024-06-11,797.0,Minimum
14945,637,2024-09-05,1548.3,Full
14946,3704,2023-04-04,543.1,Full
14947,3271,2022-09-02,1387.82,Full
14948,1278,2024-04-19,1488.45,Partial
14949,4883,2023-07-25,118.39,Full
14950,4163,2023-03-19,940.99,Partial
14951,3244,2022-10-01,123.62,Full
14952,964,2023-06-28,1964.16,Full
14953,673,2023-09-07,364.34,Full
14954,2923,2024-03-21,1488.34,Partial
14955,2148,2024-10-19,1464.69,Minimum
14956,479,2023-06-10,752.63,Partial
14957,4048,2022-06-21,1435.75,Minimum
14958,3675,2022-11-26,659.42,Minimum
14959,3320,2023-08-20,231.48,Minimum
14960,753,2022-02-09,1883.99,Minimum
14961,1487,2024-10-16,1269.61,Minimum
14962,722,2023-08-16,248.37,Full
14963,2039,2023-12-20,424.79,Minimum
14964,2069,2022-01-24,275.1,Partial
14965,2607,2023-03-29,113.0,Full
14966,387,2022-11-15,1605.71,Partial
14967,3695,2022-11-28,105.63,Minimum
14968,2825,2022-03-09,1419.32,Minimum
14969,4340,2022-07-06,1522.37,Full
14970,4956,2024-04-02,434.91,Minimum
14971,4866,2023-05-19,1454.89,Full
14972,4706,2023-12-15,1356.14,Partial
14973,2077,2022-12-25,1779.43,Minimum
14974,3722,2023-05-19,313.67,Minimum
14975,4864,2024-01-19,1485.75,Minimum
14976,985,2024-05-28,660.32,Full
14977,3168,2024-04-06,54.49,Minimum
14978,4547,2022-05-24,683.89,Minimum
14979,641,2022-12-19,738.73,Minimum
14980,3190,2023-10-13,1121.47,Minimum
14981,4048,2022-08-14,1777.45,Minimum
14982,1429,2022-03-05,1157.16,Full
14983,1735,2023-09-22,186.24,Full
14984,321,2022-07-06,1329.59,Minimum
14985,1423,2022-12-09,795.11,Partial
14986,536,2024-08-27,661.97,Minimum
14987,3577,2024-03-16,443.45,Partial
14988,528,2022-03-11,1205.58,Partial
14989,4119,2023-11-22,755.03,Full
14990,2589,2024-02-12,1984.95,Minimum
14991,4079,2022-07-01,1479.79,Full
14992,4671,2024-10-07,242.78,Minimum
14993,1417,2022-06-30,443.44,Minimum
14994,3877,2023-09-24,658.23,Full
14995,2041,2023-02-08,1739.43,Minimum
14996,214,2022-06-23,68.54,Partial
14997,921,2022-03-15,1903.12,Minimum
14998,891,2023-06-03,581.02,Full
14999,2464,2024-12-25,1406.83,Partial
15000,953,2024-11-15,559.58,Partial
